"id","item","resp","cov_ideology","cov_party_id","cov_age_band","cov_gender"
391,IMM_6,4,,4,30-39,Female
391,IMM_7,0,,4,30-39,Female
391,IMM_10,4,,4,30-39,Female
391,IMM_3,4,,4,30-39,Female
391,IMM_5,4,,4,30-39,Female
391,IMM_1,4,,4,30-39,Female
391,IMM_4,4,,4,30-39,Female
391,IMM_9,4,,4,30-39,Female
391,IMM_8,4,,4,30-39,Female
391,IMM_2,4,,4,30-39,Female
655,IMM_1,4,,4,40-49,Male
655,IMM_4,0,,4,40-49,Male
655,IMM_8,0,,4,40-49,Male
655,IMM_10,0,,4,40-49,Male
655,IMM_6,0,,4,40-49,Male
655,IMM_2,0,,4,40-49,Male
655,IMM_7,3,,4,40-49,Male
655,IMM_3,4,,4,40-49,Male
655,IMM_5,3,,4,40-49,Male
655,IMM_9,0,,4,40-49,Male
1018,IMM_2,1,,3,18-29,Female
1018,IMM_5,1,,3,18-29,Female
1018,IMM_4,1,,3,18-29,Female
1018,IMM_6,3,,3,18-29,Female
1018,IMM_8,3,,3,18-29,Female
1018,IMM_3,2,,3,18-29,Female
1018,IMM_1,1,,3,18-29,Female
1018,IMM_10,1,,3,18-29,Female
1018,IMM_9,2,,3,18-29,Female
1018,IMM_7,1,,3,18-29,Female
1075,IMM_9,1,,3,30-39,Female
1075,IMM_8,3,,3,30-39,Female
1075,IMM_5,2,,3,30-39,Female
1075,IMM_1,3,,3,30-39,Female
1075,IMM_2,3,,3,30-39,Female
1075,IMM_7,4,,3,30-39,Female
1075,IMM_4,2,,3,30-39,Female
1075,IMM_10,3,,3,30-39,Female
1075,IMM_3,2,,3,30-39,Female
1075,IMM_6,4,,3,30-39,Female
2401,IMM_4,2,,4,18-29,Male
2401,IMM_5,2,,4,18-29,Male
2401,IMM_3,4,,4,18-29,Male
2401,IMM_6,2,,4,18-29,Male
2401,IMM_8,3,,4,18-29,Male
2401,IMM_9,2,,4,18-29,Male
2401,IMM_10,2,,4,18-29,Male
2401,IMM_7,0,,4,18-29,Male
2401,IMM_2,0,,4,18-29,Male
2401,IMM_1,4,,4,18-29,Male
8,IMM_3,4,1,1,60-69,Female
8,IMM_4,0,1,1,60-69,Female
8,IMM_10,4,1,1,60-69,Female
8,IMM_1,0,1,1,60-69,Female
8,IMM_5,0,1,1,60-69,Female
8,IMM_9,4,1,1,60-69,Female
8,IMM_7,0,1,1,60-69,Female
8,IMM_6,3,1,1,60-69,Female
8,IMM_8,3,1,1,60-69,Female
8,IMM_2,0,1,1,60-69,Female
29,IMM_5,0,1,1,30-39,Female
29,IMM_8,4,1,1,30-39,Female
29,IMM_2,3,1,1,30-39,Female
29,IMM_9,3,1,1,30-39,Female
29,IMM_7,0,1,1,30-39,Female
29,IMM_6,3,1,1,30-39,Female
29,IMM_10,3,1,1,30-39,Female
29,IMM_4,0,1,1,30-39,Female
29,IMM_3,4,1,1,30-39,Female
29,IMM_1,0,1,1,30-39,Female
35,IMM_3,4,1,1,60-69,Female
35,IMM_8,4,1,1,60-69,Female
35,IMM_5,0,1,1,60-69,Female
35,IMM_10,4,1,1,60-69,Female
35,IMM_4,0,1,1,60-69,Female
35,IMM_1,0,1,1,60-69,Female
35,IMM_9,4,1,1,60-69,Female
35,IMM_2,4,1,1,60-69,Female
35,IMM_6,4,1,1,60-69,Female
35,IMM_7,1,1,1,60-69,Female
37,IMM_7,4,1,7,30-39,Female
37,IMM_10,3,1,7,30-39,Female
37,IMM_1,4,1,7,30-39,Female
37,IMM_5,4,1,7,30-39,Female
37,IMM_8,4,1,7,30-39,Female
37,IMM_6,4,1,7,30-39,Female
37,IMM_3,0,1,7,30-39,Female
37,IMM_4,4,1,7,30-39,Female
37,IMM_2,4,1,7,30-39,Female
37,IMM_9,4,1,7,30-39,Female
39,IMM_10,3,1,3,50-59,Female
39,IMM_8,4,1,3,50-59,Female
39,IMM_9,4,1,3,50-59,Female
39,IMM_3,4,1,3,50-59,Female
39,IMM_2,4,1,3,50-59,Female
39,IMM_1,0,1,3,50-59,Female
39,IMM_7,0,1,3,50-59,Female
39,IMM_6,4,1,3,50-59,Female
39,IMM_5,0,1,3,50-59,Female
39,IMM_4,0,1,3,50-59,Female
42,IMM_7,0,1,1,70-79,Male
42,IMM_4,0,1,1,70-79,Male
42,IMM_2,4,1,1,70-79,Male
42,IMM_10,4,1,1,70-79,Male
42,IMM_3,4,1,1,70-79,Male
42,IMM_6,2,1,1,70-79,Male
42,IMM_9,3,1,1,70-79,Male
42,IMM_5,0,1,1,70-79,Male
42,IMM_8,3,1,1,70-79,Male
42,IMM_1,0,1,1,70-79,Male
44,IMM_2,3,1,1,50-59,Female
44,IMM_5,0,1,1,50-59,Female
44,IMM_10,4,1,1,50-59,Female
44,IMM_1,1,1,1,50-59,Female
44,IMM_3,3,1,1,50-59,Female
44,IMM_7,1,1,1,50-59,Female
44,IMM_6,4,1,1,50-59,Female
44,IMM_4,0,1,1,50-59,Female
44,IMM_8,4,1,1,50-59,Female
44,IMM_9,4,1,1,50-59,Female
46,IMM_7,0,1,1,50-59,Male
46,IMM_4,0,1,1,50-59,Male
46,IMM_5,0,1,1,50-59,Male
46,IMM_6,4,1,1,50-59,Male
46,IMM_10,4,1,1,50-59,Male
46,IMM_9,3,1,1,50-59,Male
46,IMM_2,1,1,1,50-59,Male
46,IMM_8,2,1,1,50-59,Male
46,IMM_3,4,1,1,50-59,Male
46,IMM_1,0,1,1,50-59,Male
53,IMM_10,4,1,1,50-59,Female
53,IMM_2,3,1,1,50-59,Female
53,IMM_9,4,1,1,50-59,Female
53,IMM_3,4,1,1,50-59,Female
53,IMM_6,3,1,1,50-59,Female
53,IMM_5,0,1,1,50-59,Female
53,IMM_7,0,1,1,50-59,Female
53,IMM_8,1,1,1,50-59,Female
53,IMM_4,4,1,1,50-59,Female
53,IMM_1,0,1,1,50-59,Female
79,IMM_8,3,1,1,40-49,Male
79,IMM_9,3,1,1,40-49,Male
79,IMM_5,1,1,1,40-49,Male
79,IMM_10,3,1,1,40-49,Male
79,IMM_1,0,1,1,40-49,Male
79,IMM_4,3,1,1,40-49,Male
79,IMM_3,4,1,1,40-49,Male
79,IMM_6,4,1,1,40-49,Male
79,IMM_2,3,1,1,40-49,Male
79,IMM_7,0,1,1,40-49,Male
86,IMM_8,3,1,1,60-69,Male
86,IMM_6,4,1,1,60-69,Male
86,IMM_3,4,1,1,60-69,Male
86,IMM_7,1,1,1,60-69,Male
86,IMM_9,3,1,1,60-69,Male
86,IMM_5,4,1,1,60-69,Male
86,IMM_4,1,1,1,60-69,Male
86,IMM_2,3,1,1,60-69,Male
86,IMM_1,2,1,1,60-69,Male
86,IMM_10,3,1,1,60-69,Male
105,IMM_1,2,1,1,50-59,Male
105,IMM_5,4,1,1,50-59,Male
105,IMM_2,2,1,1,50-59,Male
105,IMM_10,2,1,1,50-59,Male
105,IMM_3,3,1,1,50-59,Male
105,IMM_6,2,1,1,50-59,Male
105,IMM_8,4,1,1,50-59,Male
105,IMM_7,2,1,1,50-59,Male
105,IMM_9,3,1,1,50-59,Male
105,IMM_4,1,1,1,50-59,Male
108,IMM_9,4,1,5,60-69,Female
108,IMM_1,0,1,5,60-69,Female
108,IMM_3,2,1,5,60-69,Female
108,IMM_8,4,1,5,60-69,Female
108,IMM_5,0,1,5,60-69,Female
108,IMM_7,0,1,5,60-69,Female
108,IMM_2,4,1,5,60-69,Female
108,IMM_10,0,1,5,60-69,Female
108,IMM_4,2,1,5,60-69,Female
108,IMM_6,2,1,5,60-69,Female
131,IMM_4,1,1,1,70-79,Female
131,IMM_1,1,1,1,70-79,Female
131,IMM_2,3,1,1,70-79,Female
131,IMM_10,2,1,1,70-79,Female
131,IMM_6,2,1,1,70-79,Female
131,IMM_9,3,1,1,70-79,Female
131,IMM_3,4,1,1,70-79,Female
131,IMM_7,0,1,1,70-79,Female
131,IMM_8,3,1,1,70-79,Female
131,IMM_5,0,1,1,70-79,Female
149,IMM_7,3,1,1,30-39,Male
149,IMM_1,4,1,1,30-39,Male
149,IMM_2,4,1,1,30-39,Male
149,IMM_6,4,1,1,30-39,Male
149,IMM_10,4,1,1,30-39,Male
149,IMM_9,1,1,1,30-39,Male
149,IMM_4,3,1,1,30-39,Male
149,IMM_5,4,1,1,30-39,Male
149,IMM_8,4,1,1,30-39,Male
149,IMM_3,3,1,1,30-39,Male
154,IMM_4,0,1,2,18-29,Female
154,IMM_7,0,1,2,18-29,Female
154,IMM_8,2,1,2,18-29,Female
154,IMM_6,2,1,2,18-29,Female
154,IMM_1,0,1,2,18-29,Female
154,IMM_3,4,1,2,18-29,Female
154,IMM_9,4,1,2,18-29,Female
154,IMM_10,4,1,2,18-29,Female
154,IMM_5,0,1,2,18-29,Female
154,IMM_2,0,1,2,18-29,Female
158,IMM_10,3,1,1,40-49,Male
158,IMM_5,4,1,1,40-49,Male
158,IMM_4,3,1,1,40-49,Male
158,IMM_8,4,1,1,40-49,Male
158,IMM_3,0,1,1,40-49,Male
158,IMM_2,4,1,1,40-49,Male
158,IMM_1,4,1,1,40-49,Male
158,IMM_6,4,1,1,40-49,Male
158,IMM_7,4,1,1,40-49,Male
158,IMM_9,4,1,1,40-49,Male
164,IMM_6,4,1,3,18-29,Female
164,IMM_8,4,1,3,18-29,Female
164,IMM_10,3,1,3,18-29,Female
164,IMM_4,3,1,3,18-29,Female
164,IMM_3,4,1,3,18-29,Female
164,IMM_1,0,1,3,18-29,Female
164,IMM_9,4,1,3,18-29,Female
164,IMM_7,0,1,3,18-29,Female
164,IMM_2,1,1,3,18-29,Female
164,IMM_5,0,1,3,18-29,Female
165,IMM_1,3,1,1,60-69,Female
165,IMM_3,4,1,1,60-69,Female
165,IMM_10,3,1,1,60-69,Female
165,IMM_6,3,1,1,60-69,Female
165,IMM_5,0,1,1,60-69,Female
165,IMM_9,4,1,1,60-69,Female
165,IMM_7,2,1,1,60-69,Female
165,IMM_2,4,1,1,60-69,Female
165,IMM_4,1,1,1,60-69,Female
165,IMM_8,4,1,1,60-69,Female
167,IMM_4,1,1,1,60-69,Female
167,IMM_8,2,1,1,60-69,Female
167,IMM_5,2,1,1,60-69,Female
167,IMM_10,3,1,1,60-69,Female
167,IMM_7,3,1,1,60-69,Female
167,IMM_2,3,1,1,60-69,Female
167,IMM_6,1,1,1,60-69,Female
167,IMM_3,1,1,1,60-69,Female
167,IMM_9,3,1,1,60-69,Female
167,IMM_1,1,1,1,60-69,Female
184,IMM_9,4,1,1,40-49,Male
184,IMM_4,0,1,1,40-49,Male
184,IMM_5,4,1,1,40-49,Male
184,IMM_10,4,1,1,40-49,Male
184,IMM_2,4,1,1,40-49,Male
184,IMM_3,4,1,1,40-49,Male
184,IMM_7,4,1,1,40-49,Male
184,IMM_8,4,1,1,40-49,Male
184,IMM_6,4,1,1,40-49,Male
184,IMM_1,4,1,1,40-49,Male
189,IMM_4,0,1,1,50-59,Female
189,IMM_7,0,1,1,50-59,Female
189,IMM_9,2,1,1,50-59,Female
189,IMM_2,1,1,1,50-59,Female
189,IMM_1,0,1,1,50-59,Female
189,IMM_6,1,1,1,50-59,Female
189,IMM_8,4,1,1,50-59,Female
189,IMM_5,0,1,1,50-59,Female
189,IMM_10,3,1,1,50-59,Female
189,IMM_3,4,1,1,50-59,Female
205,IMM_6,3,1,1,30-39,Female
205,IMM_7,0,1,1,30-39,Female
205,IMM_5,0,1,1,30-39,Female
205,IMM_8,3,1,1,30-39,Female
205,IMM_2,2,1,1,30-39,Female
205,IMM_4,2,1,1,30-39,Female
205,IMM_10,2,1,1,30-39,Female
205,IMM_9,2,1,1,30-39,Female
205,IMM_1,0,1,1,30-39,Female
205,IMM_3,4,1,1,30-39,Female
209,IMM_9,4,1,3,30-39,Female
209,IMM_5,0,1,3,30-39,Female
209,IMM_8,3,1,3,30-39,Female
209,IMM_10,4,1,3,30-39,Female
209,IMM_1,1,1,3,30-39,Female
209,IMM_3,4,1,3,30-39,Female
209,IMM_2,3,1,3,30-39,Female
209,IMM_7,0,1,3,30-39,Female
209,IMM_4,1,1,3,30-39,Female
209,IMM_6,3,1,3,30-39,Female
210,IMM_4,2,1,2,18-29,Female
210,IMM_1,0,1,2,18-29,Female
210,IMM_9,4,1,2,18-29,Female
210,IMM_3,4,1,2,18-29,Female
210,IMM_10,2,1,2,18-29,Female
210,IMM_6,2,1,2,18-29,Female
210,IMM_8,1,1,2,18-29,Female
210,IMM_5,0,1,2,18-29,Female
210,IMM_2,2,1,2,18-29,Female
210,IMM_7,0,1,2,18-29,Female
222,IMM_6,3,1,1,60-69,Female
222,IMM_2,3,1,1,60-69,Female
222,IMM_8,3,1,1,60-69,Female
222,IMM_10,4,1,1,60-69,Female
222,IMM_5,0,1,1,60-69,Female
222,IMM_7,0,1,1,60-69,Female
222,IMM_4,0,1,1,60-69,Female
222,IMM_9,4,1,1,60-69,Female
222,IMM_3,4,1,1,60-69,Female
222,IMM_1,0,1,1,60-69,Female
232,IMM_7,0,1,1,50-59,Female
232,IMM_10,4,1,1,50-59,Female
232,IMM_8,4,1,1,50-59,Female
232,IMM_6,4,1,1,50-59,Female
232,IMM_4,3,1,1,50-59,Female
232,IMM_3,4,1,1,50-59,Female
232,IMM_5,0,1,1,50-59,Female
232,IMM_9,4,1,1,50-59,Female
232,IMM_1,0,1,1,50-59,Female
232,IMM_2,3,1,1,50-59,Female
237,IMM_2,0,1,1,18-29,Female
237,IMM_6,1,1,1,18-29,Female
237,IMM_4,1,1,1,18-29,Female
237,IMM_7,0,1,1,18-29,Female
237,IMM_1,0,1,1,18-29,Female
237,IMM_3,4,1,1,18-29,Female
237,IMM_10,3,1,1,18-29,Female
237,IMM_5,0,1,1,18-29,Female
237,IMM_8,4,1,1,18-29,Female
237,IMM_9,4,1,1,18-29,Female
254,IMM_5,0,1,1,18-29,Female
254,IMM_6,4,1,1,18-29,Female
254,IMM_1,0,1,1,18-29,Female
254,IMM_8,1,1,1,18-29,Female
254,IMM_4,0,1,1,18-29,Female
254,IMM_10,4,1,1,18-29,Female
254,IMM_9,4,1,1,18-29,Female
254,IMM_7,0,1,1,18-29,Female
254,IMM_3,4,1,1,18-29,Female
254,IMM_2,0,1,1,18-29,Female
256,IMM_8,4,1,1,18-29,Female
256,IMM_4,0,1,1,18-29,Female
256,IMM_6,2,1,1,18-29,Female
256,IMM_10,4,1,1,18-29,Female
256,IMM_5,0,1,1,18-29,Female
256,IMM_3,4,1,1,18-29,Female
256,IMM_1,0,1,1,18-29,Female
256,IMM_7,0,1,1,18-29,Female
256,IMM_9,4,1,1,18-29,Female
256,IMM_2,3,1,1,18-29,Female
267,IMM_5,0,1,1,70-79,Female
267,IMM_6,4,1,1,70-79,Female
267,IMM_9,2,1,1,70-79,Female
267,IMM_4,2,1,1,70-79,Female
267,IMM_10,2,1,1,70-79,Female
267,IMM_1,1,1,1,70-79,Female
267,IMM_3,4,1,1,70-79,Female
267,IMM_7,1,1,1,70-79,Female
267,IMM_8,3,1,1,70-79,Female
267,IMM_2,3,1,1,70-79,Female
277,IMM_2,2,1,1,18-29,Male
277,IMM_9,0,1,1,18-29,Male
277,IMM_4,1,1,1,18-29,Male
277,IMM_10,3,1,1,18-29,Male
277,IMM_5,0,1,1,18-29,Male
277,IMM_1,0,1,1,18-29,Male
277,IMM_3,4,1,1,18-29,Male
277,IMM_6,2,1,1,18-29,Male
277,IMM_7,0,1,1,18-29,Male
277,IMM_8,4,1,1,18-29,Male
279,IMM_2,3,1,1,40-49,Male
279,IMM_7,0,1,1,40-49,Male
279,IMM_8,4,1,1,40-49,Male
279,IMM_10,3,1,1,40-49,Male
279,IMM_4,1,1,1,40-49,Male
279,IMM_3,4,1,1,40-49,Male
279,IMM_6,3,1,1,40-49,Male
279,IMM_5,0,1,1,40-49,Male
279,IMM_9,2,1,1,40-49,Male
279,IMM_1,1,1,1,40-49,Male
294,IMM_6,4,1,1,18-29,Female
294,IMM_9,3,1,1,18-29,Female
294,IMM_7,1,1,1,18-29,Female
294,IMM_8,2,1,1,18-29,Female
294,IMM_4,2,1,1,18-29,Female
294,IMM_5,0,1,1,18-29,Female
294,IMM_3,4,1,1,18-29,Female
294,IMM_10,3,1,1,18-29,Female
294,IMM_1,0,1,1,18-29,Female
294,IMM_2,2,1,1,18-29,Female
303,IMM_8,3,1,7,30-39,Male
303,IMM_10,3,1,7,30-39,Male
303,IMM_3,1,1,7,30-39,Male
303,IMM_4,3,1,7,30-39,Male
303,IMM_6,2,1,7,30-39,Male
303,IMM_2,3,1,7,30-39,Male
303,IMM_9,3,1,7,30-39,Male
303,IMM_5,3,1,7,30-39,Male
303,IMM_1,3,1,7,30-39,Male
303,IMM_7,3,1,7,30-39,Male
308,IMM_2,0,1,1,60-69,Female
308,IMM_10,4,1,1,60-69,Female
308,IMM_1,0,1,1,60-69,Female
308,IMM_4,4,1,1,60-69,Female
308,IMM_8,4,1,1,60-69,Female
308,IMM_6,4,1,1,60-69,Female
308,IMM_7,0,1,1,60-69,Female
308,IMM_9,4,1,1,60-69,Female
308,IMM_3,4,1,1,60-69,Female
308,IMM_5,0,1,1,60-69,Female
310,IMM_2,3,1,1,50-59,Female
310,IMM_10,2,1,1,50-59,Female
310,IMM_1,3,1,1,50-59,Female
310,IMM_9,2,1,1,50-59,Female
310,IMM_8,4,1,1,50-59,Female
310,IMM_7,2,1,1,50-59,Female
310,IMM_5,3,1,1,50-59,Female
310,IMM_3,4,1,1,50-59,Female
310,IMM_4,1,1,1,50-59,Female
310,IMM_6,2,1,1,50-59,Female
317,IMM_6,3,1,1,60-69,Female
317,IMM_4,0,1,1,60-69,Female
317,IMM_9,4,1,1,60-69,Female
317,IMM_8,4,1,1,60-69,Female
317,IMM_2,2,1,1,60-69,Female
317,IMM_7,0,1,1,60-69,Female
317,IMM_1,0,1,1,60-69,Female
317,IMM_5,0,1,1,60-69,Female
317,IMM_10,4,1,1,60-69,Female
317,IMM_3,4,1,1,60-69,Female
324,IMM_2,4,1,7,30-39,Male
324,IMM_4,3,1,7,30-39,Male
324,IMM_5,3,1,7,30-39,Male
324,IMM_1,3,1,7,30-39,Male
324,IMM_10,4,1,7,30-39,Male
324,IMM_6,1,1,7,30-39,Male
324,IMM_9,3,1,7,30-39,Male
324,IMM_3,1,1,7,30-39,Male
324,IMM_7,1,1,7,30-39,Male
324,IMM_8,3,1,7,30-39,Male
335,IMM_8,4,1,1,60-69,Female
335,IMM_3,4,1,1,60-69,Female
335,IMM_10,3,1,1,60-69,Female
335,IMM_4,1,1,1,60-69,Female
335,IMM_6,3,1,1,60-69,Female
335,IMM_5,0,1,1,60-69,Female
335,IMM_2,2,1,1,60-69,Female
335,IMM_9,3,1,1,60-69,Female
335,IMM_1,0,1,1,60-69,Female
335,IMM_7,0,1,1,60-69,Female
339,IMM_4,0,1,7,60-69,Female
339,IMM_10,2,1,7,60-69,Female
339,IMM_8,0,1,7,60-69,Female
339,IMM_5,1,1,7,60-69,Female
339,IMM_2,1,1,7,60-69,Female
339,IMM_9,1,1,7,60-69,Female
339,IMM_3,0,1,7,60-69,Female
339,IMM_7,3,1,7,60-69,Female
339,IMM_1,4,1,7,60-69,Female
339,IMM_6,0,1,7,60-69,Female
342,IMM_9,3,1,1,70-79,Female
342,IMM_2,4,1,1,70-79,Female
342,IMM_3,4,1,1,70-79,Female
342,IMM_1,0,1,1,70-79,Female
342,IMM_6,2,1,1,70-79,Female
342,IMM_7,0,1,1,70-79,Female
342,IMM_4,0,1,1,70-79,Female
342,IMM_8,3,1,1,70-79,Female
342,IMM_5,0,1,1,70-79,Female
342,IMM_10,4,1,1,70-79,Female
351,IMM_4,2,1,3,18-29,Female
351,IMM_10,4,1,3,18-29,Female
351,IMM_2,4,1,3,18-29,Female
351,IMM_1,3,1,3,18-29,Female
351,IMM_5,2,1,3,18-29,Female
351,IMM_3,3,1,3,18-29,Female
351,IMM_7,2,1,3,18-29,Female
351,IMM_8,4,1,3,18-29,Female
351,IMM_9,0,1,3,18-29,Female
351,IMM_6,3,1,3,18-29,Female
353,IMM_10,4,1,1,30-39,Female
353,IMM_5,0,1,1,30-39,Female
353,IMM_1,0,1,1,30-39,Female
353,IMM_3,4,1,1,30-39,Female
353,IMM_4,0,1,1,30-39,Female
353,IMM_2,1,1,1,30-39,Female
353,IMM_6,3,1,1,30-39,Female
353,IMM_8,3,1,1,30-39,Female
353,IMM_7,0,1,1,30-39,Female
353,IMM_9,4,1,1,30-39,Female
383,IMM_8,3,1,1,60-69,Female
383,IMM_1,0,1,1,60-69,Female
383,IMM_3,4,1,1,60-69,Female
383,IMM_6,3,1,1,60-69,Female
383,IMM_2,0,1,1,60-69,Female
383,IMM_5,0,1,1,60-69,Female
383,IMM_7,0,1,1,60-69,Female
383,IMM_9,4,1,1,60-69,Female
383,IMM_4,4,1,1,60-69,Female
383,IMM_10,4,1,1,60-69,Female
393,IMM_10,3,1,1,18-29,Female
393,IMM_8,4,1,1,18-29,Female
393,IMM_9,3,1,1,18-29,Female
393,IMM_4,3,1,1,18-29,Female
393,IMM_6,3,1,1,18-29,Female
393,IMM_7,0,1,1,18-29,Female
393,IMM_1,0,1,1,18-29,Female
393,IMM_3,4,1,1,18-29,Female
393,IMM_2,1,1,1,18-29,Female
393,IMM_5,3,1,1,18-29,Female
410,IMM_5,0,1,1,70-79,Female
410,IMM_4,0,1,1,70-79,Female
410,IMM_8,3,1,1,70-79,Female
410,IMM_10,3,1,1,70-79,Female
410,IMM_2,3,1,1,70-79,Female
410,IMM_9,1,1,1,70-79,Female
410,IMM_7,1,1,1,70-79,Female
410,IMM_3,4,1,1,70-79,Female
410,IMM_6,3,1,1,70-79,Female
410,IMM_1,0,1,1,70-79,Female
424,IMM_9,3,1,1,50-59,Female
424,IMM_3,4,1,1,50-59,Female
424,IMM_7,0,1,1,50-59,Female
424,IMM_4,2,1,1,50-59,Female
424,IMM_2,3,1,1,50-59,Female
424,IMM_1,0,1,1,50-59,Female
424,IMM_5,1,1,1,50-59,Female
424,IMM_8,3,1,1,50-59,Female
424,IMM_10,3,1,1,50-59,Female
424,IMM_6,3,1,1,50-59,Female
428,IMM_2,3,1,1,18-29,Male
428,IMM_10,1,1,1,18-29,Male
428,IMM_3,3,1,1,18-29,Male
428,IMM_4,3,1,1,18-29,Male
428,IMM_7,2,1,1,18-29,Male
428,IMM_5,0,1,1,18-29,Male
428,IMM_9,3,1,1,18-29,Male
428,IMM_1,2,1,1,18-29,Male
428,IMM_8,3,1,1,18-29,Male
428,IMM_6,2,1,1,18-29,Male
429,IMM_9,3,1,1,18-29,Male
429,IMM_8,4,1,1,18-29,Male
429,IMM_4,3,1,1,18-29,Male
429,IMM_5,0,1,1,18-29,Male
429,IMM_1,0,1,1,18-29,Male
429,IMM_6,3,1,1,18-29,Male
429,IMM_2,1,1,1,18-29,Male
429,IMM_3,4,1,1,18-29,Male
429,IMM_10,4,1,1,18-29,Male
429,IMM_7,0,1,1,18-29,Male
430,IMM_10,4,1,7,30-39,Male
430,IMM_1,3,1,7,30-39,Male
430,IMM_9,3,1,7,30-39,Male
430,IMM_2,4,1,7,30-39,Male
430,IMM_3,0,1,7,30-39,Male
430,IMM_8,2,1,7,30-39,Male
430,IMM_5,4,1,7,30-39,Male
430,IMM_4,3,1,7,30-39,Male
430,IMM_6,4,1,7,30-39,Male
430,IMM_7,3,1,7,30-39,Male
442,IMM_8,4,1,3,50-59,Male
442,IMM_2,2,1,3,50-59,Male
442,IMM_6,3,1,3,50-59,Male
442,IMM_7,2,1,3,50-59,Male
442,IMM_4,2,1,3,50-59,Male
442,IMM_3,1,1,3,50-59,Male
442,IMM_9,2,1,3,50-59,Male
442,IMM_10,0,1,3,50-59,Male
442,IMM_1,3,1,3,50-59,Male
442,IMM_5,0,1,3,50-59,Male
453,IMM_9,1,1,1,50-59,Male
453,IMM_4,1,1,1,50-59,Male
453,IMM_6,3,1,1,50-59,Male
453,IMM_3,4,1,1,50-59,Male
453,IMM_10,4,1,1,50-59,Male
453,IMM_7,1,1,1,50-59,Male
453,IMM_8,4,1,1,50-59,Male
453,IMM_1,0,1,1,50-59,Male
453,IMM_2,2,1,1,50-59,Male
453,IMM_5,0,1,1,50-59,Male
466,IMM_8,0,1,1,18-29,Male
466,IMM_2,2,1,1,18-29,Male
466,IMM_1,3,1,1,18-29,Male
466,IMM_9,2,1,1,18-29,Male
466,IMM_7,2,1,1,18-29,Male
466,IMM_6,2,1,1,18-29,Male
466,IMM_5,2,1,1,18-29,Male
466,IMM_10,3,1,1,18-29,Male
466,IMM_3,4,1,1,18-29,Male
466,IMM_4,4,1,1,18-29,Male
469,IMM_5,3,1,2,40-49,Male
469,IMM_1,2,1,2,40-49,Male
469,IMM_10,2,1,2,40-49,Male
469,IMM_2,0,1,2,40-49,Male
469,IMM_3,4,1,2,40-49,Male
469,IMM_8,3,1,2,40-49,Male
469,IMM_6,4,1,2,40-49,Male
469,IMM_9,3,1,2,40-49,Male
469,IMM_7,2,1,2,40-49,Male
469,IMM_4,3,1,2,40-49,Male
491,IMM_8,0,1,7,50-59,Male
491,IMM_5,4,1,7,50-59,Male
491,IMM_9,0,1,7,50-59,Male
491,IMM_6,3,1,7,50-59,Male
491,IMM_2,3,1,7,50-59,Male
491,IMM_3,0,1,7,50-59,Male
491,IMM_4,1,1,7,50-59,Male
491,IMM_1,3,1,7,50-59,Male
491,IMM_7,2,1,7,50-59,Male
491,IMM_10,0,1,7,50-59,Male
502,IMM_6,2,1,2,30-39,Female
502,IMM_4,1,1,2,30-39,Female
502,IMM_9,1,1,2,30-39,Female
502,IMM_8,3,1,2,30-39,Female
502,IMM_10,2,1,2,30-39,Female
502,IMM_3,2,1,2,30-39,Female
502,IMM_5,1,1,2,30-39,Female
502,IMM_1,1,1,2,30-39,Female
502,IMM_7,1,1,2,30-39,Female
502,IMM_2,2,1,2,30-39,Female
511,IMM_4,0,1,1,50-59,Female
511,IMM_3,4,1,1,50-59,Female
511,IMM_10,1,1,1,50-59,Female
511,IMM_9,3,1,1,50-59,Female
511,IMM_8,3,1,1,50-59,Female
511,IMM_6,3,1,1,50-59,Female
511,IMM_5,0,1,1,50-59,Female
511,IMM_7,1,1,1,50-59,Female
511,IMM_2,1,1,1,50-59,Female
511,IMM_1,0,1,1,50-59,Female
512,IMM_1,0,1,1,70-79,Female
512,IMM_9,4,1,1,70-79,Female
512,IMM_8,3,1,1,70-79,Female
512,IMM_2,0,1,1,70-79,Female
512,IMM_6,3,1,1,70-79,Female
512,IMM_10,2,1,1,70-79,Female
512,IMM_5,0,1,1,70-79,Female
512,IMM_4,2,1,1,70-79,Female
512,IMM_3,4,1,1,70-79,Female
512,IMM_7,1,1,1,70-79,Female
516,IMM_5,3,1,1,40-49,Male
516,IMM_8,4,1,1,40-49,Male
516,IMM_6,4,1,1,40-49,Male
516,IMM_7,0,1,1,40-49,Male
516,IMM_10,3,1,1,40-49,Male
516,IMM_1,1,1,1,40-49,Male
516,IMM_4,2,1,1,40-49,Male
516,IMM_2,4,1,1,40-49,Male
516,IMM_9,2,1,1,40-49,Male
516,IMM_3,2,1,1,40-49,Male
520,IMM_9,3,1,1,50-59,Female
520,IMM_5,0,1,1,50-59,Female
520,IMM_2,2,1,1,50-59,Female
520,IMM_7,1,1,1,50-59,Female
520,IMM_1,1,1,1,50-59,Female
520,IMM_10,2,1,1,50-59,Female
520,IMM_3,4,1,1,50-59,Female
520,IMM_8,3,1,1,50-59,Female
520,IMM_4,1,1,1,50-59,Female
520,IMM_6,2,1,1,50-59,Female
524,IMM_5,0,1,3,30-39,Female
524,IMM_1,0,1,3,30-39,Female
524,IMM_8,3,1,3,30-39,Female
524,IMM_7,0,1,3,30-39,Female
524,IMM_3,4,1,3,30-39,Female
524,IMM_2,1,1,3,30-39,Female
524,IMM_10,3,1,3,30-39,Female
524,IMM_4,2,1,3,30-39,Female
524,IMM_9,3,1,3,30-39,Female
524,IMM_6,3,1,3,30-39,Female
529,IMM_4,0,1,1,50-59,Female
529,IMM_6,2,1,1,50-59,Female
529,IMM_5,0,1,1,50-59,Female
529,IMM_1,0,1,1,50-59,Female
529,IMM_9,4,1,1,50-59,Female
529,IMM_8,4,1,1,50-59,Female
529,IMM_2,0,1,1,50-59,Female
529,IMM_7,0,1,1,50-59,Female
529,IMM_10,3,1,1,50-59,Female
529,IMM_3,4,1,1,50-59,Female
534,IMM_9,3,1,1,40-49,Female
534,IMM_5,0,1,1,40-49,Female
534,IMM_8,3,1,1,40-49,Female
534,IMM_1,0,1,1,40-49,Female
534,IMM_4,2,1,1,40-49,Female
534,IMM_3,4,1,1,40-49,Female
534,IMM_7,0,1,1,40-49,Female
534,IMM_10,3,1,1,40-49,Female
534,IMM_6,4,1,1,40-49,Female
534,IMM_2,3,1,1,40-49,Female
539,IMM_6,2,1,1,50-59,Male
539,IMM_1,0,1,1,50-59,Male
539,IMM_9,2,1,1,50-59,Male
539,IMM_8,1,1,1,50-59,Male
539,IMM_7,2,1,1,50-59,Male
539,IMM_4,1,1,1,50-59,Male
539,IMM_10,3,1,1,50-59,Male
539,IMM_2,2,1,1,50-59,Male
539,IMM_5,0,1,1,50-59,Male
539,IMM_3,4,1,1,50-59,Male
551,IMM_6,4,1,1,60-69,Male
551,IMM_10,4,1,1,60-69,Male
551,IMM_7,2,1,1,60-69,Male
551,IMM_4,3,1,1,60-69,Male
551,IMM_3,4,1,1,60-69,Male
551,IMM_5,0,1,1,60-69,Male
551,IMM_2,3,1,1,60-69,Male
551,IMM_9,4,1,1,60-69,Male
551,IMM_1,0,1,1,60-69,Male
551,IMM_8,4,1,1,60-69,Male
581,IMM_4,0,1,3,18-29,Female
581,IMM_10,4,1,3,18-29,Female
581,IMM_1,0,1,3,18-29,Female
581,IMM_3,4,1,3,18-29,Female
581,IMM_2,0,1,3,18-29,Female
581,IMM_9,2,1,3,18-29,Female
581,IMM_6,2,1,3,18-29,Female
581,IMM_7,0,1,3,18-29,Female
581,IMM_8,1,1,3,18-29,Female
581,IMM_5,0,1,3,18-29,Female
584,IMM_8,1,1,1,30-39,Male
584,IMM_7,4,1,1,30-39,Male
584,IMM_9,4,1,1,30-39,Male
584,IMM_10,4,1,1,30-39,Male
584,IMM_3,4,1,1,30-39,Male
584,IMM_5,4,1,1,30-39,Male
584,IMM_4,3,1,1,30-39,Male
584,IMM_2,4,1,1,30-39,Male
584,IMM_6,3,1,1,30-39,Male
584,IMM_1,3,1,1,30-39,Male
589,IMM_3,4,1,1,40-49,Male
589,IMM_1,1,1,1,40-49,Male
589,IMM_6,3,1,1,40-49,Male
589,IMM_2,2,1,1,40-49,Male
589,IMM_7,1,1,1,40-49,Male
589,IMM_8,1,1,1,40-49,Male
589,IMM_4,2,1,1,40-49,Male
589,IMM_5,1,1,1,40-49,Male
589,IMM_9,4,1,1,40-49,Male
589,IMM_10,4,1,1,40-49,Male
591,IMM_8,4,1,1,30-39,Female
591,IMM_5,0,1,1,30-39,Female
591,IMM_3,4,1,1,30-39,Female
591,IMM_2,2,1,1,30-39,Female
591,IMM_7,2,1,1,30-39,Female
591,IMM_10,3,1,1,30-39,Female
591,IMM_1,2,1,1,30-39,Female
591,IMM_9,2,1,1,30-39,Female
591,IMM_6,3,1,1,30-39,Female
591,IMM_4,1,1,1,30-39,Female
602,IMM_7,2,1,1,40-49,Male
602,IMM_8,4,1,1,40-49,Male
602,IMM_9,4,1,1,40-49,Male
602,IMM_5,4,1,1,40-49,Male
602,IMM_6,4,1,1,40-49,Male
602,IMM_10,4,1,1,40-49,Male
602,IMM_1,1,1,1,40-49,Male
602,IMM_3,2,1,1,40-49,Male
602,IMM_4,4,1,1,40-49,Male
602,IMM_2,4,1,1,40-49,Male
605,IMM_5,1,1,5,50-59,Female
605,IMM_4,1,1,5,50-59,Female
605,IMM_7,0,1,5,50-59,Female
605,IMM_9,4,1,5,50-59,Female
605,IMM_6,3,1,5,50-59,Female
605,IMM_2,3,1,5,50-59,Female
605,IMM_10,4,1,5,50-59,Female
605,IMM_1,2,1,5,50-59,Female
605,IMM_3,3,1,5,50-59,Female
605,IMM_8,4,1,5,50-59,Female
611,IMM_4,2,1,1,30-39,Female
611,IMM_2,3,1,1,30-39,Female
611,IMM_8,4,1,1,30-39,Female
611,IMM_3,4,1,1,30-39,Female
611,IMM_6,3,1,1,30-39,Female
611,IMM_10,3,1,1,30-39,Female
611,IMM_5,0,1,1,30-39,Female
611,IMM_1,0,1,1,30-39,Female
611,IMM_7,0,1,1,30-39,Female
611,IMM_9,3,1,1,30-39,Female
612,IMM_5,1,1,1,30-39,Female
612,IMM_10,4,1,1,30-39,Female
612,IMM_1,0,1,1,30-39,Female
612,IMM_9,3,1,1,30-39,Female
612,IMM_6,4,1,1,30-39,Female
612,IMM_4,1,1,1,30-39,Female
612,IMM_3,4,1,1,30-39,Female
612,IMM_7,0,1,1,30-39,Female
612,IMM_8,4,1,1,30-39,Female
612,IMM_2,0,1,1,30-39,Female
630,IMM_6,3,1,3,30-39,Other
630,IMM_7,0,1,3,30-39,Other
630,IMM_1,0,1,3,30-39,Other
630,IMM_4,0,1,3,30-39,Other
630,IMM_3,4,1,3,30-39,Other
630,IMM_2,3,1,3,30-39,Other
630,IMM_9,4,1,3,30-39,Other
630,IMM_10,2,1,3,30-39,Other
630,IMM_8,2,1,3,30-39,Other
630,IMM_5,0,1,3,30-39,Other
635,IMM_10,4,1,3,18-29,Male
635,IMM_2,2,1,3,18-29,Male
635,IMM_6,4,1,3,18-29,Male
635,IMM_8,2,1,3,18-29,Male
635,IMM_7,0,1,3,18-29,Male
635,IMM_9,4,1,3,18-29,Male
635,IMM_3,4,1,3,18-29,Male
635,IMM_1,0,1,3,18-29,Male
635,IMM_4,1,1,3,18-29,Male
635,IMM_5,0,1,3,18-29,Male
636,IMM_2,4,1,3,70-79,Male
636,IMM_1,4,1,3,70-79,Male
636,IMM_8,2,1,3,70-79,Male
636,IMM_3,4,1,3,70-79,Male
636,IMM_4,0,1,3,70-79,Male
636,IMM_6,2,1,3,70-79,Male
636,IMM_5,0,1,3,70-79,Male
636,IMM_9,2,1,3,70-79,Male
636,IMM_7,2,1,3,70-79,Male
636,IMM_10,0,1,3,70-79,Male
644,IMM_9,1,1,1,50-59,Female
644,IMM_7,0,1,1,50-59,Female
644,IMM_8,3,1,1,50-59,Female
644,IMM_6,3,1,1,50-59,Female
644,IMM_2,1,1,1,50-59,Female
644,IMM_1,1,1,1,50-59,Female
644,IMM_5,0,1,1,50-59,Female
644,IMM_10,4,1,1,50-59,Female
644,IMM_4,1,1,1,50-59,Female
644,IMM_3,4,1,1,50-59,Female
650,IMM_10,2,1,1,18-29,Female
650,IMM_4,4,1,1,18-29,Female
650,IMM_9,2,1,1,18-29,Female
650,IMM_5,4,1,1,18-29,Female
650,IMM_3,0,1,1,18-29,Female
650,IMM_8,4,1,1,18-29,Female
650,IMM_2,4,1,1,18-29,Female
650,IMM_7,2,1,1,18-29,Female
650,IMM_1,4,1,1,18-29,Female
650,IMM_6,1,1,1,18-29,Female
668,IMM_7,0,1,1,60-69,Male
668,IMM_2,0,1,1,60-69,Male
668,IMM_1,0,1,1,60-69,Male
668,IMM_9,4,1,1,60-69,Male
668,IMM_3,4,1,1,60-69,Male
668,IMM_8,4,1,1,60-69,Male
668,IMM_4,0,1,1,60-69,Male
668,IMM_10,4,1,1,60-69,Male
668,IMM_6,2,1,1,60-69,Male
668,IMM_5,0,1,1,60-69,Male
669,IMM_3,3,1,3,70-79,Female
669,IMM_7,1,1,3,70-79,Female
669,IMM_5,1,1,3,70-79,Female
669,IMM_8,4,1,3,70-79,Female
669,IMM_2,3,1,3,70-79,Female
669,IMM_10,3,1,3,70-79,Female
669,IMM_6,3,1,3,70-79,Female
669,IMM_1,0,1,3,70-79,Female
669,IMM_4,1,1,3,70-79,Female
669,IMM_9,4,1,3,70-79,Female
677,IMM_1,0,1,1,30-39,Female
677,IMM_4,1,1,1,30-39,Female
677,IMM_7,0,1,1,30-39,Female
677,IMM_9,4,1,1,30-39,Female
677,IMM_5,0,1,1,30-39,Female
677,IMM_3,4,1,1,30-39,Female
677,IMM_8,3,1,1,30-39,Female
677,IMM_6,2,1,1,30-39,Female
677,IMM_10,2,1,1,30-39,Female
677,IMM_2,0,1,1,30-39,Female
681,IMM_1,1,1,1,70-79,Female
681,IMM_9,3,1,1,70-79,Female
681,IMM_7,2,1,1,70-79,Female
681,IMM_4,4,1,1,70-79,Female
681,IMM_5,0,1,1,70-79,Female
681,IMM_2,3,1,1,70-79,Female
681,IMM_6,3,1,1,70-79,Female
681,IMM_8,4,1,1,70-79,Female
681,IMM_10,4,1,1,70-79,Female
681,IMM_3,4,1,1,70-79,Female
693,IMM_1,0,1,1,70-79,Female
693,IMM_8,3,1,1,70-79,Female
693,IMM_10,3,1,1,70-79,Female
693,IMM_4,0,1,1,70-79,Female
693,IMM_9,3,1,1,70-79,Female
693,IMM_3,4,1,1,70-79,Female
693,IMM_6,3,1,1,70-79,Female
693,IMM_5,0,1,1,70-79,Female
693,IMM_2,3,1,1,70-79,Female
693,IMM_7,0,1,1,70-79,Female
704,IMM_1,0,1,1,70-79,Female
704,IMM_5,0,1,1,70-79,Female
704,IMM_4,0,1,1,70-79,Female
704,IMM_2,4,1,1,70-79,Female
704,IMM_10,4,1,1,70-79,Female
704,IMM_8,4,1,1,70-79,Female
704,IMM_6,0,1,1,70-79,Female
704,IMM_9,4,1,1,70-79,Female
704,IMM_3,4,1,1,70-79,Female
704,IMM_7,0,1,1,70-79,Female
715,IMM_8,4,1,1,18-29,Female
715,IMM_10,2,1,1,18-29,Female
715,IMM_4,0,1,1,18-29,Female
715,IMM_6,4,1,1,18-29,Female
715,IMM_5,0,1,1,18-29,Female
715,IMM_7,0,1,1,18-29,Female
715,IMM_3,4,1,1,18-29,Female
715,IMM_9,2,1,1,18-29,Female
715,IMM_2,3,1,1,18-29,Female
715,IMM_1,0,1,1,18-29,Female
733,IMM_7,3,1,1,30-39,Female
733,IMM_3,0,1,1,30-39,Female
733,IMM_5,0,1,1,30-39,Female
733,IMM_1,3,1,1,30-39,Female
733,IMM_4,0,1,1,30-39,Female
733,IMM_8,4,1,1,30-39,Female
733,IMM_6,1,1,1,30-39,Female
733,IMM_9,1,1,1,30-39,Female
733,IMM_2,4,1,1,30-39,Female
733,IMM_10,3,1,1,30-39,Female
743,IMM_1,0,1,1,40-49,Female
743,IMM_10,4,1,1,40-49,Female
743,IMM_6,2,1,1,40-49,Female
743,IMM_3,4,1,1,40-49,Female
743,IMM_7,0,1,1,40-49,Female
743,IMM_8,2,1,1,40-49,Female
743,IMM_5,4,1,1,40-49,Female
743,IMM_9,3,1,1,40-49,Female
743,IMM_2,1,1,1,40-49,Female
743,IMM_4,0,1,1,40-49,Female
747,IMM_6,1,1,1,60-69,Female
747,IMM_9,3,1,1,60-69,Female
747,IMM_10,4,1,1,60-69,Female
747,IMM_2,3,1,1,60-69,Female
747,IMM_3,4,1,1,60-69,Female
747,IMM_7,0,1,1,60-69,Female
747,IMM_4,1,1,1,60-69,Female
747,IMM_5,0,1,1,60-69,Female
747,IMM_1,0,1,1,60-69,Female
747,IMM_8,4,1,1,60-69,Female
762,IMM_9,4,1,1,50-59,Female
762,IMM_3,4,1,1,50-59,Female
762,IMM_6,4,1,1,50-59,Female
762,IMM_4,4,1,1,50-59,Female
762,IMM_10,4,1,1,50-59,Female
762,IMM_7,0,1,1,50-59,Female
762,IMM_2,4,1,1,50-59,Female
762,IMM_5,0,1,1,50-59,Female
762,IMM_1,0,1,1,50-59,Female
762,IMM_8,2,1,1,50-59,Female
775,IMM_1,4,1,1,50-59,Female
775,IMM_8,4,1,1,50-59,Female
775,IMM_3,0,1,1,50-59,Female
775,IMM_4,0,1,1,50-59,Female
775,IMM_6,0,1,1,50-59,Female
775,IMM_7,4,1,1,50-59,Female
775,IMM_2,0,1,1,50-59,Female
775,IMM_10,0,1,1,50-59,Female
775,IMM_5,0,1,1,50-59,Female
775,IMM_9,0,1,1,50-59,Female
779,IMM_1,1,1,1,50-59,Female
779,IMM_9,2,1,1,50-59,Female
779,IMM_10,2,1,1,50-59,Female
779,IMM_3,3,1,1,50-59,Female
779,IMM_8,2,1,1,50-59,Female
779,IMM_5,1,1,1,50-59,Female
779,IMM_6,3,1,1,50-59,Female
779,IMM_2,1,1,1,50-59,Female
779,IMM_7,1,1,1,50-59,Female
779,IMM_4,2,1,1,50-59,Female
783,IMM_7,1,1,1,70-79,Female
783,IMM_8,0,1,1,70-79,Female
783,IMM_9,0,1,1,70-79,Female
783,IMM_10,0,1,1,70-79,Female
783,IMM_3,0,1,1,70-79,Female
783,IMM_4,0,1,1,70-79,Female
783,IMM_6,0,1,1,70-79,Female
783,IMM_2,0,1,1,70-79,Female
783,IMM_5,2,1,1,70-79,Female
783,IMM_1,4,1,1,70-79,Female
791,IMM_7,0,1,3,70-79,Male
791,IMM_3,4,1,3,70-79,Male
791,IMM_8,3,1,3,70-79,Male
791,IMM_2,3,1,3,70-79,Male
791,IMM_5,0,1,3,70-79,Male
791,IMM_1,0,1,3,70-79,Male
791,IMM_10,4,1,3,70-79,Male
791,IMM_4,4,1,3,70-79,Male
791,IMM_6,2,1,3,70-79,Male
791,IMM_9,2,1,3,70-79,Male
797,IMM_10,4,1,1,60-69,Female
797,IMM_4,1,1,1,60-69,Female
797,IMM_3,4,1,1,60-69,Female
797,IMM_1,0,1,1,60-69,Female
797,IMM_8,3,1,1,60-69,Female
797,IMM_5,0,1,1,60-69,Female
797,IMM_2,1,1,1,60-69,Female
797,IMM_7,0,1,1,60-69,Female
797,IMM_9,4,1,1,60-69,Female
797,IMM_6,1,1,1,60-69,Female
808,IMM_5,0,1,1,30-39,Female
808,IMM_10,4,1,1,30-39,Female
808,IMM_6,3,1,1,30-39,Female
808,IMM_8,2,1,1,30-39,Female
808,IMM_4,2,1,1,30-39,Female
808,IMM_2,2,1,1,30-39,Female
808,IMM_3,4,1,1,30-39,Female
808,IMM_1,1,1,1,30-39,Female
808,IMM_7,0,1,1,30-39,Female
808,IMM_9,3,1,1,30-39,Female
821,IMM_5,0,1,1,70-79,Male
821,IMM_4,3,1,1,70-79,Male
821,IMM_6,4,1,1,70-79,Male
821,IMM_9,0,1,1,70-79,Male
821,IMM_10,0,1,1,70-79,Male
821,IMM_2,0,1,1,70-79,Male
821,IMM_8,0,1,1,70-79,Male
821,IMM_7,0,1,1,70-79,Male
821,IMM_3,4,1,1,70-79,Male
821,IMM_1,0,1,1,70-79,Male
824,IMM_9,4,1,1,18-29,Female
824,IMM_4,0,1,1,18-29,Female
824,IMM_7,0,1,1,18-29,Female
824,IMM_6,4,1,1,18-29,Female
824,IMM_2,4,1,1,18-29,Female
824,IMM_5,0,1,1,18-29,Female
824,IMM_3,4,1,1,18-29,Female
824,IMM_1,0,1,1,18-29,Female
824,IMM_8,4,1,1,18-29,Female
824,IMM_10,4,1,1,18-29,Female
841,IMM_4,0,1,1,30-39,Male
841,IMM_5,1,1,1,30-39,Male
841,IMM_3,2,1,1,30-39,Male
841,IMM_1,1,1,1,30-39,Male
841,IMM_8,4,1,1,30-39,Male
841,IMM_9,4,1,1,30-39,Male
841,IMM_10,4,1,1,30-39,Male
841,IMM_7,1,1,1,30-39,Male
841,IMM_6,4,1,1,30-39,Male
841,IMM_2,1,1,1,30-39,Male
846,IMM_10,4,1,1,70-79,Female
846,IMM_1,0,1,1,70-79,Female
846,IMM_4,0,1,1,70-79,Female
846,IMM_6,4,1,1,70-79,Female
846,IMM_3,4,1,1,70-79,Female
846,IMM_7,0,1,1,70-79,Female
846,IMM_5,0,1,1,70-79,Female
846,IMM_2,0,1,1,70-79,Female
846,IMM_8,4,1,1,70-79,Female
846,IMM_9,4,1,1,70-79,Female
854,IMM_10,4,1,1,18-29,Female
854,IMM_8,3,1,1,18-29,Female
854,IMM_9,4,1,1,18-29,Female
854,IMM_5,3,1,1,18-29,Female
854,IMM_2,2,1,1,18-29,Female
854,IMM_1,0,1,1,18-29,Female
854,IMM_4,2,1,1,18-29,Female
854,IMM_6,3,1,1,18-29,Female
854,IMM_7,3,1,1,18-29,Female
854,IMM_3,4,1,1,18-29,Female
872,IMM_10,4,1,1,60-69,Female
872,IMM_4,1,1,1,60-69,Female
872,IMM_5,0,1,1,60-69,Female
872,IMM_2,2,1,1,60-69,Female
872,IMM_7,0,1,1,60-69,Female
872,IMM_9,3,1,1,60-69,Female
872,IMM_3,4,1,1,60-69,Female
872,IMM_1,0,1,1,60-69,Female
872,IMM_6,4,1,1,60-69,Female
872,IMM_8,4,1,1,60-69,Female
893,IMM_7,2,1,1,40-49,Female
893,IMM_2,2,1,1,40-49,Female
893,IMM_4,0,1,1,40-49,Female
893,IMM_5,0,1,1,40-49,Female
893,IMM_6,2,1,1,40-49,Female
893,IMM_10,4,1,1,40-49,Female
893,IMM_8,4,1,1,40-49,Female
893,IMM_9,4,1,1,40-49,Female
893,IMM_1,0,1,1,40-49,Female
893,IMM_3,4,1,1,40-49,Female
894,IMM_10,4,1,1,70-79,Female
894,IMM_4,2,1,1,70-79,Female
894,IMM_5,0,1,1,70-79,Female
894,IMM_2,3,1,1,70-79,Female
894,IMM_3,4,1,1,70-79,Female
894,IMM_8,3,1,1,70-79,Female
894,IMM_1,0,1,1,70-79,Female
894,IMM_9,3,1,1,70-79,Female
894,IMM_7,0,1,1,70-79,Female
894,IMM_6,3,1,1,70-79,Female
910,IMM_1,1,1,1,40-49,Female
910,IMM_6,3,1,1,40-49,Female
910,IMM_8,4,1,1,40-49,Female
910,IMM_4,0,1,1,40-49,Female
910,IMM_7,2,1,1,40-49,Female
910,IMM_2,4,1,1,40-49,Female
910,IMM_3,3,1,1,40-49,Female
910,IMM_9,3,1,1,40-49,Female
910,IMM_5,0,1,1,40-49,Female
910,IMM_10,4,1,1,40-49,Female
914,IMM_2,3,1,1,60-69,Female
914,IMM_6,3,1,1,60-69,Female
914,IMM_8,0,1,1,60-69,Female
914,IMM_1,0,1,1,60-69,Female
914,IMM_9,3,1,1,60-69,Female
914,IMM_5,0,1,1,60-69,Female
914,IMM_4,0,1,1,60-69,Female
914,IMM_7,2,1,1,60-69,Female
914,IMM_3,4,1,1,60-69,Female
914,IMM_10,1,1,1,60-69,Female
920,IMM_5,0,1,1,70-79,Female
920,IMM_8,3,1,1,70-79,Female
920,IMM_2,2,1,1,70-79,Female
920,IMM_6,3,1,1,70-79,Female
920,IMM_10,4,1,1,70-79,Female
920,IMM_7,0,1,1,70-79,Female
920,IMM_3,4,1,1,70-79,Female
920,IMM_1,0,1,1,70-79,Female
920,IMM_9,4,1,1,70-79,Female
920,IMM_4,3,1,1,70-79,Female
923,IMM_7,0,1,1,60-69,Female
923,IMM_9,3,1,1,60-69,Female
923,IMM_6,4,1,1,60-69,Female
923,IMM_8,3,1,1,60-69,Female
923,IMM_2,4,1,1,60-69,Female
923,IMM_1,0,1,1,60-69,Female
923,IMM_4,3,1,1,60-69,Female
923,IMM_3,4,1,1,60-69,Female
923,IMM_10,4,1,1,60-69,Female
923,IMM_5,0,1,1,60-69,Female
941,IMM_4,2,1,1,70-79,Female
941,IMM_5,0,1,1,70-79,Female
941,IMM_6,2,1,1,70-79,Female
941,IMM_7,0,1,1,70-79,Female
941,IMM_1,0,1,1,70-79,Female
941,IMM_9,3,1,1,70-79,Female
941,IMM_3,4,1,1,70-79,Female
941,IMM_2,1,1,1,70-79,Female
941,IMM_8,3,1,1,70-79,Female
941,IMM_10,4,1,1,70-79,Female
951,IMM_10,3,1,1,18-29,Female
951,IMM_4,0,1,1,18-29,Female
951,IMM_5,0,1,1,18-29,Female
951,IMM_9,3,1,1,18-29,Female
951,IMM_1,0,1,1,18-29,Female
951,IMM_8,3,1,1,18-29,Female
951,IMM_7,0,1,1,18-29,Female
951,IMM_6,3,1,1,18-29,Female
951,IMM_3,4,1,1,18-29,Female
951,IMM_2,0,1,1,18-29,Female
952,IMM_4,1,1,3,40-49,Female
952,IMM_8,4,1,3,40-49,Female
952,IMM_7,0,1,3,40-49,Female
952,IMM_6,4,1,3,40-49,Female
952,IMM_3,4,1,3,40-49,Female
952,IMM_1,0,1,3,40-49,Female
952,IMM_5,0,1,3,40-49,Female
952,IMM_10,3,1,3,40-49,Female
952,IMM_9,4,1,3,40-49,Female
952,IMM_2,3,1,3,40-49,Female
960,IMM_6,2,1,1,30-39,Female
960,IMM_9,2,1,1,30-39,Female
960,IMM_3,1,1,1,30-39,Female
960,IMM_1,2,1,1,30-39,Female
960,IMM_4,2,1,1,30-39,Female
960,IMM_8,2,1,1,30-39,Female
960,IMM_7,1,1,1,30-39,Female
960,IMM_5,0,1,1,30-39,Female
960,IMM_10,3,1,1,30-39,Female
960,IMM_2,0,1,1,30-39,Female
965,IMM_5,2,1,1,40-49,Female
965,IMM_6,1,1,1,40-49,Female
965,IMM_10,0,1,1,40-49,Female
965,IMM_2,0,1,1,40-49,Female
965,IMM_3,0,1,1,40-49,Female
965,IMM_9,0,1,1,40-49,Female
965,IMM_7,3,1,1,40-49,Female
965,IMM_4,0,1,1,40-49,Female
965,IMM_1,4,1,1,40-49,Female
965,IMM_8,2,1,1,40-49,Female
969,IMM_3,4,1,1,50-59,Female
969,IMM_10,3,1,1,50-59,Female
969,IMM_8,3,1,1,50-59,Female
969,IMM_7,2,1,1,50-59,Female
969,IMM_9,0,1,1,50-59,Female
969,IMM_1,1,1,1,50-59,Female
969,IMM_2,3,1,1,50-59,Female
969,IMM_5,2,1,1,50-59,Female
969,IMM_4,2,1,1,50-59,Female
969,IMM_6,1,1,1,50-59,Female
975,IMM_6,3,1,1,30-39,Female
975,IMM_9,2,1,1,30-39,Female
975,IMM_7,0,1,1,30-39,Female
975,IMM_1,0,1,1,30-39,Female
975,IMM_3,4,1,1,30-39,Female
975,IMM_2,0,1,1,30-39,Female
975,IMM_10,3,1,1,30-39,Female
975,IMM_4,0,1,1,30-39,Female
975,IMM_5,0,1,1,30-39,Female
975,IMM_8,3,1,1,30-39,Female
977,IMM_6,3,1,1,50-59,Female
977,IMM_5,0,1,1,50-59,Female
977,IMM_3,4,1,1,50-59,Female
977,IMM_10,3,1,1,50-59,Female
977,IMM_1,0,1,1,50-59,Female
977,IMM_8,2,1,1,50-59,Female
977,IMM_7,0,1,1,50-59,Female
977,IMM_9,4,1,1,50-59,Female
977,IMM_4,1,1,1,50-59,Female
977,IMM_2,1,1,1,50-59,Female
980,IMM_10,3,1,1,40-49,Female
980,IMM_6,3,1,1,40-49,Female
980,IMM_3,4,1,1,40-49,Female
980,IMM_8,4,1,1,40-49,Female
980,IMM_5,0,1,1,40-49,Female
980,IMM_7,1,1,1,40-49,Female
980,IMM_2,3,1,1,40-49,Female
980,IMM_4,1,1,1,40-49,Female
980,IMM_9,2,1,1,40-49,Female
980,IMM_1,1,1,1,40-49,Female
982,IMM_8,0,1,1,18-29,Female
982,IMM_6,4,1,1,18-29,Female
982,IMM_3,4,1,1,18-29,Female
982,IMM_4,0,1,1,18-29,Female
982,IMM_1,0,1,1,18-29,Female
982,IMM_9,4,1,1,18-29,Female
982,IMM_5,0,1,1,18-29,Female
982,IMM_7,0,1,1,18-29,Female
982,IMM_2,0,1,1,18-29,Female
982,IMM_10,4,1,1,18-29,Female
995,IMM_10,4,1,1,18-29,Female
995,IMM_4,2,1,1,18-29,Female
995,IMM_5,0,1,1,18-29,Female
995,IMM_9,1,1,1,18-29,Female
995,IMM_1,0,1,1,18-29,Female
995,IMM_8,0,1,1,18-29,Female
995,IMM_2,0,1,1,18-29,Female
995,IMM_7,2,1,1,18-29,Female
995,IMM_6,2,1,1,18-29,Female
995,IMM_3,4,1,1,18-29,Female
998,IMM_7,0,1,1,40-49,Female
998,IMM_2,3,1,1,40-49,Female
998,IMM_6,4,1,1,40-49,Female
998,IMM_4,0,1,1,40-49,Female
998,IMM_8,4,1,1,40-49,Female
998,IMM_1,0,1,1,40-49,Female
998,IMM_10,4,1,1,40-49,Female
998,IMM_3,4,1,1,40-49,Female
998,IMM_9,0,1,1,40-49,Female
998,IMM_5,2,1,1,40-49,Female
1004,IMM_3,4,1,1,30-39,Male
1004,IMM_5,0,1,1,30-39,Male
1004,IMM_8,2,1,1,30-39,Male
1004,IMM_9,4,1,1,30-39,Male
1004,IMM_1,0,1,1,30-39,Male
1004,IMM_6,3,1,1,30-39,Male
1004,IMM_10,4,1,1,30-39,Male
1004,IMM_7,0,1,1,30-39,Male
1004,IMM_4,0,1,1,30-39,Male
1004,IMM_2,2,1,1,30-39,Male
1014,IMM_7,0,1,1,18-29,Female
1014,IMM_6,1,1,1,18-29,Female
1014,IMM_5,0,1,1,18-29,Female
1014,IMM_1,0,1,1,18-29,Female
1014,IMM_10,4,1,1,18-29,Female
1014,IMM_3,4,1,1,18-29,Female
1014,IMM_2,1,1,1,18-29,Female
1014,IMM_4,1,1,1,18-29,Female
1014,IMM_8,4,1,1,18-29,Female
1014,IMM_9,4,1,1,18-29,Female
1017,IMM_6,3,1,3,30-39,Female
1017,IMM_10,3,1,3,30-39,Female
1017,IMM_5,0,1,3,30-39,Female
1017,IMM_7,0,1,3,30-39,Female
1017,IMM_3,4,1,3,30-39,Female
1017,IMM_4,1,1,3,30-39,Female
1017,IMM_8,1,1,3,30-39,Female
1017,IMM_2,1,1,3,30-39,Female
1017,IMM_1,0,1,3,30-39,Female
1017,IMM_9,3,1,3,30-39,Female
1025,IMM_7,2,1,2,60-69,Female
1025,IMM_4,0,1,2,60-69,Female
1025,IMM_3,3,1,2,60-69,Female
1025,IMM_9,3,1,2,60-69,Female
1025,IMM_8,3,1,2,60-69,Female
1025,IMM_2,2,1,2,60-69,Female
1025,IMM_1,0,1,2,60-69,Female
1025,IMM_6,3,1,2,60-69,Female
1025,IMM_5,0,1,2,60-69,Female
1025,IMM_10,3,1,2,60-69,Female
1032,IMM_3,4,1,1,40-49,Female
1032,IMM_7,0,1,1,40-49,Female
1032,IMM_10,3,1,1,40-49,Female
1032,IMM_6,3,1,1,40-49,Female
1032,IMM_8,3,1,1,40-49,Female
1032,IMM_9,3,1,1,40-49,Female
1032,IMM_2,0,1,1,40-49,Female
1032,IMM_5,0,1,1,40-49,Female
1032,IMM_4,0,1,1,40-49,Female
1032,IMM_1,0,1,1,40-49,Female
1033,IMM_8,3,1,3,60-69,Female
1033,IMM_9,2,1,3,60-69,Female
1033,IMM_5,0,1,3,60-69,Female
1033,IMM_4,2,1,3,60-69,Female
1033,IMM_1,0,1,3,60-69,Female
1033,IMM_6,2,1,3,60-69,Female
1033,IMM_2,2,1,3,60-69,Female
1033,IMM_7,0,1,3,60-69,Female
1033,IMM_3,4,1,3,60-69,Female
1033,IMM_10,2,1,3,60-69,Female
1046,IMM_10,4,1,1,40-49,Male
1046,IMM_6,3,1,1,40-49,Male
1046,IMM_1,2,1,1,40-49,Male
1046,IMM_8,4,1,1,40-49,Male
1046,IMM_7,4,1,1,40-49,Male
1046,IMM_4,4,1,1,40-49,Male
1046,IMM_5,4,1,1,40-49,Male
1046,IMM_2,4,1,1,40-49,Male
1046,IMM_3,1,1,1,40-49,Male
1046,IMM_9,1,1,1,40-49,Male
1050,IMM_2,4,1,7,40-49,Male
1050,IMM_9,4,1,7,40-49,Male
1050,IMM_10,4,1,7,40-49,Male
1050,IMM_1,4,1,7,40-49,Male
1050,IMM_6,4,1,7,40-49,Male
1050,IMM_7,0,1,7,40-49,Male
1050,IMM_4,4,1,7,40-49,Male
1050,IMM_3,4,1,7,40-49,Male
1050,IMM_5,4,1,7,40-49,Male
1050,IMM_8,4,1,7,40-49,Male
1052,IMM_5,0,1,3,18-29,Female
1052,IMM_4,1,1,3,18-29,Female
1052,IMM_9,2,1,3,18-29,Female
1052,IMM_2,3,1,3,18-29,Female
1052,IMM_3,4,1,3,18-29,Female
1052,IMM_8,4,1,3,18-29,Female
1052,IMM_1,0,1,3,18-29,Female
1052,IMM_6,3,1,3,18-29,Female
1052,IMM_7,1,1,3,18-29,Female
1052,IMM_10,3,1,3,18-29,Female
1066,IMM_3,4,1,1,30-39,Female
1066,IMM_9,4,1,1,30-39,Female
1066,IMM_5,0,1,1,30-39,Female
1066,IMM_8,4,1,1,30-39,Female
1066,IMM_4,0,1,1,30-39,Female
1066,IMM_7,1,1,1,30-39,Female
1066,IMM_6,3,1,1,30-39,Female
1066,IMM_1,0,1,1,30-39,Female
1066,IMM_2,1,1,1,30-39,Female
1066,IMM_10,3,1,1,30-39,Female
1085,IMM_4,0,1,1,30-39,Female
1085,IMM_7,0,1,1,30-39,Female
1085,IMM_1,0,1,1,30-39,Female
1085,IMM_6,4,1,1,30-39,Female
1085,IMM_9,4,1,1,30-39,Female
1085,IMM_3,4,1,1,30-39,Female
1085,IMM_2,1,1,1,30-39,Female
1085,IMM_10,4,1,1,30-39,Female
1085,IMM_5,0,1,1,30-39,Female
1085,IMM_8,3,1,1,30-39,Female
1086,IMM_5,0,1,1,70-79,Female
1086,IMM_2,2,1,1,70-79,Female
1086,IMM_7,2,1,1,70-79,Female
1086,IMM_8,4,1,1,70-79,Female
1086,IMM_10,2,1,1,70-79,Female
1086,IMM_6,3,1,1,70-79,Female
1086,IMM_1,3,1,1,70-79,Female
1086,IMM_9,2,1,1,70-79,Female
1086,IMM_3,1,1,1,70-79,Female
1086,IMM_4,1,1,1,70-79,Female
1087,IMM_5,0,1,1,30-39,Female
1087,IMM_7,0,1,1,30-39,Female
1087,IMM_9,3,1,1,30-39,Female
1087,IMM_8,3,1,1,30-39,Female
1087,IMM_1,0,1,1,30-39,Female
1087,IMM_10,3,1,1,30-39,Female
1087,IMM_4,2,1,1,30-39,Female
1087,IMM_2,3,1,1,30-39,Female
1087,IMM_3,4,1,1,30-39,Female
1087,IMM_6,3,1,1,30-39,Female
1097,IMM_10,3,1,3,60-69,Female
1097,IMM_9,3,1,3,60-69,Female
1097,IMM_3,4,1,3,60-69,Female
1097,IMM_8,3,1,3,60-69,Female
1097,IMM_5,0,1,3,60-69,Female
1097,IMM_6,3,1,3,60-69,Female
1097,IMM_7,0,1,3,60-69,Female
1097,IMM_2,1,1,3,60-69,Female
1097,IMM_4,1,1,3,60-69,Female
1097,IMM_1,0,1,3,60-69,Female
1107,IMM_4,0,1,3,30-39,Female
1107,IMM_1,0,1,3,30-39,Female
1107,IMM_3,4,1,3,30-39,Female
1107,IMM_2,1,1,3,30-39,Female
1107,IMM_9,4,1,3,30-39,Female
1107,IMM_6,1,1,3,30-39,Female
1107,IMM_7,0,1,3,30-39,Female
1107,IMM_8,3,1,3,30-39,Female
1107,IMM_10,3,1,3,30-39,Female
1107,IMM_5,0,1,3,30-39,Female
1115,IMM_9,4,1,1,18-29,Female
1115,IMM_6,4,1,1,18-29,Female
1115,IMM_3,4,1,1,18-29,Female
1115,IMM_1,0,1,1,18-29,Female
1115,IMM_5,0,1,1,18-29,Female
1115,IMM_7,0,1,1,18-29,Female
1115,IMM_8,4,1,1,18-29,Female
1115,IMM_4,0,1,1,18-29,Female
1115,IMM_2,1,1,1,18-29,Female
1115,IMM_10,4,1,1,18-29,Female
1126,IMM_1,0,1,1,18-29,Female
1126,IMM_7,0,1,1,18-29,Female
1126,IMM_10,3,1,1,18-29,Female
1126,IMM_9,2,1,1,18-29,Female
1126,IMM_8,0,1,1,18-29,Female
1126,IMM_6,1,1,1,18-29,Female
1126,IMM_5,0,1,1,18-29,Female
1126,IMM_4,0,1,1,18-29,Female
1126,IMM_3,4,1,1,18-29,Female
1126,IMM_2,0,1,1,18-29,Female
1129,IMM_2,0,1,1,30-39,Female
1129,IMM_9,1,1,1,30-39,Female
1129,IMM_6,3,1,1,30-39,Female
1129,IMM_5,0,1,1,30-39,Female
1129,IMM_10,4,1,1,30-39,Female
1129,IMM_7,0,1,1,30-39,Female
1129,IMM_8,4,1,1,30-39,Female
1129,IMM_3,4,1,1,30-39,Female
1129,IMM_1,0,1,1,30-39,Female
1129,IMM_4,1,1,1,30-39,Female
1132,IMM_2,0,1,1,40-49,Female
1132,IMM_4,1,1,1,40-49,Female
1132,IMM_5,0,1,1,40-49,Female
1132,IMM_9,4,1,1,40-49,Female
1132,IMM_3,4,1,1,40-49,Female
1132,IMM_1,0,1,1,40-49,Female
1132,IMM_6,2,1,1,40-49,Female
1132,IMM_8,3,1,1,40-49,Female
1132,IMM_10,4,1,1,40-49,Female
1132,IMM_7,0,1,1,40-49,Female
1139,IMM_10,3,1,1,18-29,Female
1139,IMM_9,2,1,1,18-29,Female
1139,IMM_7,0,1,1,18-29,Female
1139,IMM_6,3,1,1,18-29,Female
1139,IMM_8,3,1,1,18-29,Female
1139,IMM_3,4,1,1,18-29,Female
1139,IMM_1,0,1,1,18-29,Female
1139,IMM_5,0,1,1,18-29,Female
1139,IMM_4,1,1,1,18-29,Female
1139,IMM_2,3,1,1,18-29,Female
1144,IMM_8,4,1,3,30-39,Female
1144,IMM_9,4,1,3,30-39,Female
1144,IMM_5,0,1,3,30-39,Female
1144,IMM_4,0,1,3,30-39,Female
1144,IMM_7,0,1,3,30-39,Female
1144,IMM_6,2,1,3,30-39,Female
1144,IMM_3,4,1,3,30-39,Female
1144,IMM_10,3,1,3,30-39,Female
1144,IMM_1,0,1,3,30-39,Female
1144,IMM_2,3,1,3,30-39,Female
1148,IMM_8,3,1,2,18-29,Female
1148,IMM_7,0,1,2,18-29,Female
1148,IMM_3,4,1,2,18-29,Female
1148,IMM_1,1,1,2,18-29,Female
1148,IMM_4,2,1,2,18-29,Female
1148,IMM_9,4,1,2,18-29,Female
1148,IMM_5,0,1,2,18-29,Female
1148,IMM_2,2,1,2,18-29,Female
1148,IMM_10,4,1,2,18-29,Female
1148,IMM_6,2,1,2,18-29,Female
1158,IMM_6,1,1,1,70-79,Female
1158,IMM_7,2,1,1,70-79,Female
1158,IMM_1,3,1,1,70-79,Female
1158,IMM_4,2,1,1,70-79,Female
1158,IMM_3,3,1,1,70-79,Female
1158,IMM_8,3,1,1,70-79,Female
1158,IMM_9,2,1,1,70-79,Female
1158,IMM_2,3,1,1,70-79,Female
1158,IMM_5,0,1,1,70-79,Female
1158,IMM_10,1,1,1,70-79,Female
1160,IMM_8,4,1,1,80+,Female
1160,IMM_1,0,1,1,80+,Female
1160,IMM_7,0,1,1,80+,Female
1160,IMM_6,4,1,1,80+,Female
1160,IMM_9,4,1,1,80+,Female
1160,IMM_2,2,1,1,80+,Female
1160,IMM_10,3,1,1,80+,Female
1160,IMM_4,1,1,1,80+,Female
1160,IMM_3,4,1,1,80+,Female
1160,IMM_5,0,1,1,80+,Female
1165,IMM_2,4,1,1,50-59,Female
1165,IMM_5,0,1,1,50-59,Female
1165,IMM_1,3,1,1,50-59,Female
1165,IMM_3,4,1,1,50-59,Female
1165,IMM_8,4,1,1,50-59,Female
1165,IMM_6,2,1,1,50-59,Female
1165,IMM_4,2,1,1,50-59,Female
1165,IMM_7,0,1,1,50-59,Female
1165,IMM_10,0,1,1,50-59,Female
1165,IMM_9,3,1,1,50-59,Female
1184,IMM_4,0,1,3,60-69,Female
1184,IMM_8,2,1,3,60-69,Female
1184,IMM_6,3,1,3,60-69,Female
1184,IMM_2,1,1,3,60-69,Female
1184,IMM_7,0,1,3,60-69,Female
1184,IMM_5,0,1,3,60-69,Female
1184,IMM_3,4,1,3,60-69,Female
1184,IMM_1,0,1,3,60-69,Female
1184,IMM_10,3,1,3,60-69,Female
1184,IMM_9,2,1,3,60-69,Female
1187,IMM_6,2,1,1,18-29,Female
1187,IMM_9,4,1,1,18-29,Female
1187,IMM_7,0,1,1,18-29,Female
1187,IMM_8,4,1,1,18-29,Female
1187,IMM_2,0,1,1,18-29,Female
1187,IMM_3,4,1,1,18-29,Female
1187,IMM_5,0,1,1,18-29,Female
1187,IMM_1,0,1,1,18-29,Female
1187,IMM_4,0,1,1,18-29,Female
1187,IMM_10,4,1,1,18-29,Female
1188,IMM_3,4,1,1,60-69,Female
1188,IMM_5,0,1,1,60-69,Female
1188,IMM_10,4,1,1,60-69,Female
1188,IMM_6,3,1,1,60-69,Female
1188,IMM_8,4,1,1,60-69,Female
1188,IMM_2,3,1,1,60-69,Female
1188,IMM_4,0,1,1,60-69,Female
1188,IMM_7,0,1,1,60-69,Female
1188,IMM_1,0,1,1,60-69,Female
1188,IMM_9,4,1,1,60-69,Female
1193,IMM_1,0,1,1,30-39,Female
1193,IMM_9,3,1,1,30-39,Female
1193,IMM_5,0,1,1,30-39,Female
1193,IMM_3,4,1,1,30-39,Female
1193,IMM_10,2,1,1,30-39,Female
1193,IMM_6,3,1,1,30-39,Female
1193,IMM_2,1,1,1,30-39,Female
1193,IMM_8,3,1,1,30-39,Female
1193,IMM_4,1,1,1,30-39,Female
1193,IMM_7,0,1,1,30-39,Female
1203,IMM_10,4,1,1,50-59,Male
1203,IMM_6,3,1,1,50-59,Male
1203,IMM_1,0,1,1,50-59,Male
1203,IMM_4,0,1,1,50-59,Male
1203,IMM_3,4,1,1,50-59,Male
1203,IMM_9,4,1,1,50-59,Male
1203,IMM_5,0,1,1,50-59,Male
1203,IMM_8,0,1,1,50-59,Male
1203,IMM_7,0,1,1,50-59,Male
1203,IMM_2,0,1,1,50-59,Male
1212,IMM_10,4,1,1,30-39,Female
1212,IMM_3,4,1,1,30-39,Female
1212,IMM_9,4,1,1,30-39,Female
1212,IMM_2,0,1,1,30-39,Female
1212,IMM_7,0,1,1,30-39,Female
1212,IMM_1,0,1,1,30-39,Female
1212,IMM_4,2,1,1,30-39,Female
1212,IMM_5,0,1,1,30-39,Female
1212,IMM_6,3,1,1,30-39,Female
1212,IMM_8,4,1,1,30-39,Female
1218,IMM_9,4,1,1,30-39,Male
1218,IMM_2,0,1,1,30-39,Male
1218,IMM_10,4,1,1,30-39,Male
1218,IMM_4,0,1,1,30-39,Male
1218,IMM_5,0,1,1,30-39,Male
1218,IMM_6,3,1,1,30-39,Male
1218,IMM_3,4,1,1,30-39,Male
1218,IMM_1,0,1,1,30-39,Male
1218,IMM_7,0,1,1,30-39,Male
1218,IMM_8,3,1,1,30-39,Male
1219,IMM_9,3,1,3,40-49,Female
1219,IMM_1,0,1,3,40-49,Female
1219,IMM_2,0,1,3,40-49,Female
1219,IMM_3,4,1,3,40-49,Female
1219,IMM_8,2,1,3,40-49,Female
1219,IMM_10,4,1,3,40-49,Female
1219,IMM_7,0,1,3,40-49,Female
1219,IMM_6,2,1,3,40-49,Female
1219,IMM_5,4,1,3,40-49,Female
1219,IMM_4,0,1,3,40-49,Female
1237,IMM_7,0,1,1,30-39,Female
1237,IMM_4,0,1,1,30-39,Female
1237,IMM_6,2,1,1,30-39,Female
1237,IMM_3,4,1,1,30-39,Female
1237,IMM_9,2,1,1,30-39,Female
1237,IMM_5,0,1,1,30-39,Female
1237,IMM_10,0,1,1,30-39,Female
1237,IMM_1,0,1,1,30-39,Female
1237,IMM_2,0,1,1,30-39,Female
1237,IMM_8,2,1,1,30-39,Female
1248,IMM_7,0,1,1,40-49,Female
1248,IMM_5,0,1,1,40-49,Female
1248,IMM_3,4,1,1,40-49,Female
1248,IMM_4,1,1,1,40-49,Female
1248,IMM_8,4,1,1,40-49,Female
1248,IMM_9,2,1,1,40-49,Female
1248,IMM_2,2,1,1,40-49,Female
1248,IMM_1,0,1,1,40-49,Female
1248,IMM_10,4,1,1,40-49,Female
1248,IMM_6,3,1,1,40-49,Female
1249,IMM_7,0,1,1,18-29,Female
1249,IMM_5,0,1,1,18-29,Female
1249,IMM_10,4,1,1,18-29,Female
1249,IMM_8,0,1,1,18-29,Female
1249,IMM_2,1,1,1,18-29,Female
1249,IMM_4,0,1,1,18-29,Female
1249,IMM_1,0,1,1,18-29,Female
1249,IMM_3,4,1,1,18-29,Female
1249,IMM_9,3,1,1,18-29,Female
1249,IMM_6,4,1,1,18-29,Female
1253,IMM_8,3,1,3,18-29,Female
1253,IMM_3,4,1,3,18-29,Female
1253,IMM_5,0,1,3,18-29,Female
1253,IMM_6,4,1,3,18-29,Female
1253,IMM_1,0,1,3,18-29,Female
1253,IMM_7,0,1,3,18-29,Female
1253,IMM_2,4,1,3,18-29,Female
1253,IMM_9,2,1,3,18-29,Female
1253,IMM_4,0,1,3,18-29,Female
1253,IMM_10,3,1,3,18-29,Female
1264,IMM_2,0,1,1,18-29,Female
1264,IMM_7,0,1,1,18-29,Female
1264,IMM_6,4,1,1,18-29,Female
1264,IMM_8,1,1,1,18-29,Female
1264,IMM_3,4,1,1,18-29,Female
1264,IMM_5,0,1,1,18-29,Female
1264,IMM_10,3,1,1,18-29,Female
1264,IMM_4,0,1,1,18-29,Female
1264,IMM_1,0,1,1,18-29,Female
1264,IMM_9,4,1,1,18-29,Female
1274,IMM_4,1,1,1,18-29,Female
1274,IMM_2,1,1,1,18-29,Female
1274,IMM_8,3,1,1,18-29,Female
1274,IMM_5,0,1,1,18-29,Female
1274,IMM_3,4,1,1,18-29,Female
1274,IMM_10,2,1,1,18-29,Female
1274,IMM_7,1,1,1,18-29,Female
1274,IMM_6,2,1,1,18-29,Female
1274,IMM_1,0,1,1,18-29,Female
1274,IMM_9,3,1,1,18-29,Female
1276,IMM_10,2,1,3,18-29,Female
1276,IMM_8,2,1,3,18-29,Female
1276,IMM_9,3,1,3,18-29,Female
1276,IMM_7,1,1,3,18-29,Female
1276,IMM_3,2,1,3,18-29,Female
1276,IMM_5,1,1,3,18-29,Female
1276,IMM_6,2,1,3,18-29,Female
1276,IMM_2,2,1,3,18-29,Female
1276,IMM_4,2,1,3,18-29,Female
1276,IMM_1,1,1,3,18-29,Female
1279,IMM_4,2,1,3,30-39,Female
1279,IMM_8,3,1,3,30-39,Female
1279,IMM_10,3,1,3,30-39,Female
1279,IMM_1,1,1,3,30-39,Female
1279,IMM_9,2,1,3,30-39,Female
1279,IMM_5,1,1,3,30-39,Female
1279,IMM_2,3,1,3,30-39,Female
1279,IMM_7,2,1,3,30-39,Female
1279,IMM_6,4,1,3,30-39,Female
1279,IMM_3,4,1,3,30-39,Female
1283,IMM_8,4,1,1,80+,Female
1283,IMM_5,0,1,1,80+,Female
1283,IMM_9,4,1,1,80+,Female
1283,IMM_1,0,1,1,80+,Female
1283,IMM_7,0,1,1,80+,Female
1283,IMM_3,4,1,1,80+,Female
1283,IMM_4,0,1,1,80+,Female
1283,IMM_10,4,1,1,80+,Female
1283,IMM_6,3,1,1,80+,Female
1283,IMM_2,1,1,1,80+,Female
1305,IMM_10,4,1,1,40-49,Female
1305,IMM_7,0,1,1,40-49,Female
1305,IMM_5,0,1,1,40-49,Female
1305,IMM_6,2,1,1,40-49,Female
1305,IMM_9,4,1,1,40-49,Female
1305,IMM_8,4,1,1,40-49,Female
1305,IMM_3,4,1,1,40-49,Female
1305,IMM_4,0,1,1,40-49,Female
1305,IMM_2,0,1,1,40-49,Female
1305,IMM_1,0,1,1,40-49,Female
1307,IMM_6,3,1,3,40-49,Female
1307,IMM_3,4,1,3,40-49,Female
1307,IMM_7,2,1,3,40-49,Female
1307,IMM_9,0,1,3,40-49,Female
1307,IMM_1,3,1,3,40-49,Female
1307,IMM_2,3,1,3,40-49,Female
1307,IMM_4,0,1,3,40-49,Female
1307,IMM_8,3,1,3,40-49,Female
1307,IMM_10,1,1,3,40-49,Female
1307,IMM_5,0,1,3,40-49,Female
1349,IMM_5,0,1,1,18-29,Male
1349,IMM_2,4,1,1,18-29,Male
1349,IMM_9,4,1,1,18-29,Male
1349,IMM_3,4,1,1,18-29,Male
1349,IMM_4,4,1,1,18-29,Male
1349,IMM_6,4,1,1,18-29,Male
1349,IMM_8,4,1,1,18-29,Male
1349,IMM_10,4,1,1,18-29,Male
1349,IMM_1,0,1,1,18-29,Male
1349,IMM_7,4,1,1,18-29,Male
1360,IMM_7,0,1,3,18-29,Male
1360,IMM_8,4,1,3,18-29,Male
1360,IMM_4,0,1,3,18-29,Male
1360,IMM_6,4,1,3,18-29,Male
1360,IMM_10,2,1,3,18-29,Male
1360,IMM_9,4,1,3,18-29,Male
1360,IMM_1,0,1,3,18-29,Male
1360,IMM_2,0,1,3,18-29,Male
1360,IMM_3,4,1,3,18-29,Male
1360,IMM_5,0,1,3,18-29,Male
1392,IMM_5,3,1,3,30-39,Male
1392,IMM_3,2,1,3,30-39,Male
1392,IMM_10,4,1,3,30-39,Male
1392,IMM_8,3,1,3,30-39,Male
1392,IMM_2,4,1,3,30-39,Male
1392,IMM_1,2,1,3,30-39,Male
1392,IMM_6,3,1,3,30-39,Male
1392,IMM_9,3,1,3,30-39,Male
1392,IMM_4,2,1,3,30-39,Male
1392,IMM_7,1,1,3,30-39,Male
1395,IMM_7,0,1,1,30-39,Female
1395,IMM_5,0,1,1,30-39,Female
1395,IMM_10,3,1,1,30-39,Female
1395,IMM_9,4,1,1,30-39,Female
1395,IMM_8,4,1,1,30-39,Female
1395,IMM_3,4,1,1,30-39,Female
1395,IMM_1,0,1,1,30-39,Female
1395,IMM_2,1,1,1,30-39,Female
1395,IMM_6,3,1,1,30-39,Female
1395,IMM_4,1,1,1,30-39,Female
1405,IMM_9,4,1,2,18-29,Female
1405,IMM_1,0,1,2,18-29,Female
1405,IMM_8,2,1,2,18-29,Female
1405,IMM_4,0,1,2,18-29,Female
1405,IMM_3,4,1,2,18-29,Female
1405,IMM_7,0,1,2,18-29,Female
1405,IMM_10,0,1,2,18-29,Female
1405,IMM_5,0,1,2,18-29,Female
1405,IMM_2,0,1,2,18-29,Female
1405,IMM_6,2,1,2,18-29,Female
1417,IMM_5,0,1,1,40-49,Female
1417,IMM_3,4,1,1,40-49,Female
1417,IMM_10,1,1,1,40-49,Female
1417,IMM_4,0,1,1,40-49,Female
1417,IMM_8,1,1,1,40-49,Female
1417,IMM_9,3,1,1,40-49,Female
1417,IMM_6,3,1,1,40-49,Female
1417,IMM_7,0,1,1,40-49,Female
1417,IMM_2,0,1,1,40-49,Female
1417,IMM_1,0,1,1,40-49,Female
1420,IMM_6,2,1,1,50-59,Male
1420,IMM_8,4,1,1,50-59,Male
1420,IMM_4,0,1,1,50-59,Male
1420,IMM_3,0,1,1,50-59,Male
1420,IMM_7,0,1,1,50-59,Male
1420,IMM_2,2,1,1,50-59,Male
1420,IMM_5,0,1,1,50-59,Male
1420,IMM_10,3,1,1,50-59,Male
1420,IMM_1,0,1,1,50-59,Male
1420,IMM_9,2,1,1,50-59,Male
1432,IMM_9,4,1,3,50-59,Male
1432,IMM_5,0,1,3,50-59,Male
1432,IMM_4,3,1,3,50-59,Male
1432,IMM_10,4,1,3,50-59,Male
1432,IMM_7,0,1,3,50-59,Male
1432,IMM_6,4,1,3,50-59,Male
1432,IMM_8,4,1,3,50-59,Male
1432,IMM_2,1,1,3,50-59,Male
1432,IMM_3,4,1,3,50-59,Male
1432,IMM_1,0,1,3,50-59,Male
1434,IMM_4,3,1,1,18-29,Female
1434,IMM_8,4,1,1,18-29,Female
1434,IMM_3,1,1,1,18-29,Female
1434,IMM_2,0,1,1,18-29,Female
1434,IMM_6,4,1,1,18-29,Female
1434,IMM_9,4,1,1,18-29,Female
1434,IMM_7,0,1,1,18-29,Female
1434,IMM_10,4,1,1,18-29,Female
1434,IMM_5,0,1,1,18-29,Female
1434,IMM_1,0,1,1,18-29,Female
1447,IMM_3,4,1,1,30-39,Male
1447,IMM_5,1,1,1,30-39,Male
1447,IMM_6,3,1,1,30-39,Male
1447,IMM_2,3,1,1,30-39,Male
1447,IMM_1,1,1,1,30-39,Male
1447,IMM_8,1,1,1,30-39,Male
1447,IMM_7,2,1,1,30-39,Male
1447,IMM_9,1,1,1,30-39,Male
1447,IMM_10,1,1,1,30-39,Male
1447,IMM_4,0,1,1,30-39,Male
1466,IMM_3,4,1,5,30-39,Male
1466,IMM_10,3,1,5,30-39,Male
1466,IMM_8,3,1,5,30-39,Male
1466,IMM_7,0,1,5,30-39,Male
1466,IMM_6,4,1,5,30-39,Male
1466,IMM_9,0,1,5,30-39,Male
1466,IMM_2,0,1,5,30-39,Male
1466,IMM_5,1,1,5,30-39,Male
1466,IMM_1,0,1,5,30-39,Male
1466,IMM_4,1,1,5,30-39,Male
1486,IMM_1,1,1,1,50-59,Male
1486,IMM_5,0,1,1,50-59,Male
1486,IMM_3,4,1,1,50-59,Male
1486,IMM_4,2,1,1,50-59,Male
1486,IMM_7,0,1,1,50-59,Male
1486,IMM_10,2,1,1,50-59,Male
1486,IMM_8,3,1,1,50-59,Male
1486,IMM_2,2,1,1,50-59,Male
1486,IMM_9,3,1,1,50-59,Male
1486,IMM_6,2,1,1,50-59,Male
1489,IMM_2,3,1,7,30-39,Male
1489,IMM_7,4,1,7,30-39,Male
1489,IMM_6,4,1,7,30-39,Male
1489,IMM_3,1,1,7,30-39,Male
1489,IMM_1,3,1,7,30-39,Male
1489,IMM_9,3,1,7,30-39,Male
1489,IMM_8,3,1,7,30-39,Male
1489,IMM_4,4,1,7,30-39,Male
1489,IMM_5,4,1,7,30-39,Male
1489,IMM_10,3,1,7,30-39,Male
1505,IMM_4,0,1,1,50-59,Male
1505,IMM_1,0,1,1,50-59,Male
1505,IMM_2,1,1,1,50-59,Male
1505,IMM_6,3,1,1,50-59,Male
1505,IMM_10,4,1,1,50-59,Male
1505,IMM_9,1,1,1,50-59,Male
1505,IMM_5,0,1,1,50-59,Male
1505,IMM_8,4,1,1,50-59,Male
1505,IMM_7,0,1,1,50-59,Male
1505,IMM_3,4,1,1,50-59,Male
1549,IMM_3,4,1,2,40-49,Male
1549,IMM_6,2,1,2,40-49,Male
1549,IMM_2,2,1,2,40-49,Male
1549,IMM_5,0,1,2,40-49,Male
1549,IMM_7,0,1,2,40-49,Male
1549,IMM_8,2,1,2,40-49,Male
1549,IMM_1,0,1,2,40-49,Male
1549,IMM_9,1,1,2,40-49,Male
1549,IMM_4,1,1,2,40-49,Male
1549,IMM_10,2,1,2,40-49,Male
1564,IMM_7,0,1,1,40-49,Male
1564,IMM_10,4,1,1,40-49,Male
1564,IMM_5,0,1,1,40-49,Male
1564,IMM_4,0,1,1,40-49,Male
1564,IMM_3,4,1,1,40-49,Male
1564,IMM_6,3,1,1,40-49,Male
1564,IMM_8,4,1,1,40-49,Male
1564,IMM_2,4,1,1,40-49,Male
1564,IMM_9,4,1,1,40-49,Male
1564,IMM_1,0,1,1,40-49,Male
1568,IMM_6,2,1,1,70-79,Male
1568,IMM_5,0,1,1,70-79,Male
1568,IMM_7,0,1,1,70-79,Male
1568,IMM_3,4,1,1,70-79,Male
1568,IMM_9,4,1,1,70-79,Male
1568,IMM_1,4,1,1,70-79,Male
1568,IMM_2,1,1,1,70-79,Male
1568,IMM_10,4,1,1,70-79,Male
1568,IMM_4,2,1,1,70-79,Male
1568,IMM_8,0,1,1,70-79,Male
1574,IMM_1,0,1,1,50-59,Male
1574,IMM_8,3,1,1,50-59,Male
1574,IMM_10,4,1,1,50-59,Male
1574,IMM_2,2,1,1,50-59,Male
1574,IMM_6,2,1,1,50-59,Male
1574,IMM_7,0,1,1,50-59,Male
1574,IMM_5,0,1,1,50-59,Male
1574,IMM_3,4,1,1,50-59,Male
1574,IMM_4,0,1,1,50-59,Male
1574,IMM_9,4,1,1,50-59,Male
1590,IMM_8,4,1,1,60-69,Male
1590,IMM_9,2,1,1,60-69,Male
1590,IMM_10,4,1,1,60-69,Male
1590,IMM_5,1,1,1,60-69,Male
1590,IMM_6,3,1,1,60-69,Male
1590,IMM_3,4,1,1,60-69,Male
1590,IMM_7,0,1,1,60-69,Male
1590,IMM_4,1,1,1,60-69,Male
1590,IMM_2,4,1,1,60-69,Male
1590,IMM_1,0,1,1,60-69,Male
1593,IMM_10,4,1,3,50-59,Male
1593,IMM_2,2,1,3,50-59,Male
1593,IMM_9,3,1,3,50-59,Male
1593,IMM_8,4,1,3,50-59,Male
1593,IMM_6,4,1,3,50-59,Male
1593,IMM_3,4,1,3,50-59,Male
1593,IMM_7,1,1,3,50-59,Male
1593,IMM_4,0,1,3,50-59,Male
1593,IMM_5,0,1,3,50-59,Male
1593,IMM_1,0,1,3,50-59,Male
1603,IMM_2,3,1,3,30-39,Male
1603,IMM_6,1,1,3,30-39,Male
1603,IMM_1,2,1,3,30-39,Male
1603,IMM_3,2,1,3,30-39,Male
1603,IMM_9,1,1,3,30-39,Male
1603,IMM_4,2,1,3,30-39,Male
1603,IMM_7,2,1,3,30-39,Male
1603,IMM_5,1,1,3,30-39,Male
1603,IMM_10,2,1,3,30-39,Male
1603,IMM_8,3,1,3,30-39,Male
1618,IMM_1,0,1,1,30-39,Female
1618,IMM_2,4,1,1,30-39,Female
1618,IMM_7,1,1,1,30-39,Female
1618,IMM_3,4,1,1,30-39,Female
1618,IMM_9,3,1,1,30-39,Female
1618,IMM_6,3,1,1,30-39,Female
1618,IMM_5,1,1,1,30-39,Female
1618,IMM_4,0,1,1,30-39,Female
1618,IMM_10,4,1,1,30-39,Female
1618,IMM_8,3,1,1,30-39,Female
1626,IMM_1,0,1,2,30-39,Female
1626,IMM_6,1,1,2,30-39,Female
1626,IMM_2,1,1,2,30-39,Female
1626,IMM_9,3,1,2,30-39,Female
1626,IMM_7,0,1,2,30-39,Female
1626,IMM_4,0,1,2,30-39,Female
1626,IMM_5,0,1,2,30-39,Female
1626,IMM_8,3,1,2,30-39,Female
1626,IMM_10,2,1,2,30-39,Female
1626,IMM_3,4,1,2,30-39,Female
1627,IMM_5,0,1,3,70-79,Male
1627,IMM_9,3,1,3,70-79,Male
1627,IMM_3,4,1,3,70-79,Male
1627,IMM_10,3,1,3,70-79,Male
1627,IMM_4,1,1,3,70-79,Male
1627,IMM_8,3,1,3,70-79,Male
1627,IMM_7,0,1,3,70-79,Male
1627,IMM_6,3,1,3,70-79,Male
1627,IMM_1,0,1,3,70-79,Male
1627,IMM_2,3,1,3,70-79,Male
1646,IMM_6,2,1,2,30-39,Female
1646,IMM_4,1,1,2,30-39,Female
1646,IMM_8,2,1,2,30-39,Female
1646,IMM_3,4,1,2,30-39,Female
1646,IMM_9,3,1,2,30-39,Female
1646,IMM_2,2,1,2,30-39,Female
1646,IMM_1,0,1,2,30-39,Female
1646,IMM_5,2,1,2,30-39,Female
1646,IMM_10,4,1,2,30-39,Female
1646,IMM_7,0,1,2,30-39,Female
1654,IMM_8,1,1,2,18-29,Female
1654,IMM_4,1,1,2,18-29,Female
1654,IMM_2,2,1,2,18-29,Female
1654,IMM_10,2,1,2,18-29,Female
1654,IMM_1,0,1,2,18-29,Female
1654,IMM_3,4,1,2,18-29,Female
1654,IMM_5,0,1,2,18-29,Female
1654,IMM_9,2,1,2,18-29,Female
1654,IMM_7,0,1,2,18-29,Female
1654,IMM_6,3,1,2,18-29,Female
1676,IMM_5,0,1,1,30-39,Male
1676,IMM_6,4,1,1,30-39,Male
1676,IMM_3,4,1,1,30-39,Male
1676,IMM_4,1,1,1,30-39,Male
1676,IMM_9,1,1,1,30-39,Male
1676,IMM_7,0,1,1,30-39,Male
1676,IMM_1,1,1,1,30-39,Male
1676,IMM_10,1,1,1,30-39,Male
1676,IMM_8,4,1,1,30-39,Male
1676,IMM_2,3,1,1,30-39,Male
1682,IMM_5,0,1,1,50-59,Male
1682,IMM_6,0,1,1,50-59,Male
1682,IMM_2,0,1,1,50-59,Male
1682,IMM_7,0,1,1,50-59,Male
1682,IMM_1,0,1,1,50-59,Male
1682,IMM_3,4,1,1,50-59,Male
1682,IMM_4,1,1,1,50-59,Male
1682,IMM_9,4,1,1,50-59,Male
1682,IMM_8,1,1,1,50-59,Male
1682,IMM_10,4,1,1,50-59,Male
1688,IMM_9,3,1,1,40-49,Female
1688,IMM_8,4,1,1,40-49,Female
1688,IMM_4,2,1,1,40-49,Female
1688,IMM_6,2,1,1,40-49,Female
1688,IMM_5,0,1,1,40-49,Female
1688,IMM_3,4,1,1,40-49,Female
1688,IMM_7,2,1,1,40-49,Female
1688,IMM_10,3,1,1,40-49,Female
1688,IMM_2,4,1,1,40-49,Female
1688,IMM_1,2,1,1,40-49,Female
1693,IMM_10,4,1,1,50-59,Female
1693,IMM_1,0,1,1,50-59,Female
1693,IMM_6,3,1,1,50-59,Female
1693,IMM_4,0,1,1,50-59,Female
1693,IMM_8,3,1,1,50-59,Female
1693,IMM_7,0,1,1,50-59,Female
1693,IMM_2,3,1,1,50-59,Female
1693,IMM_3,4,1,1,50-59,Female
1693,IMM_9,3,1,1,50-59,Female
1693,IMM_5,0,1,1,50-59,Female
1703,IMM_8,3,1,1,18-29,Male
1703,IMM_4,0,1,1,18-29,Male
1703,IMM_1,0,1,1,18-29,Male
1703,IMM_6,0,1,1,18-29,Male
1703,IMM_3,4,1,1,18-29,Male
1703,IMM_2,2,1,1,18-29,Male
1703,IMM_9,4,1,1,18-29,Male
1703,IMM_10,4,1,1,18-29,Male
1703,IMM_5,0,1,1,18-29,Male
1703,IMM_7,0,1,1,18-29,Male
1708,IMM_8,3,1,3,60-69,Female
1708,IMM_4,0,1,3,60-69,Female
1708,IMM_9,2,1,3,60-69,Female
1708,IMM_3,4,1,3,60-69,Female
1708,IMM_2,3,1,3,60-69,Female
1708,IMM_10,1,1,3,60-69,Female
1708,IMM_7,0,1,3,60-69,Female
1708,IMM_6,3,1,3,60-69,Female
1708,IMM_1,0,1,3,60-69,Female
1708,IMM_5,0,1,3,60-69,Female
1724,IMM_8,4,1,1,60-69,Male
1724,IMM_7,0,1,1,60-69,Male
1724,IMM_4,0,1,1,60-69,Male
1724,IMM_3,4,1,1,60-69,Male
1724,IMM_6,3,1,1,60-69,Male
1724,IMM_5,0,1,1,60-69,Male
1724,IMM_9,0,1,1,60-69,Male
1724,IMM_2,1,1,1,60-69,Male
1724,IMM_10,4,1,1,60-69,Male
1724,IMM_1,0,1,1,60-69,Male
1729,IMM_5,1,1,1,30-39,Female
1729,IMM_3,4,1,1,30-39,Female
1729,IMM_10,3,1,1,30-39,Female
1729,IMM_8,0,1,1,30-39,Female
1729,IMM_6,0,1,1,30-39,Female
1729,IMM_7,0,1,1,30-39,Female
1729,IMM_1,0,1,1,30-39,Female
1729,IMM_9,0,1,1,30-39,Female
1729,IMM_4,2,1,1,30-39,Female
1729,IMM_2,2,1,1,30-39,Female
1750,IMM_9,4,1,1,50-59,Male
1750,IMM_1,0,1,1,50-59,Male
1750,IMM_3,4,1,1,50-59,Male
1750,IMM_7,0,1,1,50-59,Male
1750,IMM_5,0,1,1,50-59,Male
1750,IMM_4,0,1,1,50-59,Male
1750,IMM_2,3,1,1,50-59,Male
1750,IMM_8,2,1,1,50-59,Male
1750,IMM_6,3,1,1,50-59,Male
1750,IMM_10,4,1,1,50-59,Male
1761,IMM_9,2,1,1,18-29,Male
1761,IMM_5,0,1,1,18-29,Male
1761,IMM_6,3,1,1,18-29,Male
1761,IMM_7,2,1,1,18-29,Male
1761,IMM_10,4,1,1,18-29,Male
1761,IMM_1,1,1,1,18-29,Male
1761,IMM_2,3,1,1,18-29,Male
1761,IMM_8,4,1,1,18-29,Male
1761,IMM_4,1,1,1,18-29,Male
1761,IMM_3,4,1,1,18-29,Male
1762,IMM_7,0,1,1,30-39,Male
1762,IMM_2,4,1,1,30-39,Male
1762,IMM_1,0,1,1,30-39,Male
1762,IMM_5,0,1,1,30-39,Male
1762,IMM_4,0,1,1,30-39,Male
1762,IMM_9,4,1,1,30-39,Male
1762,IMM_10,4,1,1,30-39,Male
1762,IMM_8,4,1,1,30-39,Male
1762,IMM_6,4,1,1,30-39,Male
1762,IMM_3,4,1,1,30-39,Male
1771,IMM_8,4,1,1,30-39,Female
1771,IMM_4,0,1,1,30-39,Female
1771,IMM_7,0,1,1,30-39,Female
1771,IMM_9,2,1,1,30-39,Female
1771,IMM_10,4,1,1,30-39,Female
1771,IMM_3,4,1,1,30-39,Female
1771,IMM_1,0,1,1,30-39,Female
1771,IMM_2,1,1,1,30-39,Female
1771,IMM_6,3,1,1,30-39,Female
1771,IMM_5,0,1,1,30-39,Female
1773,IMM_10,3,1,1,30-39,Male
1773,IMM_7,1,1,1,30-39,Male
1773,IMM_5,3,1,1,30-39,Male
1773,IMM_8,3,1,1,30-39,Male
1773,IMM_3,4,1,1,30-39,Male
1773,IMM_9,2,1,1,30-39,Male
1773,IMM_4,3,1,1,30-39,Male
1773,IMM_6,3,1,1,30-39,Male
1773,IMM_2,3,1,1,30-39,Male
1773,IMM_1,2,1,1,30-39,Male
1778,IMM_8,1,1,1,60-69,Female
1778,IMM_10,4,1,1,60-69,Female
1778,IMM_3,4,1,1,60-69,Female
1778,IMM_5,0,1,1,60-69,Female
1778,IMM_6,2,1,1,60-69,Female
1778,IMM_4,0,1,1,60-69,Female
1778,IMM_2,1,1,1,60-69,Female
1778,IMM_1,0,1,1,60-69,Female
1778,IMM_7,0,1,1,60-69,Female
1778,IMM_9,4,1,1,60-69,Female
1783,IMM_10,3,1,1,40-49,Male
1783,IMM_4,2,1,1,40-49,Male
1783,IMM_7,0,1,1,40-49,Male
1783,IMM_6,2,1,1,40-49,Male
1783,IMM_1,1,1,1,40-49,Male
1783,IMM_9,3,1,1,40-49,Male
1783,IMM_8,4,1,1,40-49,Male
1783,IMM_5,0,1,1,40-49,Male
1783,IMM_2,3,1,1,40-49,Male
1783,IMM_3,4,1,1,40-49,Male
1785,IMM_6,3,1,1,40-49,Male
1785,IMM_7,0,1,1,40-49,Male
1785,IMM_1,0,1,1,40-49,Male
1785,IMM_5,4,1,1,40-49,Male
1785,IMM_2,4,1,1,40-49,Male
1785,IMM_3,4,1,1,40-49,Male
1785,IMM_9,4,1,1,40-49,Male
1785,IMM_4,0,1,1,40-49,Male
1785,IMM_10,4,1,1,40-49,Male
1785,IMM_8,4,1,1,40-49,Male
1793,IMM_2,1,1,1,30-39,Male
1793,IMM_5,0,1,1,30-39,Male
1793,IMM_10,4,1,1,30-39,Male
1793,IMM_4,1,1,1,30-39,Male
1793,IMM_1,0,1,1,30-39,Male
1793,IMM_8,4,1,1,30-39,Male
1793,IMM_6,1,1,1,30-39,Male
1793,IMM_9,4,1,1,30-39,Male
1793,IMM_7,0,1,1,30-39,Male
1793,IMM_3,4,1,1,30-39,Male
1803,IMM_7,0,1,1,40-49,Male
1803,IMM_6,3,1,1,40-49,Male
1803,IMM_5,0,1,1,40-49,Male
1803,IMM_3,4,1,1,40-49,Male
1803,IMM_10,4,1,1,40-49,Male
1803,IMM_2,3,1,1,40-49,Male
1803,IMM_8,3,1,1,40-49,Male
1803,IMM_4,0,1,1,40-49,Male
1803,IMM_9,3,1,1,40-49,Male
1803,IMM_1,0,1,1,40-49,Male
1809,IMM_10,4,1,1,30-39,Male
1809,IMM_4,4,1,1,30-39,Male
1809,IMM_9,4,1,1,30-39,Male
1809,IMM_2,3,1,1,30-39,Male
1809,IMM_5,4,1,1,30-39,Male
1809,IMM_1,4,1,1,30-39,Male
1809,IMM_3,0,1,1,30-39,Male
1809,IMM_6,3,1,1,30-39,Male
1809,IMM_8,4,1,1,30-39,Male
1809,IMM_7,3,1,1,30-39,Male
1824,IMM_2,1,1,7,18-29,Male
1824,IMM_3,1,1,7,18-29,Male
1824,IMM_1,3,1,7,18-29,Male
1824,IMM_8,0,1,7,18-29,Male
1824,IMM_9,0,1,7,18-29,Male
1824,IMM_10,0,1,7,18-29,Male
1824,IMM_5,1,1,7,18-29,Male
1824,IMM_4,4,1,7,18-29,Male
1824,IMM_7,1,1,7,18-29,Male
1824,IMM_6,4,1,7,18-29,Male
1840,IMM_4,0,1,1,70-79,Male
1840,IMM_9,3,1,1,70-79,Male
1840,IMM_7,0,1,1,70-79,Male
1840,IMM_6,3,1,1,70-79,Male
1840,IMM_5,0,1,1,70-79,Male
1840,IMM_1,0,1,1,70-79,Male
1840,IMM_3,4,1,1,70-79,Male
1840,IMM_8,4,1,1,70-79,Male
1840,IMM_10,4,1,1,70-79,Male
1840,IMM_2,4,1,1,70-79,Male
1862,IMM_7,0,1,3,18-29,Male
1862,IMM_3,4,1,3,18-29,Male
1862,IMM_8,1,1,3,18-29,Male
1862,IMM_10,1,1,3,18-29,Male
1862,IMM_1,2,1,3,18-29,Male
1862,IMM_2,2,1,3,18-29,Male
1862,IMM_5,2,1,3,18-29,Male
1862,IMM_9,2,1,3,18-29,Male
1862,IMM_4,2,1,3,18-29,Male
1862,IMM_6,2,1,3,18-29,Male
1866,IMM_5,0,1,1,70-79,Male
1866,IMM_9,4,1,1,70-79,Male
1866,IMM_4,0,1,1,70-79,Male
1866,IMM_8,4,1,1,70-79,Male
1866,IMM_1,0,1,1,70-79,Male
1866,IMM_10,4,1,1,70-79,Male
1866,IMM_6,4,1,1,70-79,Male
1866,IMM_2,2,1,1,70-79,Male
1866,IMM_7,0,1,1,70-79,Male
1866,IMM_3,4,1,1,70-79,Male
1882,IMM_10,4,1,1,50-59,Male
1882,IMM_8,3,1,1,50-59,Male
1882,IMM_5,0,1,1,50-59,Male
1882,IMM_1,0,1,1,50-59,Male
1882,IMM_2,0,1,1,50-59,Male
1882,IMM_3,4,1,1,50-59,Male
1882,IMM_6,4,1,1,50-59,Male
1882,IMM_7,0,1,1,50-59,Male
1882,IMM_4,0,1,1,50-59,Male
1882,IMM_9,4,1,1,50-59,Male
1884,IMM_8,4,1,1,60-69,Male
1884,IMM_3,4,1,1,60-69,Male
1884,IMM_9,3,1,1,60-69,Male
1884,IMM_6,3,1,1,60-69,Male
1884,IMM_4,0,1,1,60-69,Male
1884,IMM_5,0,1,1,60-69,Male
1884,IMM_10,4,1,1,60-69,Male
1884,IMM_7,0,1,1,60-69,Male
1884,IMM_2,4,1,1,60-69,Male
1884,IMM_1,0,1,1,60-69,Male
1887,IMM_6,3,1,1,60-69,Male
1887,IMM_9,4,1,1,60-69,Male
1887,IMM_1,0,1,1,60-69,Male
1887,IMM_4,1,1,1,60-69,Male
1887,IMM_7,0,1,1,60-69,Male
1887,IMM_3,4,1,1,60-69,Male
1887,IMM_8,4,1,1,60-69,Male
1887,IMM_10,4,1,1,60-69,Male
1887,IMM_2,3,1,1,60-69,Male
1887,IMM_5,4,1,1,60-69,Male
1892,IMM_2,3,1,1,50-59,Male
1892,IMM_8,3,1,1,50-59,Male
1892,IMM_3,4,1,1,50-59,Male
1892,IMM_9,2,1,1,50-59,Male
1892,IMM_6,4,1,1,50-59,Male
1892,IMM_10,3,1,1,50-59,Male
1892,IMM_1,1,1,1,50-59,Male
1892,IMM_5,1,1,1,50-59,Male
1892,IMM_7,0,1,1,50-59,Male
1892,IMM_4,1,1,1,50-59,Male
1912,IMM_1,0,1,1,60-69,Male
1912,IMM_10,4,1,1,60-69,Male
1912,IMM_5,0,1,1,60-69,Male
1912,IMM_3,4,1,1,60-69,Male
1912,IMM_6,3,1,1,60-69,Male
1912,IMM_9,1,1,1,60-69,Male
1912,IMM_2,3,1,1,60-69,Male
1912,IMM_7,0,1,1,60-69,Male
1912,IMM_4,0,1,1,60-69,Male
1912,IMM_8,4,1,1,60-69,Male
1914,IMM_4,3,1,7,30-39,Male
1914,IMM_1,4,1,7,30-39,Male
1914,IMM_9,2,1,7,30-39,Male
1914,IMM_3,1,1,7,30-39,Male
1914,IMM_2,4,1,7,30-39,Male
1914,IMM_10,3,1,7,30-39,Male
1914,IMM_8,4,1,7,30-39,Male
1914,IMM_5,2,1,7,30-39,Male
1914,IMM_7,0,1,7,30-39,Male
1914,IMM_6,0,1,7,30-39,Male
1920,IMM_7,0,1,1,70-79,Male
1920,IMM_2,2,1,1,70-79,Male
1920,IMM_3,4,1,1,70-79,Male
1920,IMM_9,3,1,1,70-79,Male
1920,IMM_8,3,1,1,70-79,Male
1920,IMM_10,4,1,1,70-79,Male
1920,IMM_1,0,1,1,70-79,Male
1920,IMM_5,0,1,1,70-79,Male
1920,IMM_4,1,1,1,70-79,Male
1920,IMM_6,4,1,1,70-79,Male
1923,IMM_5,0,1,1,70-79,Male
1923,IMM_8,4,1,1,70-79,Male
1923,IMM_4,0,1,1,70-79,Male
1923,IMM_3,4,1,1,70-79,Male
1923,IMM_2,1,1,1,70-79,Male
1923,IMM_10,4,1,1,70-79,Male
1923,IMM_9,2,1,1,70-79,Male
1923,IMM_7,0,1,1,70-79,Male
1923,IMM_1,0,1,1,70-79,Male
1923,IMM_6,3,1,1,70-79,Male
1936,IMM_10,4,1,3,60-69,Male
1936,IMM_4,4,1,3,60-69,Male
1936,IMM_8,4,1,3,60-69,Male
1936,IMM_9,2,1,3,60-69,Male
1936,IMM_5,0,1,3,60-69,Male
1936,IMM_3,4,1,3,60-69,Male
1936,IMM_6,3,1,3,60-69,Male
1936,IMM_2,3,1,3,60-69,Male
1936,IMM_1,0,1,3,60-69,Male
1936,IMM_7,0,1,3,60-69,Male
1938,IMM_5,1,1,1,30-39,Male
1938,IMM_9,2,1,1,30-39,Male
1938,IMM_8,3,1,1,30-39,Male
1938,IMM_6,2,1,1,30-39,Male
1938,IMM_4,3,1,1,30-39,Male
1938,IMM_3,4,1,1,30-39,Male
1938,IMM_1,0,1,1,30-39,Male
1938,IMM_7,0,1,1,30-39,Male
1938,IMM_2,0,1,1,30-39,Male
1938,IMM_10,3,1,1,30-39,Male
1945,IMM_4,0,1,1,70-79,Male
1945,IMM_3,4,1,1,70-79,Male
1945,IMM_8,3,1,1,70-79,Male
1945,IMM_7,0,1,1,70-79,Male
1945,IMM_9,4,1,1,70-79,Male
1945,IMM_1,0,1,1,70-79,Male
1945,IMM_2,3,1,1,70-79,Male
1945,IMM_5,0,1,1,70-79,Male
1945,IMM_6,3,1,1,70-79,Male
1945,IMM_10,4,1,1,70-79,Male
1965,IMM_10,2,1,3,70-79,Male
1965,IMM_8,2,1,3,70-79,Male
1965,IMM_6,0,1,3,70-79,Male
1965,IMM_2,0,1,3,70-79,Male
1965,IMM_9,2,1,3,70-79,Male
1965,IMM_7,0,1,3,70-79,Male
1965,IMM_5,0,1,3,70-79,Male
1965,IMM_1,0,1,3,70-79,Male
1965,IMM_4,0,1,3,70-79,Male
1965,IMM_3,4,1,3,70-79,Male
1973,IMM_10,4,1,1,70-79,Male
1973,IMM_9,4,1,1,70-79,Male
1973,IMM_8,4,1,1,70-79,Male
1973,IMM_1,0,1,1,70-79,Male
1973,IMM_7,0,1,1,70-79,Male
1973,IMM_4,0,1,1,70-79,Male
1973,IMM_2,2,1,1,70-79,Male
1973,IMM_3,4,1,1,70-79,Male
1973,IMM_5,0,1,1,70-79,Male
1973,IMM_6,1,1,1,70-79,Male
1988,IMM_10,4,1,1,60-69,Male
1988,IMM_7,0,1,1,60-69,Male
1988,IMM_5,0,1,1,60-69,Male
1988,IMM_3,4,1,1,60-69,Male
1988,IMM_1,1,1,1,60-69,Male
1988,IMM_8,3,1,1,60-69,Male
1988,IMM_9,3,1,1,60-69,Male
1988,IMM_4,2,1,1,60-69,Male
1988,IMM_6,2,1,1,60-69,Male
1988,IMM_2,1,1,1,60-69,Male
1995,IMM_10,4,1,1,70-79,Male
1995,IMM_1,0,1,1,70-79,Male
1995,IMM_8,4,1,1,70-79,Male
1995,IMM_7,0,1,1,70-79,Male
1995,IMM_6,4,1,1,70-79,Male
1995,IMM_5,0,1,1,70-79,Male
1995,IMM_3,4,1,1,70-79,Male
1995,IMM_2,4,1,1,70-79,Male
1995,IMM_9,4,1,1,70-79,Male
1995,IMM_4,4,1,1,70-79,Male
2010,IMM_7,0,1,3,40-49,Male
2010,IMM_8,4,1,3,40-49,Male
2010,IMM_2,0,1,3,40-49,Male
2010,IMM_5,0,1,3,40-49,Male
2010,IMM_10,2,1,3,40-49,Male
2010,IMM_9,4,1,3,40-49,Male
2010,IMM_4,1,1,3,40-49,Male
2010,IMM_6,2,1,3,40-49,Male
2010,IMM_3,4,1,3,40-49,Male
2010,IMM_1,0,1,3,40-49,Male
2011,IMM_2,4,1,1,50-59,Male
2011,IMM_7,0,1,1,50-59,Male
2011,IMM_1,1,1,1,50-59,Male
2011,IMM_4,1,1,1,50-59,Male
2011,IMM_8,4,1,1,50-59,Male
2011,IMM_3,4,1,1,50-59,Male
2011,IMM_6,4,1,1,50-59,Male
2011,IMM_9,4,1,1,50-59,Male
2011,IMM_10,4,1,1,50-59,Male
2011,IMM_5,0,1,1,50-59,Male
2017,IMM_7,0,1,1,40-49,Male
2017,IMM_10,4,1,1,40-49,Male
2017,IMM_5,0,1,1,40-49,Male
2017,IMM_6,2,1,1,40-49,Male
2017,IMM_8,4,1,1,40-49,Male
2017,IMM_4,1,1,1,40-49,Male
2017,IMM_1,0,1,1,40-49,Male
2017,IMM_3,4,1,1,40-49,Male
2017,IMM_2,1,1,1,40-49,Male
2017,IMM_9,2,1,1,40-49,Male
2022,IMM_2,3,1,1,60-69,Male
2022,IMM_3,4,1,1,60-69,Male
2022,IMM_8,3,1,1,60-69,Male
2022,IMM_7,1,1,1,60-69,Male
2022,IMM_6,2,1,1,60-69,Male
2022,IMM_9,3,1,1,60-69,Male
2022,IMM_10,2,1,1,60-69,Male
2022,IMM_5,0,1,1,60-69,Male
2022,IMM_4,0,1,1,60-69,Male
2022,IMM_1,0,1,1,60-69,Male
2023,IMM_8,3,1,1,70-79,Male
2023,IMM_2,4,1,1,70-79,Male
2023,IMM_10,2,1,1,70-79,Male
2023,IMM_9,2,1,1,70-79,Male
2023,IMM_6,3,1,1,70-79,Male
2023,IMM_5,2,1,1,70-79,Male
2023,IMM_7,0,1,1,70-79,Male
2023,IMM_3,3,1,1,70-79,Male
2023,IMM_1,0,1,1,70-79,Male
2023,IMM_4,4,1,1,70-79,Male
2026,IMM_3,4,1,3,60-69,Male
2026,IMM_2,0,1,3,60-69,Male
2026,IMM_5,0,1,3,60-69,Male
2026,IMM_9,3,1,3,60-69,Male
2026,IMM_4,2,1,3,60-69,Male
2026,IMM_1,0,1,3,60-69,Male
2026,IMM_8,3,1,3,60-69,Male
2026,IMM_10,3,1,3,60-69,Male
2026,IMM_6,1,1,3,60-69,Male
2026,IMM_7,0,1,3,60-69,Male
2027,IMM_9,1,1,1,60-69,Male
2027,IMM_7,0,1,1,60-69,Male
2027,IMM_6,3,1,1,60-69,Male
2027,IMM_8,4,1,1,60-69,Male
2027,IMM_1,0,1,1,60-69,Male
2027,IMM_10,4,1,1,60-69,Male
2027,IMM_5,1,1,1,60-69,Male
2027,IMM_4,1,1,1,60-69,Male
2027,IMM_3,4,1,1,60-69,Male
2027,IMM_2,3,1,1,60-69,Male
2039,IMM_1,4,1,3,70-79,Male
2039,IMM_3,4,1,3,70-79,Male
2039,IMM_7,1,1,3,70-79,Male
2039,IMM_2,0,1,3,70-79,Male
2039,IMM_8,3,1,3,70-79,Male
2039,IMM_6,4,1,3,70-79,Male
2039,IMM_10,3,1,3,70-79,Male
2039,IMM_9,3,1,3,70-79,Male
2039,IMM_4,1,1,3,70-79,Male
2039,IMM_5,1,1,3,70-79,Male
2041,IMM_5,0,1,1,60-69,Male
2041,IMM_1,0,1,1,60-69,Male
2041,IMM_9,4,1,1,60-69,Male
2041,IMM_6,4,1,1,60-69,Male
2041,IMM_2,0,1,1,60-69,Male
2041,IMM_4,1,1,1,60-69,Male
2041,IMM_8,4,1,1,60-69,Male
2041,IMM_10,4,1,1,60-69,Male
2041,IMM_3,4,1,1,60-69,Male
2041,IMM_7,0,1,1,60-69,Male
2043,IMM_1,0,1,1,50-59,Male
2043,IMM_3,4,1,1,50-59,Male
2043,IMM_7,0,1,1,50-59,Male
2043,IMM_8,3,1,1,50-59,Male
2043,IMM_5,0,1,1,50-59,Male
2043,IMM_9,3,1,1,50-59,Male
2043,IMM_10,4,1,1,50-59,Male
2043,IMM_4,1,1,1,50-59,Male
2043,IMM_2,3,1,1,50-59,Male
2043,IMM_6,3,1,1,50-59,Male
2059,IMM_10,4,1,3,60-69,Male
2059,IMM_3,4,1,3,60-69,Male
2059,IMM_9,4,1,3,60-69,Male
2059,IMM_4,0,1,3,60-69,Male
2059,IMM_6,3,1,3,60-69,Male
2059,IMM_7,0,1,3,60-69,Male
2059,IMM_1,0,1,3,60-69,Male
2059,IMM_2,1,1,3,60-69,Male
2059,IMM_5,0,1,3,60-69,Male
2059,IMM_8,4,1,3,60-69,Male
2071,IMM_1,0,1,2,50-59,Male
2071,IMM_5,0,1,2,50-59,Male
2071,IMM_4,1,1,2,50-59,Male
2071,IMM_8,4,1,2,50-59,Male
2071,IMM_9,4,1,2,50-59,Male
2071,IMM_10,4,1,2,50-59,Male
2071,IMM_7,3,1,2,50-59,Male
2071,IMM_6,4,1,2,50-59,Male
2071,IMM_3,4,1,2,50-59,Male
2071,IMM_2,3,1,2,50-59,Male
2080,IMM_8,3,1,1,70-79,Male
2080,IMM_2,2,1,1,70-79,Male
2080,IMM_9,3,1,1,70-79,Male
2080,IMM_6,2,1,1,70-79,Male
2080,IMM_1,1,1,1,70-79,Male
2080,IMM_4,2,1,1,70-79,Male
2080,IMM_10,3,1,1,70-79,Male
2080,IMM_7,1,1,1,70-79,Male
2080,IMM_3,4,1,1,70-79,Male
2080,IMM_5,1,1,1,70-79,Male
2091,IMM_10,4,1,1,60-69,Male
2091,IMM_6,4,1,1,60-69,Male
2091,IMM_3,4,1,1,60-69,Male
2091,IMM_9,4,1,1,60-69,Male
2091,IMM_8,4,1,1,60-69,Male
2091,IMM_1,0,1,1,60-69,Male
2091,IMM_5,0,1,1,60-69,Male
2091,IMM_7,1,1,1,60-69,Male
2091,IMM_4,3,1,1,60-69,Male
2091,IMM_2,4,1,1,60-69,Male
2093,IMM_4,0,1,1,60-69,Male
2093,IMM_10,4,1,1,60-69,Male
2093,IMM_1,0,1,1,60-69,Male
2093,IMM_3,4,1,1,60-69,Male
2093,IMM_9,4,1,1,60-69,Male
2093,IMM_6,4,1,1,60-69,Male
2093,IMM_8,4,1,1,60-69,Male
2093,IMM_7,0,1,1,60-69,Male
2093,IMM_5,0,1,1,60-69,Male
2093,IMM_2,0,1,1,60-69,Male
2095,IMM_10,3,1,1,40-49,Male
2095,IMM_7,2,1,1,40-49,Male
2095,IMM_9,4,1,1,40-49,Male
2095,IMM_1,1,1,1,40-49,Male
2095,IMM_2,4,1,1,40-49,Male
2095,IMM_8,3,1,1,40-49,Male
2095,IMM_5,2,1,1,40-49,Male
2095,IMM_6,4,1,1,40-49,Male
2095,IMM_3,4,1,1,40-49,Male
2095,IMM_4,3,1,1,40-49,Male
2096,IMM_7,0,1,1,80+,Male
2096,IMM_6,3,1,1,80+,Male
2096,IMM_8,2,1,1,80+,Male
2096,IMM_4,1,1,1,80+,Male
2096,IMM_10,3,1,1,80+,Male
2096,IMM_3,4,1,1,80+,Male
2096,IMM_5,1,1,1,80+,Male
2096,IMM_9,1,1,1,80+,Male
2096,IMM_1,0,1,1,80+,Male
2096,IMM_2,1,1,1,80+,Male
2097,IMM_4,0,1,1,50-59,Male
2097,IMM_5,0,1,1,50-59,Male
2097,IMM_1,0,1,1,50-59,Male
2097,IMM_2,3,1,1,50-59,Male
2097,IMM_10,4,1,1,50-59,Male
2097,IMM_6,3,1,1,50-59,Male
2097,IMM_3,4,1,1,50-59,Male
2097,IMM_7,0,1,1,50-59,Male
2097,IMM_9,3,1,1,50-59,Male
2097,IMM_8,4,1,1,50-59,Male
2105,IMM_6,4,1,1,40-49,Male
2105,IMM_5,0,1,1,40-49,Male
2105,IMM_2,0,1,1,40-49,Male
2105,IMM_3,4,1,1,40-49,Male
2105,IMM_1,0,1,1,40-49,Male
2105,IMM_10,4,1,1,40-49,Male
2105,IMM_9,4,1,1,40-49,Male
2105,IMM_4,0,1,1,40-49,Male
2105,IMM_7,0,1,1,40-49,Male
2105,IMM_8,4,1,1,40-49,Male
2110,IMM_8,1,1,5,70-79,Male
2110,IMM_7,2,1,5,70-79,Male
2110,IMM_4,1,1,5,70-79,Male
2110,IMM_3,1,1,5,70-79,Male
2110,IMM_9,3,1,5,70-79,Male
2110,IMM_6,3,1,5,70-79,Male
2110,IMM_2,3,1,5,70-79,Male
2110,IMM_5,3,1,5,70-79,Male
2110,IMM_10,2,1,5,70-79,Male
2110,IMM_1,2,1,5,70-79,Male
2134,IMM_8,4,1,1,70-79,Male
2134,IMM_3,4,1,1,70-79,Male
2134,IMM_10,4,1,1,70-79,Male
2134,IMM_9,4,1,1,70-79,Male
2134,IMM_1,0,1,1,70-79,Male
2134,IMM_7,0,1,1,70-79,Male
2134,IMM_6,3,1,1,70-79,Male
2134,IMM_4,1,1,1,70-79,Male
2134,IMM_2,1,1,1,70-79,Male
2134,IMM_5,1,1,1,70-79,Male
2152,IMM_3,4,1,1,30-39,Male
2152,IMM_8,4,1,1,30-39,Male
2152,IMM_7,0,1,1,30-39,Male
2152,IMM_4,0,1,1,30-39,Male
2152,IMM_9,4,1,1,30-39,Male
2152,IMM_6,3,1,1,30-39,Male
2152,IMM_5,2,1,1,30-39,Male
2152,IMM_10,3,1,1,30-39,Male
2152,IMM_1,1,1,1,30-39,Male
2152,IMM_2,4,1,1,30-39,Male
2154,IMM_10,2,1,1,40-49,Male
2154,IMM_4,1,1,1,40-49,Male
2154,IMM_7,0,1,1,40-49,Male
2154,IMM_2,1,1,1,40-49,Male
2154,IMM_8,2,1,1,40-49,Male
2154,IMM_1,0,1,1,40-49,Male
2154,IMM_9,2,1,1,40-49,Male
2154,IMM_6,2,1,1,40-49,Male
2154,IMM_5,0,1,1,40-49,Male
2154,IMM_3,4,1,1,40-49,Male
2162,IMM_3,4,1,1,40-49,Male
2162,IMM_5,4,1,1,40-49,Male
2162,IMM_1,4,1,1,40-49,Male
2162,IMM_6,2,1,1,40-49,Male
2162,IMM_9,4,1,1,40-49,Male
2162,IMM_8,3,1,1,40-49,Male
2162,IMM_10,3,1,1,40-49,Male
2162,IMM_2,0,1,1,40-49,Male
2162,IMM_4,0,1,1,40-49,Male
2162,IMM_7,0,1,1,40-49,Male
2165,IMM_5,0,1,1,70-79,Male
2165,IMM_3,4,1,1,70-79,Male
2165,IMM_2,0,1,1,70-79,Male
2165,IMM_8,3,1,1,70-79,Male
2165,IMM_1,0,1,1,70-79,Male
2165,IMM_10,4,1,1,70-79,Male
2165,IMM_6,3,1,1,70-79,Male
2165,IMM_9,3,1,1,70-79,Male
2165,IMM_7,0,1,1,70-79,Male
2165,IMM_4,3,1,1,70-79,Male
2177,IMM_3,4,1,1,50-59,Male
2177,IMM_6,4,1,1,50-59,Male
2177,IMM_1,3,1,1,50-59,Male
2177,IMM_9,1,1,1,50-59,Male
2177,IMM_2,4,1,1,50-59,Male
2177,IMM_5,0,1,1,50-59,Male
2177,IMM_4,0,1,1,50-59,Male
2177,IMM_10,1,1,1,50-59,Male
2177,IMM_8,3,1,1,50-59,Male
2177,IMM_7,3,1,1,50-59,Male
2183,IMM_10,4,1,1,30-39,Male
2183,IMM_7,0,1,1,30-39,Male
2183,IMM_6,4,1,1,30-39,Male
2183,IMM_1,1,1,1,30-39,Male
2183,IMM_8,4,1,1,30-39,Male
2183,IMM_4,0,1,1,30-39,Male
2183,IMM_5,0,1,1,30-39,Male
2183,IMM_3,4,1,1,30-39,Male
2183,IMM_2,3,1,1,30-39,Male
2183,IMM_9,4,1,1,30-39,Male
2189,IMM_7,0,1,1,80+,Male
2189,IMM_6,4,1,1,80+,Male
2189,IMM_2,2,1,1,80+,Male
2189,IMM_8,3,1,1,80+,Male
2189,IMM_3,4,1,1,80+,Male
2189,IMM_5,0,1,1,80+,Male
2189,IMM_10,4,1,1,80+,Male
2189,IMM_4,0,1,1,80+,Male
2189,IMM_1,0,1,1,80+,Male
2189,IMM_9,4,1,1,80+,Male
2191,IMM_6,3,1,1,60-69,Male
2191,IMM_2,1,1,1,60-69,Male
2191,IMM_5,0,1,1,60-69,Male
2191,IMM_8,4,1,1,60-69,Male
2191,IMM_9,3,1,1,60-69,Male
2191,IMM_1,0,1,1,60-69,Male
2191,IMM_4,3,1,1,60-69,Male
2191,IMM_3,4,1,1,60-69,Male
2191,IMM_7,1,1,1,60-69,Male
2191,IMM_10,4,1,1,60-69,Male
2208,IMM_6,3,1,1,50-59,Male
2208,IMM_1,0,1,1,50-59,Male
2208,IMM_2,3,1,1,50-59,Male
2208,IMM_3,4,1,1,50-59,Male
2208,IMM_4,2,1,1,50-59,Male
2208,IMM_5,0,1,1,50-59,Male
2208,IMM_8,3,1,1,50-59,Male
2208,IMM_7,0,1,1,50-59,Male
2208,IMM_9,3,1,1,50-59,Male
2208,IMM_10,4,1,1,50-59,Male
2211,IMM_3,4,1,1,18-29,Male
2211,IMM_5,0,1,1,18-29,Male
2211,IMM_6,0,1,1,18-29,Male
2211,IMM_7,0,1,1,18-29,Male
2211,IMM_9,4,1,1,18-29,Male
2211,IMM_8,1,1,1,18-29,Male
2211,IMM_10,4,1,1,18-29,Male
2211,IMM_2,0,1,1,18-29,Male
2211,IMM_4,0,1,1,18-29,Male
2211,IMM_1,0,1,1,18-29,Male
2215,IMM_5,0,1,1,60-69,Male
2215,IMM_10,3,1,1,60-69,Male
2215,IMM_4,2,1,1,60-69,Male
2215,IMM_2,3,1,1,60-69,Male
2215,IMM_9,2,1,1,60-69,Male
2215,IMM_7,0,1,1,60-69,Male
2215,IMM_6,3,1,1,60-69,Male
2215,IMM_3,4,1,1,60-69,Male
2215,IMM_1,0,1,1,60-69,Male
2215,IMM_8,2,1,1,60-69,Male
2226,IMM_7,0,1,1,18-29,Male
2226,IMM_1,0,1,1,18-29,Male
2226,IMM_8,3,1,1,18-29,Male
2226,IMM_2,2,1,1,18-29,Male
2226,IMM_3,4,1,1,18-29,Male
2226,IMM_9,3,1,1,18-29,Male
2226,IMM_6,2,1,1,18-29,Male
2226,IMM_4,0,1,1,18-29,Male
2226,IMM_10,2,1,1,18-29,Male
2226,IMM_5,0,1,1,18-29,Male
2245,IMM_4,4,1,1,60-69,Male
2245,IMM_1,0,1,1,60-69,Male
2245,IMM_10,4,1,1,60-69,Male
2245,IMM_5,0,1,1,60-69,Male
2245,IMM_2,1,1,1,60-69,Male
2245,IMM_6,4,1,1,60-69,Male
2245,IMM_3,4,1,1,60-69,Male
2245,IMM_7,0,1,1,60-69,Male
2245,IMM_9,2,1,1,60-69,Male
2245,IMM_8,4,1,1,60-69,Male
2251,IMM_5,0,1,1,40-49,Male
2251,IMM_1,0,1,1,40-49,Male
2251,IMM_6,2,1,1,40-49,Male
2251,IMM_2,0,1,1,40-49,Male
2251,IMM_4,0,1,1,40-49,Male
2251,IMM_7,0,1,1,40-49,Male
2251,IMM_8,4,1,1,40-49,Male
2251,IMM_3,4,1,1,40-49,Male
2251,IMM_9,4,1,1,40-49,Male
2251,IMM_10,4,1,1,40-49,Male
2252,IMM_8,4,1,1,40-49,Male
2252,IMM_7,0,1,1,40-49,Male
2252,IMM_3,4,1,1,40-49,Male
2252,IMM_2,4,1,1,40-49,Male
2252,IMM_9,4,1,1,40-49,Male
2252,IMM_10,4,1,1,40-49,Male
2252,IMM_1,0,1,1,40-49,Male
2252,IMM_6,4,1,1,40-49,Male
2252,IMM_5,4,1,1,40-49,Male
2252,IMM_4,4,1,1,40-49,Male
2264,IMM_5,0,1,2,70-79,Male
2264,IMM_8,4,1,2,70-79,Male
2264,IMM_1,0,1,2,70-79,Male
2264,IMM_9,4,1,2,70-79,Male
2264,IMM_3,4,1,2,70-79,Male
2264,IMM_6,3,1,2,70-79,Male
2264,IMM_7,0,1,2,70-79,Male
2264,IMM_2,0,1,2,70-79,Male
2264,IMM_4,2,1,2,70-79,Male
2264,IMM_10,4,1,2,70-79,Male
2273,IMM_2,4,1,1,70-79,Male
2273,IMM_9,4,1,1,70-79,Male
2273,IMM_1,1,1,1,70-79,Male
2273,IMM_10,4,1,1,70-79,Male
2273,IMM_4,0,1,1,70-79,Male
2273,IMM_5,0,1,1,70-79,Male
2273,IMM_8,4,1,1,70-79,Male
2273,IMM_6,4,1,1,70-79,Male
2273,IMM_3,4,1,1,70-79,Male
2273,IMM_7,0,1,1,70-79,Male
2292,IMM_6,3,1,1,60-69,Male
2292,IMM_10,4,1,1,60-69,Male
2292,IMM_7,1,1,1,60-69,Male
2292,IMM_5,0,1,1,60-69,Male
2292,IMM_3,4,1,1,60-69,Male
2292,IMM_2,2,1,1,60-69,Male
2292,IMM_4,3,1,1,60-69,Male
2292,IMM_9,4,1,1,60-69,Male
2292,IMM_1,0,1,1,60-69,Male
2292,IMM_8,3,1,1,60-69,Male
2293,IMM_4,0,1,1,40-49,Male
2293,IMM_9,3,1,1,40-49,Male
2293,IMM_8,2,1,1,40-49,Male
2293,IMM_5,0,1,1,40-49,Male
2293,IMM_1,0,1,1,40-49,Male
2293,IMM_3,4,1,1,40-49,Male
2293,IMM_2,3,1,1,40-49,Male
2293,IMM_6,2,1,1,40-49,Male
2293,IMM_7,0,1,1,40-49,Male
2293,IMM_10,2,1,1,40-49,Male
2294,IMM_10,4,1,1,50-59,Male
2294,IMM_9,4,1,1,50-59,Male
2294,IMM_6,4,1,1,50-59,Male
2294,IMM_3,4,1,1,50-59,Male
2294,IMM_4,2,1,1,50-59,Male
2294,IMM_1,1,1,1,50-59,Male
2294,IMM_8,3,1,1,50-59,Male
2294,IMM_5,0,1,1,50-59,Male
2294,IMM_2,0,1,1,50-59,Male
2294,IMM_7,0,1,1,50-59,Male
2307,IMM_8,3,1,1,70-79,Male
2307,IMM_6,0,1,1,70-79,Male
2307,IMM_1,0,1,1,70-79,Male
2307,IMM_4,3,1,1,70-79,Male
2307,IMM_10,4,1,1,70-79,Male
2307,IMM_5,0,1,1,70-79,Male
2307,IMM_7,0,1,1,70-79,Male
2307,IMM_3,4,1,1,70-79,Male
2307,IMM_9,1,1,1,70-79,Male
2307,IMM_2,1,1,1,70-79,Male
2333,IMM_1,0,1,1,60-69,Male
2333,IMM_9,4,1,1,60-69,Male
2333,IMM_8,0,1,1,60-69,Male
2333,IMM_10,4,1,1,60-69,Male
2333,IMM_4,3,1,1,60-69,Male
2333,IMM_5,0,1,1,60-69,Male
2333,IMM_6,3,1,1,60-69,Male
2333,IMM_7,0,1,1,60-69,Male
2333,IMM_3,4,1,1,60-69,Male
2333,IMM_2,4,1,1,60-69,Male
2340,IMM_10,4,1,1,70-79,Male
2340,IMM_6,4,1,1,70-79,Male
2340,IMM_2,3,1,1,70-79,Male
2340,IMM_3,4,1,1,70-79,Male
2340,IMM_9,2,1,1,70-79,Male
2340,IMM_4,0,1,1,70-79,Male
2340,IMM_8,4,1,1,70-79,Male
2340,IMM_1,0,1,1,70-79,Male
2340,IMM_5,0,1,1,70-79,Male
2340,IMM_7,0,1,1,70-79,Male
2345,IMM_9,3,1,1,70-79,Male
2345,IMM_6,2,1,1,70-79,Male
2345,IMM_5,0,1,1,70-79,Male
2345,IMM_7,4,1,1,70-79,Male
2345,IMM_3,4,1,1,70-79,Male
2345,IMM_8,3,1,1,70-79,Male
2345,IMM_1,0,1,1,70-79,Male
2345,IMM_2,3,1,1,70-79,Male
2345,IMM_10,4,1,1,70-79,Male
2345,IMM_4,0,1,1,70-79,Male
2355,IMM_3,0,1,7,30-39,Male
2355,IMM_5,3,1,7,30-39,Male
2355,IMM_6,1,1,7,30-39,Male
2355,IMM_9,3,1,7,30-39,Male
2355,IMM_4,1,1,7,30-39,Male
2355,IMM_2,3,1,7,30-39,Male
2355,IMM_7,3,1,7,30-39,Male
2355,IMM_10,3,1,7,30-39,Male
2355,IMM_8,4,1,7,30-39,Male
2355,IMM_1,3,1,7,30-39,Male
2362,IMM_9,4,1,3,60-69,Male
2362,IMM_3,4,1,3,60-69,Male
2362,IMM_10,4,1,3,60-69,Male
2362,IMM_4,0,1,3,60-69,Male
2362,IMM_8,4,1,3,60-69,Male
2362,IMM_2,0,1,3,60-69,Male
2362,IMM_1,0,1,3,60-69,Male
2362,IMM_5,0,1,3,60-69,Male
2362,IMM_7,0,1,3,60-69,Male
2362,IMM_6,3,1,3,60-69,Male
2368,IMM_5,0,1,1,60-69,Male
2368,IMM_1,0,1,1,60-69,Male
2368,IMM_8,4,1,1,60-69,Male
2368,IMM_9,0,1,1,60-69,Male
2368,IMM_7,1,1,1,60-69,Male
2368,IMM_4,1,1,1,60-69,Male
2368,IMM_2,2,1,1,60-69,Male
2368,IMM_3,4,1,1,60-69,Male
2368,IMM_6,3,1,1,60-69,Male
2368,IMM_10,3,1,1,60-69,Male
2375,IMM_2,1,1,1,60-69,Male
2375,IMM_10,4,1,1,60-69,Male
2375,IMM_1,0,1,1,60-69,Male
2375,IMM_6,4,1,1,60-69,Male
2375,IMM_4,0,1,1,60-69,Male
2375,IMM_3,4,1,1,60-69,Male
2375,IMM_7,0,1,1,60-69,Male
2375,IMM_8,4,1,1,60-69,Male
2375,IMM_9,3,1,1,60-69,Male
2375,IMM_5,0,1,1,60-69,Male
2383,IMM_8,4,1,1,50-59,Male
2383,IMM_4,1,1,1,50-59,Male
2383,IMM_1,1,1,1,50-59,Male
2383,IMM_5,3,1,1,50-59,Male
2383,IMM_7,0,1,1,50-59,Male
2383,IMM_9,2,1,1,50-59,Male
2383,IMM_2,2,1,1,50-59,Male
2383,IMM_6,3,1,1,50-59,Male
2383,IMM_3,4,1,1,50-59,Male
2383,IMM_10,3,1,1,50-59,Male
2396,IMM_10,4,1,1,40-49,Male
2396,IMM_4,4,1,1,40-49,Male
2396,IMM_6,4,1,1,40-49,Male
2396,IMM_8,4,1,1,40-49,Male
2396,IMM_1,4,1,1,40-49,Male
2396,IMM_2,1,1,1,40-49,Male
2396,IMM_9,4,1,1,40-49,Male
2396,IMM_3,4,1,1,40-49,Male
2396,IMM_5,2,1,1,40-49,Male
2396,IMM_7,1,1,1,40-49,Male
2410,IMM_3,4,1,1,50-59,Male
2410,IMM_2,3,1,1,50-59,Male
2410,IMM_10,3,1,1,50-59,Male
2410,IMM_1,0,1,1,50-59,Male
2410,IMM_9,3,1,1,50-59,Male
2410,IMM_5,0,1,1,50-59,Male
2410,IMM_8,3,1,1,50-59,Male
2410,IMM_6,4,1,1,50-59,Male
2410,IMM_4,0,1,1,50-59,Male
2410,IMM_7,0,1,1,50-59,Male
2424,IMM_5,0,1,1,30-39,Male
2424,IMM_9,4,1,1,30-39,Male
2424,IMM_7,0,1,1,30-39,Male
2424,IMM_10,4,1,1,30-39,Male
2424,IMM_1,0,1,1,30-39,Male
2424,IMM_3,4,1,1,30-39,Male
2424,IMM_8,2,1,1,30-39,Male
2424,IMM_2,0,1,1,30-39,Male
2424,IMM_6,1,1,1,30-39,Male
2424,IMM_4,0,1,1,30-39,Male
2451,IMM_2,3,1,3,40-49,Male
2451,IMM_7,2,1,3,40-49,Male
2451,IMM_10,4,1,3,40-49,Male
2451,IMM_4,4,1,3,40-49,Male
2451,IMM_1,0,1,3,40-49,Male
2451,IMM_5,4,1,3,40-49,Male
2451,IMM_6,4,1,3,40-49,Male
2451,IMM_3,1,1,3,40-49,Male
2451,IMM_9,4,1,3,40-49,Male
2451,IMM_8,3,1,3,40-49,Male
2477,IMM_5,0,1,1,60-69,Male
2477,IMM_6,2,1,1,60-69,Male
2477,IMM_8,4,1,1,60-69,Male
2477,IMM_9,4,1,1,60-69,Male
2477,IMM_2,0,1,1,60-69,Male
2477,IMM_10,4,1,1,60-69,Male
2477,IMM_1,1,1,1,60-69,Male
2477,IMM_7,0,1,1,60-69,Male
2477,IMM_3,4,1,1,60-69,Male
2477,IMM_4,0,1,1,60-69,Male
2480,IMM_3,3,1,1,40-49,Male
2480,IMM_9,4,1,1,40-49,Male
2480,IMM_6,3,1,1,40-49,Male
2480,IMM_2,4,1,1,40-49,Male
2480,IMM_1,1,1,1,40-49,Male
2480,IMM_10,4,1,1,40-49,Male
2480,IMM_8,3,1,1,40-49,Male
2480,IMM_4,0,1,1,40-49,Male
2480,IMM_7,2,1,1,40-49,Male
2480,IMM_5,3,1,1,40-49,Male
2487,IMM_6,4,1,6,30-39,Male
2487,IMM_1,0,1,6,30-39,Male
2487,IMM_3,1,1,6,30-39,Male
2487,IMM_2,2,1,6,30-39,Male
2487,IMM_4,0,1,6,30-39,Male
2487,IMM_8,4,1,6,30-39,Male
2487,IMM_5,2,1,6,30-39,Male
2487,IMM_9,2,1,6,30-39,Male
2487,IMM_7,0,1,6,30-39,Male
2487,IMM_10,4,1,6,30-39,Male
2502,IMM_7,3,1,1,40-49,Male
2502,IMM_3,2,1,1,40-49,Male
2502,IMM_5,3,1,1,40-49,Male
2502,IMM_6,2,1,1,40-49,Male
2502,IMM_1,3,1,1,40-49,Male
2502,IMM_10,1,1,1,40-49,Male
2502,IMM_2,3,1,1,40-49,Male
2502,IMM_9,1,1,1,40-49,Male
2502,IMM_4,3,1,1,40-49,Male
2502,IMM_8,4,1,1,40-49,Male
2516,IMM_10,4,1,1,18-29,Male
2516,IMM_4,0,1,1,18-29,Male
2516,IMM_5,0,1,1,18-29,Male
2516,IMM_8,4,1,1,18-29,Male
2516,IMM_7,0,1,1,18-29,Male
2516,IMM_1,0,1,1,18-29,Male
2516,IMM_2,1,1,1,18-29,Male
2516,IMM_6,3,1,1,18-29,Male
2516,IMM_3,4,1,1,18-29,Male
2516,IMM_9,3,1,1,18-29,Male
2538,IMM_9,3,1,3,18-29,Male
2538,IMM_3,4,1,3,18-29,Male
2538,IMM_10,3,1,3,18-29,Male
2538,IMM_7,0,1,3,18-29,Male
2538,IMM_4,0,1,3,18-29,Male
2538,IMM_8,3,1,3,18-29,Male
2538,IMM_2,2,1,3,18-29,Male
2538,IMM_5,4,1,3,18-29,Male
2538,IMM_6,3,1,3,18-29,Male
2538,IMM_1,1,1,3,18-29,Male
2544,IMM_10,2,1,1,18-29,Male
2544,IMM_3,4,1,1,18-29,Male
2544,IMM_5,0,1,1,18-29,Male
2544,IMM_1,0,1,1,18-29,Male
2544,IMM_2,1,1,1,18-29,Male
2544,IMM_6,3,1,1,18-29,Male
2544,IMM_4,0,1,1,18-29,Male
2544,IMM_8,4,1,1,18-29,Male
2544,IMM_7,1,1,1,18-29,Male
2544,IMM_9,4,1,1,18-29,Male
2551,IMM_6,4,1,1,18-29,Male
2551,IMM_1,0,1,1,18-29,Male
2551,IMM_2,1,1,1,18-29,Male
2551,IMM_9,0,1,1,18-29,Male
2551,IMM_3,4,1,1,18-29,Male
2551,IMM_7,0,1,1,18-29,Male
2551,IMM_8,0,1,1,18-29,Male
2551,IMM_4,0,1,1,18-29,Male
2551,IMM_5,0,1,1,18-29,Male
2551,IMM_10,2,1,1,18-29,Male
2554,IMM_1,0,1,1,18-29,Male
2554,IMM_10,3,1,1,18-29,Male
2554,IMM_4,3,1,1,18-29,Male
2554,IMM_9,4,1,1,18-29,Male
2554,IMM_8,3,1,1,18-29,Male
2554,IMM_3,4,1,1,18-29,Male
2554,IMM_2,1,1,1,18-29,Male
2554,IMM_6,2,1,1,18-29,Male
2554,IMM_7,1,1,1,18-29,Male
2554,IMM_5,0,1,1,18-29,Male
2555,IMM_7,0,1,1,40-49,Male
2555,IMM_5,0,1,1,40-49,Male
2555,IMM_6,4,1,1,40-49,Male
2555,IMM_3,4,1,1,40-49,Male
2555,IMM_9,4,1,1,40-49,Male
2555,IMM_4,1,1,1,40-49,Male
2555,IMM_1,0,1,1,40-49,Male
2555,IMM_8,2,1,1,40-49,Male
2555,IMM_10,4,1,1,40-49,Male
2555,IMM_2,4,1,1,40-49,Male
2557,IMM_6,1,1,1,30-39,Male
2557,IMM_10,2,1,1,30-39,Male
2557,IMM_8,1,1,1,30-39,Male
2557,IMM_7,0,1,1,30-39,Male
2557,IMM_3,4,1,1,30-39,Male
2557,IMM_9,0,1,1,30-39,Male
2557,IMM_2,3,1,1,30-39,Male
2557,IMM_5,0,1,1,30-39,Male
2557,IMM_4,0,1,1,30-39,Male
2557,IMM_1,0,1,1,30-39,Male
2569,IMM_7,0,1,1,30-39,Male
2569,IMM_2,1,1,1,30-39,Male
2569,IMM_1,0,1,1,30-39,Male
2569,IMM_6,4,1,1,30-39,Male
2569,IMM_3,4,1,1,30-39,Male
2569,IMM_4,1,1,1,30-39,Male
2569,IMM_10,3,1,1,30-39,Male
2569,IMM_8,3,1,1,30-39,Male
2569,IMM_9,3,1,1,30-39,Male
2569,IMM_5,0,1,1,30-39,Male
2573,IMM_2,3,1,1,18-29,Male
2573,IMM_1,0,1,1,18-29,Male
2573,IMM_9,4,1,1,18-29,Male
2573,IMM_10,4,1,1,18-29,Male
2573,IMM_8,2,1,1,18-29,Male
2573,IMM_6,4,1,1,18-29,Male
2573,IMM_7,0,1,1,18-29,Male
2573,IMM_4,0,1,1,18-29,Male
2573,IMM_3,4,1,1,18-29,Male
2573,IMM_5,0,1,1,18-29,Male
2586,IMM_9,3,1,3,50-59,Male
2586,IMM_6,3,1,3,50-59,Male
2586,IMM_7,1,1,3,50-59,Male
2586,IMM_5,0,1,3,50-59,Male
2586,IMM_4,1,1,3,50-59,Male
2586,IMM_1,0,1,3,50-59,Male
2586,IMM_3,4,1,3,50-59,Male
2586,IMM_10,1,1,3,50-59,Male
2586,IMM_2,1,1,3,50-59,Male
2586,IMM_8,4,1,3,50-59,Male
2613,IMM_6,4,1,1,18-29,Male
2613,IMM_3,4,1,1,18-29,Male
2613,IMM_8,0,1,1,18-29,Male
2613,IMM_2,4,1,1,18-29,Male
2613,IMM_7,0,1,1,18-29,Male
2613,IMM_10,4,1,1,18-29,Male
2613,IMM_9,4,1,1,18-29,Male
2613,IMM_1,0,1,1,18-29,Male
2613,IMM_4,0,1,1,18-29,Male
2613,IMM_5,0,1,1,18-29,Male
6,IMM_4,1,2,1,60-69,Male
6,IMM_5,0,2,1,60-69,Male
6,IMM_1,0,2,1,60-69,Male
6,IMM_10,2,2,1,60-69,Male
6,IMM_6,3,2,1,60-69,Male
6,IMM_8,3,2,1,60-69,Male
6,IMM_9,2,2,1,60-69,Male
6,IMM_2,1,2,1,60-69,Male
6,IMM_3,4,2,1,60-69,Male
6,IMM_7,0,2,1,60-69,Male
7,IMM_1,0,2,1,80+,Male
7,IMM_5,0,2,1,80+,Male
7,IMM_3,4,2,1,80+,Male
7,IMM_10,4,2,1,80+,Male
7,IMM_7,1,2,1,80+,Male
7,IMM_4,0,2,1,80+,Male
7,IMM_9,4,2,1,80+,Male
7,IMM_2,1,2,1,80+,Male
7,IMM_6,4,2,1,80+,Male
7,IMM_8,4,2,1,80+,Male
18,IMM_6,3,2,1,18-29,Female
18,IMM_5,3,2,1,18-29,Female
18,IMM_4,1,2,1,18-29,Female
18,IMM_7,3,2,1,18-29,Female
18,IMM_2,3,2,1,18-29,Female
18,IMM_8,2,2,1,18-29,Female
18,IMM_9,3,2,1,18-29,Female
18,IMM_1,2,2,1,18-29,Female
18,IMM_3,4,2,1,18-29,Female
18,IMM_10,3,2,1,18-29,Female
55,IMM_10,3,2,1,18-29,Female
55,IMM_4,3,2,1,18-29,Female
55,IMM_7,1,2,1,18-29,Female
55,IMM_9,1,2,1,18-29,Female
55,IMM_2,4,2,1,18-29,Female
55,IMM_5,0,2,1,18-29,Female
55,IMM_1,1,2,1,18-29,Female
55,IMM_6,3,2,1,18-29,Female
55,IMM_3,4,2,1,18-29,Female
55,IMM_8,3,2,1,18-29,Female
76,IMM_3,4,2,1,40-49,Male
76,IMM_6,4,2,1,40-49,Male
76,IMM_10,4,2,1,40-49,Male
76,IMM_4,0,2,1,40-49,Male
76,IMM_2,4,2,1,40-49,Male
76,IMM_8,4,2,1,40-49,Male
76,IMM_7,0,2,1,40-49,Male
76,IMM_9,4,2,1,40-49,Male
76,IMM_1,1,2,1,40-49,Male
76,IMM_5,1,2,1,40-49,Male
89,IMM_6,2,2,3,30-39,Female
89,IMM_3,4,2,3,30-39,Female
89,IMM_4,3,2,3,30-39,Female
89,IMM_1,1,2,3,30-39,Female
89,IMM_5,1,2,3,30-39,Female
89,IMM_10,2,2,3,30-39,Female
89,IMM_2,4,2,3,30-39,Female
89,IMM_9,2,2,3,30-39,Female
89,IMM_7,0,2,3,30-39,Female
89,IMM_8,3,2,3,30-39,Female
90,IMM_9,3,2,2,18-29,Female
90,IMM_4,1,2,2,18-29,Female
90,IMM_10,4,2,2,18-29,Female
90,IMM_6,3,2,2,18-29,Female
90,IMM_2,2,2,2,18-29,Female
90,IMM_1,1,2,2,18-29,Female
90,IMM_3,4,2,2,18-29,Female
90,IMM_5,0,2,2,18-29,Female
90,IMM_7,1,2,2,18-29,Female
90,IMM_8,3,2,2,18-29,Female
92,IMM_8,1,2,1,30-39,Male
92,IMM_9,0,2,1,30-39,Male
92,IMM_10,4,2,1,30-39,Male
92,IMM_6,3,2,1,30-39,Male
92,IMM_7,0,2,1,30-39,Male
92,IMM_2,1,2,1,30-39,Male
92,IMM_5,0,2,1,30-39,Male
92,IMM_3,4,2,1,30-39,Male
92,IMM_1,0,2,1,30-39,Male
92,IMM_4,1,2,1,30-39,Male
93,IMM_2,4,2,1,60-69,Female
93,IMM_7,2,2,1,60-69,Female
93,IMM_5,2,2,1,60-69,Female
93,IMM_6,1,2,1,60-69,Female
93,IMM_3,4,2,1,60-69,Female
93,IMM_9,3,2,1,60-69,Female
93,IMM_10,1,2,1,60-69,Female
93,IMM_4,1,2,1,60-69,Female
93,IMM_1,3,2,1,60-69,Female
93,IMM_8,1,2,1,60-69,Female
102,IMM_8,4,2,1,50-59,Female
102,IMM_5,0,2,1,50-59,Female
102,IMM_4,1,2,1,50-59,Female
102,IMM_9,4,2,1,50-59,Female
102,IMM_7,0,2,1,50-59,Female
102,IMM_2,1,2,1,50-59,Female
102,IMM_6,4,2,1,50-59,Female
102,IMM_10,4,2,1,50-59,Female
102,IMM_3,4,2,1,50-59,Female
102,IMM_1,0,2,1,50-59,Female
128,IMM_5,0,2,1,70-79,Female
128,IMM_6,4,2,1,70-79,Female
128,IMM_4,0,2,1,70-79,Female
128,IMM_1,0,2,1,70-79,Female
128,IMM_7,0,2,1,70-79,Female
128,IMM_9,4,2,1,70-79,Female
128,IMM_10,4,2,1,70-79,Female
128,IMM_8,3,2,1,70-79,Female
128,IMM_2,3,2,1,70-79,Female
128,IMM_3,4,2,1,70-79,Female
135,IMM_5,0,2,1,30-39,Female
135,IMM_6,4,2,1,30-39,Female
135,IMM_1,0,2,1,30-39,Female
135,IMM_7,0,2,1,30-39,Female
135,IMM_10,3,2,1,30-39,Female
135,IMM_4,1,2,1,30-39,Female
135,IMM_9,4,2,1,30-39,Female
135,IMM_2,2,2,1,30-39,Female
135,IMM_3,4,2,1,30-39,Female
135,IMM_8,4,2,1,30-39,Female
138,IMM_6,3,2,2,30-39,Male
138,IMM_8,3,2,2,30-39,Male
138,IMM_3,4,2,2,30-39,Male
138,IMM_2,1,2,2,30-39,Male
138,IMM_5,0,2,2,30-39,Male
138,IMM_10,3,2,2,30-39,Male
138,IMM_1,1,2,2,30-39,Male
138,IMM_4,2,2,2,30-39,Male
138,IMM_7,1,2,2,30-39,Male
138,IMM_9,3,2,2,30-39,Male
147,IMM_3,4,2,1,50-59,Male
147,IMM_7,0,2,1,50-59,Male
147,IMM_5,0,2,1,50-59,Male
147,IMM_4,2,2,1,50-59,Male
147,IMM_9,4,2,1,50-59,Male
147,IMM_2,3,2,1,50-59,Male
147,IMM_8,3,2,1,50-59,Male
147,IMM_6,3,2,1,50-59,Male
147,IMM_1,0,2,1,50-59,Male
147,IMM_10,4,2,1,50-59,Male
150,IMM_3,1,2,7,40-49,Male
150,IMM_4,3,2,7,40-49,Male
150,IMM_6,3,2,7,40-49,Male
150,IMM_1,2,2,7,40-49,Male
150,IMM_5,3,2,7,40-49,Male
150,IMM_7,1,2,7,40-49,Male
150,IMM_9,2,2,7,40-49,Male
150,IMM_10,2,2,7,40-49,Male
150,IMM_2,2,2,7,40-49,Male
150,IMM_8,3,2,7,40-49,Male
152,IMM_6,4,2,1,50-59,Male
152,IMM_7,2,2,1,50-59,Male
152,IMM_4,1,2,1,50-59,Male
152,IMM_1,1,2,1,50-59,Male
152,IMM_9,2,2,1,50-59,Male
152,IMM_2,3,2,1,50-59,Male
152,IMM_8,4,2,1,50-59,Male
152,IMM_10,3,2,1,50-59,Male
152,IMM_5,1,2,1,50-59,Male
152,IMM_3,4,2,1,50-59,Male
161,IMM_3,4,2,3,30-39,Female
161,IMM_4,2,2,3,30-39,Female
161,IMM_2,2,2,3,30-39,Female
161,IMM_9,2,2,3,30-39,Female
161,IMM_6,2,2,3,30-39,Female
161,IMM_5,0,2,3,30-39,Female
161,IMM_1,2,2,3,30-39,Female
161,IMM_8,2,2,3,30-39,Female
161,IMM_7,0,2,3,30-39,Female
161,IMM_10,2,2,3,30-39,Female
166,IMM_7,2,2,3,40-49,Female
166,IMM_3,1,2,3,40-49,Female
166,IMM_4,2,2,3,40-49,Female
166,IMM_2,1,2,3,40-49,Female
166,IMM_1,4,2,3,40-49,Female
166,IMM_8,1,2,3,40-49,Female
166,IMM_9,1,2,3,40-49,Female
166,IMM_5,2,2,3,40-49,Female
166,IMM_6,3,2,3,40-49,Female
166,IMM_10,2,2,3,40-49,Female
170,IMM_2,1,2,5,50-59,Female
170,IMM_3,3,2,5,50-59,Female
170,IMM_8,2,2,5,50-59,Female
170,IMM_9,3,2,5,50-59,Female
170,IMM_6,0,2,5,50-59,Female
170,IMM_4,2,2,5,50-59,Female
170,IMM_5,2,2,5,50-59,Female
170,IMM_1,1,2,5,50-59,Female
170,IMM_7,2,2,5,50-59,Female
170,IMM_10,2,2,5,50-59,Female
171,IMM_10,4,2,1,18-29,Male
171,IMM_8,4,2,1,18-29,Male
171,IMM_9,2,2,1,18-29,Male
171,IMM_7,0,2,1,18-29,Male
171,IMM_4,0,2,1,18-29,Male
171,IMM_6,4,2,1,18-29,Male
171,IMM_1,0,2,1,18-29,Male
171,IMM_5,0,2,1,18-29,Male
171,IMM_2,3,2,1,18-29,Male
171,IMM_3,4,2,1,18-29,Male
183,IMM_7,0,2,3,30-39,Female
183,IMM_3,4,2,3,30-39,Female
183,IMM_5,2,2,3,30-39,Female
183,IMM_6,3,2,3,30-39,Female
183,IMM_10,2,2,3,30-39,Female
183,IMM_1,3,2,3,30-39,Female
183,IMM_2,3,2,3,30-39,Female
183,IMM_9,2,2,3,30-39,Female
183,IMM_4,2,2,3,30-39,Female
183,IMM_8,3,2,3,30-39,Female
199,IMM_6,2,2,3,18-29,Male
199,IMM_3,4,2,3,18-29,Male
199,IMM_5,0,2,3,18-29,Male
199,IMM_9,3,2,3,18-29,Male
199,IMM_2,2,2,3,18-29,Male
199,IMM_10,3,2,3,18-29,Male
199,IMM_7,0,2,3,18-29,Male
199,IMM_4,1,2,3,18-29,Male
199,IMM_1,0,2,3,18-29,Male
199,IMM_8,3,2,3,18-29,Male
201,IMM_4,1,2,1,40-49,Female
201,IMM_3,4,2,1,40-49,Female
201,IMM_5,0,2,1,40-49,Female
201,IMM_8,3,2,1,40-49,Female
201,IMM_1,0,2,1,40-49,Female
201,IMM_6,3,2,1,40-49,Female
201,IMM_2,2,2,1,40-49,Female
201,IMM_10,4,2,1,40-49,Female
201,IMM_9,3,2,1,40-49,Female
201,IMM_7,0,2,1,40-49,Female
202,IMM_3,4,2,2,30-39,Female
202,IMM_10,4,2,2,30-39,Female
202,IMM_7,1,2,2,30-39,Female
202,IMM_9,4,2,2,30-39,Female
202,IMM_4,1,2,2,30-39,Female
202,IMM_8,3,2,2,30-39,Female
202,IMM_5,0,2,2,30-39,Female
202,IMM_6,3,2,2,30-39,Female
202,IMM_1,1,2,2,30-39,Female
202,IMM_2,3,2,2,30-39,Female
203,IMM_3,4,2,1,40-49,Female
203,IMM_4,0,2,1,40-49,Female
203,IMM_1,0,2,1,40-49,Female
203,IMM_9,4,2,1,40-49,Female
203,IMM_8,4,2,1,40-49,Female
203,IMM_10,4,2,1,40-49,Female
203,IMM_2,0,2,1,40-49,Female
203,IMM_5,0,2,1,40-49,Female
203,IMM_7,0,2,1,40-49,Female
203,IMM_6,4,2,1,40-49,Female
206,IMM_8,3,2,2,50-59,Female
206,IMM_3,4,2,2,50-59,Female
206,IMM_9,2,2,2,50-59,Female
206,IMM_6,3,2,2,50-59,Female
206,IMM_1,0,2,2,50-59,Female
206,IMM_2,2,2,2,50-59,Female
206,IMM_4,2,2,2,50-59,Female
206,IMM_5,0,2,2,50-59,Female
206,IMM_10,3,2,2,50-59,Female
206,IMM_7,2,2,2,50-59,Female
226,IMM_7,1,2,2,40-49,Male
226,IMM_6,4,2,2,40-49,Male
226,IMM_3,3,2,2,40-49,Male
226,IMM_1,1,2,2,40-49,Male
226,IMM_9,4,2,2,40-49,Male
226,IMM_8,4,2,2,40-49,Male
226,IMM_10,4,2,2,40-49,Male
226,IMM_4,3,2,2,40-49,Male
226,IMM_2,4,2,2,40-49,Male
226,IMM_5,3,2,2,40-49,Male
228,IMM_9,3,2,2,18-29,Female
228,IMM_6,3,2,2,18-29,Female
228,IMM_5,3,2,2,18-29,Female
228,IMM_10,3,2,2,18-29,Female
228,IMM_2,4,2,2,18-29,Female
228,IMM_7,1,2,2,18-29,Female
228,IMM_8,3,2,2,18-29,Female
228,IMM_1,1,2,2,18-29,Female
228,IMM_4,2,2,2,18-29,Female
228,IMM_3,3,2,2,18-29,Female
243,IMM_8,3,2,1,60-69,Female
243,IMM_1,0,2,1,60-69,Female
243,IMM_4,1,2,1,60-69,Female
243,IMM_2,1,2,1,60-69,Female
243,IMM_6,3,2,1,60-69,Female
243,IMM_10,2,2,1,60-69,Female
243,IMM_5,0,2,1,60-69,Female
243,IMM_7,0,2,1,60-69,Female
243,IMM_9,2,2,1,60-69,Female
243,IMM_3,4,2,1,60-69,Female
248,IMM_1,4,2,2,40-49,Male
248,IMM_3,4,2,2,40-49,Male
248,IMM_2,4,2,2,40-49,Male
248,IMM_7,4,2,2,40-49,Male
248,IMM_6,0,2,2,40-49,Male
248,IMM_8,0,2,2,40-49,Male
248,IMM_9,2,2,2,40-49,Male
248,IMM_5,0,2,2,40-49,Male
248,IMM_10,3,2,2,40-49,Male
248,IMM_4,1,2,2,40-49,Male
278,IMM_3,4,2,2,18-29,Female
278,IMM_5,1,2,2,18-29,Female
278,IMM_7,0,2,2,18-29,Female
278,IMM_2,1,2,2,18-29,Female
278,IMM_6,3,2,2,18-29,Female
278,IMM_10,2,2,2,18-29,Female
278,IMM_9,2,2,2,18-29,Female
278,IMM_4,1,2,2,18-29,Female
278,IMM_8,3,2,2,18-29,Female
278,IMM_1,0,2,2,18-29,Female
286,IMM_8,2,2,1,30-39,Female
286,IMM_4,2,2,1,30-39,Female
286,IMM_5,0,2,1,30-39,Female
286,IMM_2,2,2,1,30-39,Female
286,IMM_1,1,2,1,30-39,Female
286,IMM_9,3,2,1,30-39,Female
286,IMM_10,3,2,1,30-39,Female
286,IMM_7,1,2,1,30-39,Female
286,IMM_6,3,2,1,30-39,Female
286,IMM_3,4,2,1,30-39,Female
288,IMM_4,2,2,1,18-29,Female
288,IMM_1,0,2,1,18-29,Female
288,IMM_3,4,2,1,18-29,Female
288,IMM_6,3,2,1,18-29,Female
288,IMM_9,4,2,1,18-29,Female
288,IMM_7,0,2,1,18-29,Female
288,IMM_2,1,2,1,18-29,Female
288,IMM_8,2,2,1,18-29,Female
288,IMM_10,4,2,1,18-29,Female
288,IMM_5,0,2,1,18-29,Female
301,IMM_7,4,2,7,40-49,Male
301,IMM_9,3,2,7,40-49,Male
301,IMM_6,4,2,7,40-49,Male
301,IMM_3,0,2,7,40-49,Male
301,IMM_2,4,2,7,40-49,Male
301,IMM_5,4,2,7,40-49,Male
301,IMM_1,4,2,7,40-49,Male
301,IMM_4,3,2,7,40-49,Male
301,IMM_10,3,2,7,40-49,Male
301,IMM_8,2,2,7,40-49,Male
311,IMM_7,0,2,1,60-69,Female
311,IMM_8,4,2,1,60-69,Female
311,IMM_4,3,2,1,60-69,Female
311,IMM_5,0,2,1,60-69,Female
311,IMM_2,2,2,1,60-69,Female
311,IMM_3,4,2,1,60-69,Female
311,IMM_10,4,2,1,60-69,Female
311,IMM_1,0,2,1,60-69,Female
311,IMM_9,3,2,1,60-69,Female
311,IMM_6,4,2,1,60-69,Female
312,IMM_8,3,2,1,60-69,Female
312,IMM_4,0,2,1,60-69,Female
312,IMM_7,0,2,1,60-69,Female
312,IMM_3,4,2,1,60-69,Female
312,IMM_5,0,2,1,60-69,Female
312,IMM_10,3,2,1,60-69,Female
312,IMM_9,3,2,1,60-69,Female
312,IMM_1,0,2,1,60-69,Female
312,IMM_6,4,2,1,60-69,Female
312,IMM_2,3,2,1,60-69,Female
327,IMM_4,0,2,1,70-79,Female
327,IMM_2,3,2,1,70-79,Female
327,IMM_6,3,2,1,70-79,Female
327,IMM_1,0,2,1,70-79,Female
327,IMM_7,0,2,1,70-79,Female
327,IMM_8,3,2,1,70-79,Female
327,IMM_5,0,2,1,70-79,Female
327,IMM_10,4,2,1,70-79,Female
327,IMM_9,2,2,1,70-79,Female
327,IMM_3,4,2,1,70-79,Female
333,IMM_8,4,2,7,40-49,Male
333,IMM_2,3,2,7,40-49,Male
333,IMM_1,4,2,7,40-49,Male
333,IMM_3,3,2,7,40-49,Male
333,IMM_6,3,2,7,40-49,Male
333,IMM_4,3,2,7,40-49,Male
333,IMM_7,2,2,7,40-49,Male
333,IMM_10,3,2,7,40-49,Male
333,IMM_5,3,2,7,40-49,Male
333,IMM_9,1,2,7,40-49,Male
344,IMM_10,4,2,1,18-29,Female
344,IMM_9,3,2,1,18-29,Female
344,IMM_6,4,2,1,18-29,Female
344,IMM_8,1,2,1,18-29,Female
344,IMM_2,0,2,1,18-29,Female
344,IMM_7,1,2,1,18-29,Female
344,IMM_3,4,2,1,18-29,Female
344,IMM_1,1,2,1,18-29,Female
344,IMM_4,0,2,1,18-29,Female
344,IMM_5,0,2,1,18-29,Female
346,IMM_4,0,2,1,50-59,Female
346,IMM_6,3,2,1,50-59,Female
346,IMM_2,2,2,1,50-59,Female
346,IMM_5,0,2,1,50-59,Female
346,IMM_9,2,2,1,50-59,Female
346,IMM_8,3,2,1,50-59,Female
346,IMM_3,2,2,1,50-59,Female
346,IMM_7,0,2,1,50-59,Female
346,IMM_1,1,2,1,50-59,Female
346,IMM_10,3,2,1,50-59,Female
358,IMM_9,3,2,1,60-69,Female
358,IMM_7,0,2,1,60-69,Female
358,IMM_4,3,2,1,60-69,Female
358,IMM_2,3,2,1,60-69,Female
358,IMM_10,4,2,1,60-69,Female
358,IMM_8,3,2,1,60-69,Female
358,IMM_5,2,2,1,60-69,Female
358,IMM_1,0,2,1,60-69,Female
358,IMM_6,1,2,1,60-69,Female
358,IMM_3,4,2,1,60-69,Female
374,IMM_1,1,2,1,60-69,Female
374,IMM_2,1,2,1,60-69,Female
374,IMM_3,4,2,1,60-69,Female
374,IMM_6,4,2,1,60-69,Female
374,IMM_8,3,2,1,60-69,Female
374,IMM_10,3,2,1,60-69,Female
374,IMM_9,2,2,1,60-69,Female
374,IMM_7,0,2,1,60-69,Female
374,IMM_5,0,2,1,60-69,Female
374,IMM_4,0,2,1,60-69,Female
376,IMM_6,3,2,1,50-59,Female
376,IMM_9,4,2,1,50-59,Female
376,IMM_10,4,2,1,50-59,Female
376,IMM_3,4,2,1,50-59,Female
376,IMM_1,1,2,1,50-59,Female
376,IMM_8,3,2,1,50-59,Female
376,IMM_5,1,2,1,50-59,Female
376,IMM_2,3,2,1,50-59,Female
376,IMM_7,0,2,1,50-59,Female
376,IMM_4,1,2,1,50-59,Female
378,IMM_2,3,2,1,18-29,Female
378,IMM_4,1,2,1,18-29,Female
378,IMM_9,2,2,1,18-29,Female
378,IMM_8,1,2,1,18-29,Female
378,IMM_6,3,2,1,18-29,Female
378,IMM_10,4,2,1,18-29,Female
378,IMM_5,0,2,1,18-29,Female
378,IMM_1,1,2,1,18-29,Female
378,IMM_7,0,2,1,18-29,Female
378,IMM_3,4,2,1,18-29,Female
389,IMM_8,4,2,3,40-49,Male
389,IMM_6,4,2,3,40-49,Male
389,IMM_5,4,2,3,40-49,Male
389,IMM_4,3,2,3,40-49,Male
389,IMM_1,3,2,3,40-49,Male
389,IMM_7,4,2,3,40-49,Male
389,IMM_3,0,2,3,40-49,Male
389,IMM_10,1,2,3,40-49,Male
389,IMM_2,3,2,3,40-49,Male
389,IMM_9,4,2,3,40-49,Male
392,IMM_2,3,2,2,18-29,Female
392,IMM_6,3,2,2,18-29,Female
392,IMM_3,4,2,2,18-29,Female
392,IMM_10,3,2,2,18-29,Female
392,IMM_7,0,2,2,18-29,Female
392,IMM_8,3,2,2,18-29,Female
392,IMM_5,1,2,2,18-29,Female
392,IMM_9,3,2,2,18-29,Female
392,IMM_4,1,2,2,18-29,Female
392,IMM_1,1,2,2,18-29,Female
396,IMM_10,3,2,6,60-69,Male
396,IMM_2,4,2,6,60-69,Male
396,IMM_5,0,2,6,60-69,Male
396,IMM_1,0,2,6,60-69,Male
396,IMM_6,4,2,6,60-69,Male
396,IMM_3,4,2,6,60-69,Male
396,IMM_7,2,2,6,60-69,Male
396,IMM_8,3,2,6,60-69,Male
396,IMM_4,2,2,6,60-69,Male
396,IMM_9,3,2,6,60-69,Male
415,IMM_5,3,2,1,30-39,Male
415,IMM_3,1,2,1,30-39,Male
415,IMM_6,1,2,1,30-39,Male
415,IMM_1,1,2,1,30-39,Male
415,IMM_9,1,2,1,30-39,Male
415,IMM_2,1,2,1,30-39,Male
415,IMM_10,1,2,1,30-39,Male
415,IMM_8,3,2,1,30-39,Male
415,IMM_4,3,2,1,30-39,Male
415,IMM_7,1,2,1,30-39,Male
416,IMM_8,1,2,2,18-29,Female
416,IMM_9,2,2,2,18-29,Female
416,IMM_5,0,2,2,18-29,Female
416,IMM_10,4,2,2,18-29,Female
416,IMM_3,3,2,2,18-29,Female
416,IMM_4,0,2,2,18-29,Female
416,IMM_1,0,2,2,18-29,Female
416,IMM_2,3,2,2,18-29,Female
416,IMM_6,4,2,2,18-29,Female
416,IMM_7,1,2,2,18-29,Female
420,IMM_1,0,2,1,40-49,Female
420,IMM_5,0,2,1,40-49,Female
420,IMM_3,4,2,1,40-49,Female
420,IMM_10,3,2,1,40-49,Female
420,IMM_4,1,2,1,40-49,Female
420,IMM_9,3,2,1,40-49,Female
420,IMM_6,3,2,1,40-49,Female
420,IMM_2,0,2,1,40-49,Female
420,IMM_8,2,2,1,40-49,Female
420,IMM_7,0,2,1,40-49,Female
427,IMM_10,4,2,1,60-69,Male
427,IMM_9,3,2,1,60-69,Male
427,IMM_5,0,2,1,60-69,Male
427,IMM_6,3,2,1,60-69,Male
427,IMM_7,0,2,1,60-69,Male
427,IMM_4,2,2,1,60-69,Male
427,IMM_1,1,2,1,60-69,Male
427,IMM_3,4,2,1,60-69,Male
427,IMM_8,3,2,1,60-69,Male
427,IMM_2,1,2,1,60-69,Male
448,IMM_1,3,2,5,40-49,Male
448,IMM_9,0,2,5,40-49,Male
448,IMM_2,3,2,5,40-49,Male
448,IMM_8,1,2,5,40-49,Male
448,IMM_3,1,2,5,40-49,Male
448,IMM_5,1,2,5,40-49,Male
448,IMM_6,1,2,5,40-49,Male
448,IMM_7,3,2,5,40-49,Male
448,IMM_4,0,2,5,40-49,Male
448,IMM_10,0,2,5,40-49,Male
454,IMM_8,0,2,3,60-69,Male
454,IMM_5,0,2,3,60-69,Male
454,IMM_10,3,2,3,60-69,Male
454,IMM_3,4,2,3,60-69,Male
454,IMM_9,3,2,3,60-69,Male
454,IMM_1,0,2,3,60-69,Male
454,IMM_4,0,2,3,60-69,Male
454,IMM_2,0,2,3,60-69,Male
454,IMM_6,3,2,3,60-69,Male
454,IMM_7,0,2,3,60-69,Male
461,IMM_2,1,2,2,60-69,Male
461,IMM_9,4,2,2,60-69,Male
461,IMM_5,1,2,2,60-69,Male
461,IMM_4,1,2,2,60-69,Male
461,IMM_10,4,2,2,60-69,Male
461,IMM_7,0,2,2,60-69,Male
461,IMM_6,3,2,2,60-69,Male
461,IMM_8,1,2,2,60-69,Male
461,IMM_3,4,2,2,60-69,Male
461,IMM_1,0,2,2,60-69,Male
472,IMM_4,0,2,1,60-69,Male
472,IMM_3,4,2,1,60-69,Male
472,IMM_1,0,2,1,60-69,Male
472,IMM_6,2,2,1,60-69,Male
472,IMM_5,0,2,1,60-69,Male
472,IMM_7,0,2,1,60-69,Male
472,IMM_10,4,2,1,60-69,Male
472,IMM_2,4,2,1,60-69,Male
472,IMM_8,4,2,1,60-69,Male
472,IMM_9,2,2,1,60-69,Male
482,IMM_9,3,2,2,50-59,Male
482,IMM_5,0,2,2,50-59,Male
482,IMM_7,0,2,2,50-59,Male
482,IMM_2,4,2,2,50-59,Male
482,IMM_1,0,2,2,50-59,Male
482,IMM_8,4,2,2,50-59,Male
482,IMM_10,4,2,2,50-59,Male
482,IMM_6,3,2,2,50-59,Male
482,IMM_3,4,2,2,50-59,Male
482,IMM_4,2,2,2,50-59,Male
493,IMM_8,4,2,3,18-29,Female
493,IMM_2,2,2,3,18-29,Female
493,IMM_9,2,2,3,18-29,Female
493,IMM_10,2,2,3,18-29,Female
493,IMM_6,2,2,3,18-29,Female
493,IMM_4,2,2,3,18-29,Female
493,IMM_3,3,2,3,18-29,Female
493,IMM_5,0,2,3,18-29,Female
493,IMM_7,2,2,3,18-29,Female
493,IMM_1,0,2,3,18-29,Female
497,IMM_10,4,2,1,60-69,Female
497,IMM_2,3,2,1,60-69,Female
497,IMM_7,1,2,1,60-69,Female
497,IMM_6,4,2,1,60-69,Female
497,IMM_4,0,2,1,60-69,Female
497,IMM_5,0,2,1,60-69,Female
497,IMM_9,3,2,1,60-69,Female
497,IMM_8,3,2,1,60-69,Female
497,IMM_1,0,2,1,60-69,Female
497,IMM_3,4,2,1,60-69,Female
508,IMM_10,4,2,2,40-49,Female
508,IMM_3,4,2,2,40-49,Female
508,IMM_2,3,2,2,40-49,Female
508,IMM_9,4,2,2,40-49,Female
508,IMM_5,4,2,2,40-49,Female
508,IMM_1,0,2,2,40-49,Female
508,IMM_4,0,2,2,40-49,Female
508,IMM_8,3,2,2,40-49,Female
508,IMM_6,3,2,2,40-49,Female
508,IMM_7,0,2,2,40-49,Female
509,IMM_5,0,2,1,60-69,Female
509,IMM_3,4,2,1,60-69,Female
509,IMM_6,4,2,1,60-69,Female
509,IMM_10,4,2,1,60-69,Female
509,IMM_9,4,2,1,60-69,Female
509,IMM_7,0,2,1,60-69,Female
509,IMM_8,4,2,1,60-69,Female
509,IMM_2,0,2,1,60-69,Female
509,IMM_1,0,2,1,60-69,Female
509,IMM_4,4,2,1,60-69,Female
522,IMM_9,3,2,1,30-39,Female
522,IMM_3,4,2,1,30-39,Female
522,IMM_10,4,2,1,30-39,Female
522,IMM_5,2,2,1,30-39,Female
522,IMM_1,1,2,1,30-39,Female
522,IMM_6,3,2,1,30-39,Female
522,IMM_8,4,2,1,30-39,Female
522,IMM_4,4,2,1,30-39,Female
522,IMM_2,3,2,1,30-39,Female
522,IMM_7,0,2,1,30-39,Female
546,IMM_7,0,2,3,18-29,Female
546,IMM_2,2,2,3,18-29,Female
546,IMM_3,4,2,3,18-29,Female
546,IMM_1,0,2,3,18-29,Female
546,IMM_5,0,2,3,18-29,Female
546,IMM_4,0,2,3,18-29,Female
546,IMM_10,4,2,3,18-29,Female
546,IMM_6,3,2,3,18-29,Female
546,IMM_9,4,2,3,18-29,Female
546,IMM_8,3,2,3,18-29,Female
554,IMM_9,3,2,1,60-69,Female
554,IMM_6,4,2,1,60-69,Female
554,IMM_8,3,2,1,60-69,Female
554,IMM_10,4,2,1,60-69,Female
554,IMM_4,0,2,1,60-69,Female
554,IMM_7,0,2,1,60-69,Female
554,IMM_2,3,2,1,60-69,Female
554,IMM_5,0,2,1,60-69,Female
554,IMM_1,1,2,1,60-69,Female
554,IMM_3,4,2,1,60-69,Female
562,IMM_2,3,2,1,60-69,Female
562,IMM_4,2,2,1,60-69,Female
562,IMM_6,3,2,1,60-69,Female
562,IMM_9,4,2,1,60-69,Female
562,IMM_7,0,2,1,60-69,Female
562,IMM_10,4,2,1,60-69,Female
562,IMM_3,4,2,1,60-69,Female
562,IMM_1,0,2,1,60-69,Female
562,IMM_5,0,2,1,60-69,Female
562,IMM_8,3,2,1,60-69,Female
578,IMM_6,3,2,1,60-69,Male
578,IMM_5,0,2,1,60-69,Male
578,IMM_3,4,2,1,60-69,Male
578,IMM_10,4,2,1,60-69,Male
578,IMM_8,4,2,1,60-69,Male
578,IMM_9,2,2,1,60-69,Male
578,IMM_1,0,2,1,60-69,Male
578,IMM_4,1,2,1,60-69,Male
578,IMM_7,1,2,1,60-69,Male
578,IMM_2,2,2,1,60-69,Male
593,IMM_10,4,2,3,70-79,Female
593,IMM_3,4,2,3,70-79,Female
593,IMM_1,0,2,3,70-79,Female
593,IMM_6,4,2,3,70-79,Female
593,IMM_5,0,2,3,70-79,Female
593,IMM_8,3,2,3,70-79,Female
593,IMM_2,2,2,3,70-79,Female
593,IMM_4,2,2,3,70-79,Female
593,IMM_7,0,2,3,70-79,Female
593,IMM_9,3,2,3,70-79,Female
595,IMM_7,2,2,2,40-49,Male
595,IMM_10,4,2,2,40-49,Male
595,IMM_3,4,2,2,40-49,Male
595,IMM_5,1,2,2,40-49,Male
595,IMM_9,4,2,2,40-49,Male
595,IMM_6,3,2,2,40-49,Male
595,IMM_2,4,2,2,40-49,Male
595,IMM_1,0,2,2,40-49,Male
595,IMM_4,0,2,2,40-49,Male
595,IMM_8,4,2,2,40-49,Male
596,IMM_10,3,2,1,30-39,Female
596,IMM_5,0,2,1,30-39,Female
596,IMM_7,1,2,1,30-39,Female
596,IMM_1,0,2,1,30-39,Female
596,IMM_6,1,2,1,30-39,Female
596,IMM_9,2,2,1,30-39,Female
596,IMM_3,4,2,1,30-39,Female
596,IMM_8,3,2,1,30-39,Female
596,IMM_2,3,2,1,30-39,Female
596,IMM_4,2,2,1,30-39,Female
615,IMM_8,3,2,1,50-59,Male
615,IMM_10,1,2,1,50-59,Male
615,IMM_7,2,2,1,50-59,Male
615,IMM_6,4,2,1,50-59,Male
615,IMM_1,2,2,1,50-59,Male
615,IMM_5,3,2,1,50-59,Male
615,IMM_4,2,2,1,50-59,Male
615,IMM_9,1,2,1,50-59,Male
615,IMM_3,1,2,1,50-59,Male
615,IMM_2,2,2,1,50-59,Male
619,IMM_4,3,2,1,60-69,Female
619,IMM_3,4,2,1,60-69,Female
619,IMM_5,4,2,1,60-69,Female
619,IMM_8,3,2,1,60-69,Female
619,IMM_1,1,2,1,60-69,Female
619,IMM_6,4,2,1,60-69,Female
619,IMM_7,0,2,1,60-69,Female
619,IMM_10,3,2,1,60-69,Female
619,IMM_9,3,2,1,60-69,Female
619,IMM_2,4,2,1,60-69,Female
625,IMM_5,0,2,1,60-69,Female
625,IMM_8,4,2,1,60-69,Female
625,IMM_10,4,2,1,60-69,Female
625,IMM_2,1,2,1,60-69,Female
625,IMM_9,4,2,1,60-69,Female
625,IMM_6,4,2,1,60-69,Female
625,IMM_4,0,2,1,60-69,Female
625,IMM_7,0,2,1,60-69,Female
625,IMM_3,3,2,1,60-69,Female
625,IMM_1,0,2,1,60-69,Female
632,IMM_4,2,2,1,70-79,Female
632,IMM_8,3,2,1,70-79,Female
632,IMM_10,4,2,1,70-79,Female
632,IMM_7,0,2,1,70-79,Female
632,IMM_1,1,2,1,70-79,Female
632,IMM_3,2,2,1,70-79,Female
632,IMM_6,3,2,1,70-79,Female
632,IMM_9,4,2,1,70-79,Female
632,IMM_2,3,2,1,70-79,Female
632,IMM_5,2,2,1,70-79,Female
633,IMM_9,2,2,2,30-39,Female
633,IMM_2,1,2,2,30-39,Female
633,IMM_6,3,2,2,30-39,Female
633,IMM_8,4,2,2,30-39,Female
633,IMM_1,0,2,2,30-39,Female
633,IMM_3,4,2,2,30-39,Female
633,IMM_4,1,2,2,30-39,Female
633,IMM_5,0,2,2,30-39,Female
633,IMM_7,0,2,2,30-39,Female
633,IMM_10,2,2,2,30-39,Female
640,IMM_7,2,2,7,60-69,Female
640,IMM_5,3,2,7,60-69,Female
640,IMM_9,2,2,7,60-69,Female
640,IMM_2,3,2,7,60-69,Female
640,IMM_4,4,2,7,60-69,Female
640,IMM_8,1,2,7,60-69,Female
640,IMM_6,2,2,7,60-69,Female
640,IMM_1,4,2,7,60-69,Female
640,IMM_10,3,2,7,60-69,Female
640,IMM_3,2,2,7,60-69,Female
642,IMM_7,2,2,1,40-49,Female
642,IMM_6,3,2,1,40-49,Female
642,IMM_3,4,2,1,40-49,Female
642,IMM_9,4,2,1,40-49,Female
642,IMM_5,2,2,1,40-49,Female
642,IMM_2,0,2,1,40-49,Female
642,IMM_4,0,2,1,40-49,Female
642,IMM_1,0,2,1,40-49,Female
642,IMM_8,3,2,1,40-49,Female
642,IMM_10,4,2,1,40-49,Female
654,IMM_5,0,2,6,50-59,Female
654,IMM_4,1,2,6,50-59,Female
654,IMM_2,3,2,6,50-59,Female
654,IMM_10,2,2,6,50-59,Female
654,IMM_8,2,2,6,50-59,Female
654,IMM_9,2,2,6,50-59,Female
654,IMM_6,4,2,6,50-59,Female
654,IMM_3,0,2,6,50-59,Female
654,IMM_7,1,2,6,50-59,Female
654,IMM_1,3,2,6,50-59,Female
671,IMM_8,2,2,1,50-59,Female
671,IMM_7,0,2,1,50-59,Female
671,IMM_4,1,2,1,50-59,Female
671,IMM_2,0,2,1,50-59,Female
671,IMM_9,3,2,1,50-59,Female
671,IMM_1,0,2,1,50-59,Female
671,IMM_3,4,2,1,50-59,Female
671,IMM_6,2,2,1,50-59,Female
671,IMM_5,0,2,1,50-59,Female
671,IMM_10,0,2,1,50-59,Female
672,IMM_7,0,2,3,70-79,Female
672,IMM_9,4,2,3,70-79,Female
672,IMM_6,4,2,3,70-79,Female
672,IMM_3,4,2,3,70-79,Female
672,IMM_1,0,2,3,70-79,Female
672,IMM_4,1,2,3,70-79,Female
672,IMM_8,4,2,3,70-79,Female
672,IMM_10,3,2,3,70-79,Female
672,IMM_5,0,2,3,70-79,Female
672,IMM_2,2,2,3,70-79,Female
676,IMM_4,0,2,1,60-69,Female
676,IMM_1,0,2,1,60-69,Female
676,IMM_9,4,2,1,60-69,Female
676,IMM_6,3,2,1,60-69,Female
676,IMM_2,2,2,1,60-69,Female
676,IMM_7,0,2,1,60-69,Female
676,IMM_10,4,2,1,60-69,Female
676,IMM_5,0,2,1,60-69,Female
676,IMM_8,2,2,1,60-69,Female
676,IMM_3,4,2,1,60-69,Female
692,IMM_1,1,2,2,50-59,Female
692,IMM_5,0,2,2,50-59,Female
692,IMM_9,2,2,2,50-59,Female
692,IMM_2,3,2,2,50-59,Female
692,IMM_4,3,2,2,50-59,Female
692,IMM_10,2,2,2,50-59,Female
692,IMM_3,4,2,2,50-59,Female
692,IMM_8,3,2,2,50-59,Female
692,IMM_6,2,2,2,50-59,Female
692,IMM_7,1,2,2,50-59,Female
699,IMM_7,0,2,3,18-29,Female
699,IMM_2,3,2,3,18-29,Female
699,IMM_1,0,2,3,18-29,Female
699,IMM_4,1,2,3,18-29,Female
699,IMM_8,3,2,3,18-29,Female
699,IMM_5,0,2,3,18-29,Female
699,IMM_9,2,2,3,18-29,Female
699,IMM_10,2,2,3,18-29,Female
699,IMM_3,4,2,3,18-29,Female
699,IMM_6,4,2,3,18-29,Female
702,IMM_10,4,2,1,60-69,Male
702,IMM_3,4,2,1,60-69,Male
702,IMM_1,0,2,1,60-69,Male
702,IMM_6,4,2,1,60-69,Male
702,IMM_4,2,2,1,60-69,Male
702,IMM_2,2,2,1,60-69,Male
702,IMM_7,1,2,1,60-69,Male
702,IMM_5,0,2,1,60-69,Male
702,IMM_8,4,2,1,60-69,Male
702,IMM_9,1,2,1,60-69,Male
705,IMM_8,3,2,1,60-69,Female
705,IMM_10,3,2,1,60-69,Female
705,IMM_4,0,2,1,60-69,Female
705,IMM_3,4,2,1,60-69,Female
705,IMM_2,4,2,1,60-69,Female
705,IMM_9,4,2,1,60-69,Female
705,IMM_6,4,2,1,60-69,Female
705,IMM_5,0,2,1,60-69,Female
705,IMM_7,0,2,1,60-69,Female
705,IMM_1,2,2,1,60-69,Female
706,IMM_2,3,2,1,80+,Female
706,IMM_1,0,2,1,80+,Female
706,IMM_4,0,2,1,80+,Female
706,IMM_3,4,2,1,80+,Female
706,IMM_5,1,2,1,80+,Female
706,IMM_7,0,2,1,80+,Female
706,IMM_10,4,2,1,80+,Female
706,IMM_9,3,2,1,80+,Female
706,IMM_6,2,2,1,80+,Female
706,IMM_8,3,2,1,80+,Female
708,IMM_10,3,2,1,50-59,Male
708,IMM_6,3,2,1,50-59,Male
708,IMM_2,3,2,1,50-59,Male
708,IMM_7,0,2,1,50-59,Male
708,IMM_1,0,2,1,50-59,Male
708,IMM_4,3,2,1,50-59,Male
708,IMM_9,2,2,1,50-59,Male
708,IMM_5,1,2,1,50-59,Male
708,IMM_8,3,2,1,50-59,Male
708,IMM_3,4,2,1,50-59,Male
710,IMM_3,4,2,1,60-69,Male
710,IMM_6,4,2,1,60-69,Male
710,IMM_2,0,2,1,60-69,Male
710,IMM_8,3,2,1,60-69,Male
710,IMM_4,1,2,1,60-69,Male
710,IMM_10,3,2,1,60-69,Male
710,IMM_5,0,2,1,60-69,Male
710,IMM_1,0,2,1,60-69,Male
710,IMM_7,0,2,1,60-69,Male
710,IMM_9,2,2,1,60-69,Male
721,IMM_3,3,2,2,60-69,Female
721,IMM_2,3,2,2,60-69,Female
721,IMM_4,2,2,2,60-69,Female
721,IMM_8,4,2,2,60-69,Female
721,IMM_6,2,2,2,60-69,Female
721,IMM_7,1,2,2,60-69,Female
721,IMM_5,2,2,2,60-69,Female
721,IMM_1,1,2,2,60-69,Female
721,IMM_10,4,2,2,60-69,Female
721,IMM_9,3,2,2,60-69,Female
723,IMM_7,0,2,1,60-69,Female
723,IMM_3,4,2,1,60-69,Female
723,IMM_5,0,2,1,60-69,Female
723,IMM_6,4,2,1,60-69,Female
723,IMM_1,0,2,1,60-69,Female
723,IMM_9,4,2,1,60-69,Female
723,IMM_2,2,2,1,60-69,Female
723,IMM_8,4,2,1,60-69,Female
723,IMM_10,4,2,1,60-69,Female
723,IMM_4,0,2,1,60-69,Female
734,IMM_2,3,2,1,40-49,Male
734,IMM_6,3,2,1,40-49,Male
734,IMM_5,1,2,1,40-49,Male
734,IMM_7,3,2,1,40-49,Male
734,IMM_8,4,2,1,40-49,Male
734,IMM_9,2,2,1,40-49,Male
734,IMM_3,4,2,1,40-49,Male
734,IMM_10,3,2,1,40-49,Male
734,IMM_4,1,2,1,40-49,Male
734,IMM_1,1,2,1,40-49,Male
744,IMM_1,0,2,1,50-59,Female
744,IMM_9,3,2,1,50-59,Female
744,IMM_10,4,2,1,50-59,Female
744,IMM_7,1,2,1,50-59,Female
744,IMM_6,3,2,1,50-59,Female
744,IMM_3,4,2,1,50-59,Female
744,IMM_4,1,2,1,50-59,Female
744,IMM_8,3,2,1,50-59,Female
744,IMM_2,0,2,1,50-59,Female
744,IMM_5,0,2,1,50-59,Female
748,IMM_4,1,2,6,40-49,Male
748,IMM_1,4,2,6,40-49,Male
748,IMM_9,0,2,6,40-49,Male
748,IMM_10,1,2,6,40-49,Male
748,IMM_2,0,2,6,40-49,Male
748,IMM_7,4,2,6,40-49,Male
748,IMM_8,4,2,6,40-49,Male
748,IMM_3,0,2,6,40-49,Male
748,IMM_5,3,2,6,40-49,Male
748,IMM_6,0,2,6,40-49,Male
759,IMM_7,3,2,1,30-39,Male
759,IMM_6,3,2,1,30-39,Male
759,IMM_5,2,2,1,30-39,Male
759,IMM_2,4,2,1,30-39,Male
759,IMM_8,3,2,1,30-39,Male
759,IMM_1,2,2,1,30-39,Male
759,IMM_3,2,2,1,30-39,Male
759,IMM_10,3,2,1,30-39,Male
759,IMM_4,1,2,1,30-39,Male
759,IMM_9,4,2,1,30-39,Male
760,IMM_2,1,2,1,70-79,Female
760,IMM_8,4,2,1,70-79,Female
760,IMM_5,0,2,1,70-79,Female
760,IMM_10,4,2,1,70-79,Female
760,IMM_9,4,2,1,70-79,Female
760,IMM_1,1,2,1,70-79,Female
760,IMM_6,4,2,1,70-79,Female
760,IMM_4,3,2,1,70-79,Female
760,IMM_7,1,2,1,70-79,Female
760,IMM_3,2,2,1,70-79,Female
761,IMM_4,0,2,1,60-69,Female
761,IMM_6,0,2,1,60-69,Female
761,IMM_3,4,2,1,60-69,Female
761,IMM_2,2,2,1,60-69,Female
761,IMM_1,0,2,1,60-69,Female
761,IMM_10,4,2,1,60-69,Female
761,IMM_8,3,2,1,60-69,Female
761,IMM_9,2,2,1,60-69,Female
761,IMM_7,0,2,1,60-69,Female
761,IMM_5,0,2,1,60-69,Female
763,IMM_2,3,2,2,30-39,Female
763,IMM_6,1,2,2,30-39,Female
763,IMM_1,1,2,2,30-39,Female
763,IMM_9,1,2,2,30-39,Female
763,IMM_8,3,2,2,30-39,Female
763,IMM_5,0,2,2,30-39,Female
763,IMM_3,4,2,2,30-39,Female
763,IMM_7,1,2,2,30-39,Female
763,IMM_4,1,2,2,30-39,Female
763,IMM_10,3,2,2,30-39,Female
766,IMM_3,4,2,1,70-79,Female
766,IMM_4,2,2,1,70-79,Female
766,IMM_8,4,2,1,70-79,Female
766,IMM_6,4,2,1,70-79,Female
766,IMM_9,4,2,1,70-79,Female
766,IMM_5,1,2,1,70-79,Female
766,IMM_7,0,2,1,70-79,Female
766,IMM_2,1,2,1,70-79,Female
766,IMM_1,0,2,1,70-79,Female
766,IMM_10,3,2,1,70-79,Female
804,IMM_5,1,2,2,60-69,Male
804,IMM_3,4,2,2,60-69,Male
804,IMM_8,4,2,2,60-69,Male
804,IMM_9,3,2,2,60-69,Male
804,IMM_6,2,2,2,60-69,Male
804,IMM_10,3,2,2,60-69,Male
804,IMM_2,3,2,2,60-69,Male
804,IMM_4,2,2,2,60-69,Male
804,IMM_7,3,2,2,60-69,Male
804,IMM_1,2,2,2,60-69,Male
812,IMM_1,1,2,1,50-59,Female
812,IMM_8,1,2,1,50-59,Female
812,IMM_6,3,2,1,50-59,Female
812,IMM_9,3,2,1,50-59,Female
812,IMM_10,3,2,1,50-59,Female
812,IMM_5,1,2,1,50-59,Female
812,IMM_4,3,2,1,50-59,Female
812,IMM_7,0,2,1,50-59,Female
812,IMM_3,1,2,1,50-59,Female
812,IMM_2,3,2,1,50-59,Female
834,IMM_6,4,2,1,50-59,Female
834,IMM_3,4,2,1,50-59,Female
834,IMM_4,3,2,1,50-59,Female
834,IMM_2,3,2,1,50-59,Female
834,IMM_1,0,2,1,50-59,Female
834,IMM_10,4,2,1,50-59,Female
834,IMM_9,3,2,1,50-59,Female
834,IMM_5,0,2,1,50-59,Female
834,IMM_7,0,2,1,50-59,Female
834,IMM_8,4,2,1,50-59,Female
836,IMM_1,0,2,1,60-69,Female
836,IMM_10,3,2,1,60-69,Female
836,IMM_4,0,2,1,60-69,Female
836,IMM_2,0,2,1,60-69,Female
836,IMM_3,4,2,1,60-69,Female
836,IMM_8,2,2,1,60-69,Female
836,IMM_6,2,2,1,60-69,Female
836,IMM_5,0,2,1,60-69,Female
836,IMM_9,3,2,1,60-69,Female
836,IMM_7,0,2,1,60-69,Female
847,IMM_2,2,2,4,70-79,Female
847,IMM_9,2,2,4,70-79,Female
847,IMM_4,1,2,4,70-79,Female
847,IMM_5,0,2,4,70-79,Female
847,IMM_7,1,2,4,70-79,Female
847,IMM_6,3,2,4,70-79,Female
847,IMM_1,0,2,4,70-79,Female
847,IMM_3,4,2,4,70-79,Female
847,IMM_8,3,2,4,70-79,Female
847,IMM_10,4,2,4,70-79,Female
881,IMM_6,3,2,1,60-69,Female
881,IMM_7,2,2,1,60-69,Female
881,IMM_9,3,2,1,60-69,Female
881,IMM_10,3,2,1,60-69,Female
881,IMM_4,2,2,1,60-69,Female
881,IMM_1,0,2,1,60-69,Female
881,IMM_2,3,2,1,60-69,Female
881,IMM_8,4,2,1,60-69,Female
881,IMM_3,4,2,1,60-69,Female
881,IMM_5,1,2,1,60-69,Female
883,IMM_10,4,2,1,60-69,Male
883,IMM_5,0,2,1,60-69,Male
883,IMM_2,3,2,1,60-69,Male
883,IMM_6,2,2,1,60-69,Male
883,IMM_4,1,2,1,60-69,Male
883,IMM_7,1,2,1,60-69,Male
883,IMM_1,1,2,1,60-69,Male
883,IMM_8,3,2,1,60-69,Male
883,IMM_3,4,2,1,60-69,Male
883,IMM_9,4,2,1,60-69,Male
904,IMM_3,3,2,1,70-79,Female
904,IMM_6,3,2,1,70-79,Female
904,IMM_5,1,2,1,70-79,Female
904,IMM_1,0,2,1,70-79,Female
904,IMM_2,4,2,1,70-79,Female
904,IMM_9,3,2,1,70-79,Female
904,IMM_10,3,2,1,70-79,Female
904,IMM_8,3,2,1,70-79,Female
904,IMM_4,2,2,1,70-79,Female
904,IMM_7,1,2,1,70-79,Female
924,IMM_8,3,2,3,18-29,Female
924,IMM_4,1,2,3,18-29,Female
924,IMM_10,3,2,3,18-29,Female
924,IMM_6,2,2,3,18-29,Female
924,IMM_3,4,2,3,18-29,Female
924,IMM_5,0,2,3,18-29,Female
924,IMM_9,4,2,3,18-29,Female
924,IMM_2,0,2,3,18-29,Female
924,IMM_1,0,2,3,18-29,Female
924,IMM_7,0,2,3,18-29,Female
930,IMM_3,4,2,1,60-69,Female
930,IMM_7,0,2,1,60-69,Female
930,IMM_1,0,2,1,60-69,Female
930,IMM_4,3,2,1,60-69,Female
930,IMM_10,4,2,1,60-69,Female
930,IMM_8,4,2,1,60-69,Female
930,IMM_9,3,2,1,60-69,Female
930,IMM_6,3,2,1,60-69,Female
930,IMM_2,4,2,1,60-69,Female
930,IMM_5,0,2,1,60-69,Female
932,IMM_4,2,2,1,50-59,Female
932,IMM_3,4,2,1,50-59,Female
932,IMM_8,2,2,1,50-59,Female
932,IMM_10,0,2,1,50-59,Female
932,IMM_5,0,2,1,50-59,Female
932,IMM_6,2,2,1,50-59,Female
932,IMM_2,0,2,1,50-59,Female
932,IMM_1,0,2,1,50-59,Female
932,IMM_7,0,2,1,50-59,Female
932,IMM_9,2,2,1,50-59,Female
939,IMM_1,0,2,1,70-79,Male
939,IMM_5,0,2,1,70-79,Male
939,IMM_3,3,2,1,70-79,Male
939,IMM_7,0,2,1,70-79,Male
939,IMM_8,4,2,1,70-79,Male
939,IMM_4,2,2,1,70-79,Male
939,IMM_6,3,2,1,70-79,Male
939,IMM_10,3,2,1,70-79,Male
939,IMM_2,1,2,1,70-79,Male
939,IMM_9,3,2,1,70-79,Male
940,IMM_3,4,2,2,60-69,Female
940,IMM_2,2,2,2,60-69,Female
940,IMM_5,1,2,2,60-69,Female
940,IMM_7,1,2,2,60-69,Female
940,IMM_10,2,2,2,60-69,Female
940,IMM_1,1,2,2,60-69,Female
940,IMM_4,2,2,2,60-69,Female
940,IMM_9,2,2,2,60-69,Female
940,IMM_8,2,2,2,60-69,Female
940,IMM_6,3,2,2,60-69,Female
958,IMM_2,1,2,3,30-39,Male
958,IMM_5,1,2,3,30-39,Male
958,IMM_1,0,2,3,30-39,Male
958,IMM_10,2,2,3,30-39,Male
958,IMM_8,4,2,3,30-39,Male
958,IMM_4,2,2,3,30-39,Male
958,IMM_6,2,2,3,30-39,Male
958,IMM_3,4,2,3,30-39,Male
958,IMM_7,0,2,3,30-39,Male
958,IMM_9,2,2,3,30-39,Male
972,IMM_10,2,2,1,70-79,Female
972,IMM_8,4,2,1,70-79,Female
972,IMM_1,0,2,1,70-79,Female
972,IMM_6,3,2,1,70-79,Female
972,IMM_3,4,2,1,70-79,Female
972,IMM_7,0,2,1,70-79,Female
972,IMM_9,2,2,1,70-79,Female
972,IMM_4,0,2,1,70-79,Female
972,IMM_2,2,2,1,70-79,Female
972,IMM_5,0,2,1,70-79,Female
979,IMM_6,2,2,1,30-39,Female
979,IMM_7,0,2,1,30-39,Female
979,IMM_10,4,2,1,30-39,Female
979,IMM_5,0,2,1,30-39,Female
979,IMM_4,0,2,1,30-39,Female
979,IMM_9,4,2,1,30-39,Female
979,IMM_3,4,2,1,30-39,Female
979,IMM_1,0,2,1,30-39,Female
979,IMM_8,4,2,1,30-39,Female
979,IMM_2,2,2,1,30-39,Female
983,IMM_1,3,2,1,60-69,Female
983,IMM_2,3,2,1,60-69,Female
983,IMM_10,1,2,1,60-69,Female
983,IMM_8,4,2,1,60-69,Female
983,IMM_4,1,2,1,60-69,Female
983,IMM_7,1,2,1,60-69,Female
983,IMM_5,0,2,1,60-69,Female
983,IMM_3,3,2,1,60-69,Female
983,IMM_9,1,2,1,60-69,Female
983,IMM_6,3,2,1,60-69,Female
990,IMM_9,0,2,2,50-59,Female
990,IMM_6,1,2,2,50-59,Female
990,IMM_4,0,2,2,50-59,Female
990,IMM_2,4,2,2,50-59,Female
990,IMM_7,1,2,2,50-59,Female
990,IMM_3,0,2,2,50-59,Female
990,IMM_1,3,2,2,50-59,Female
990,IMM_8,3,2,2,50-59,Female
990,IMM_5,4,2,2,50-59,Female
990,IMM_10,0,2,2,50-59,Female
992,IMM_4,2,2,2,40-49,Female
992,IMM_7,0,2,2,40-49,Female
992,IMM_5,0,2,2,40-49,Female
992,IMM_1,1,2,2,40-49,Female
992,IMM_3,3,2,2,40-49,Female
992,IMM_2,2,2,2,40-49,Female
992,IMM_6,3,2,2,40-49,Female
992,IMM_9,3,2,2,40-49,Female
992,IMM_10,3,2,2,40-49,Female
992,IMM_8,2,2,2,40-49,Female
993,IMM_10,3,2,3,60-69,Female
993,IMM_2,3,2,3,60-69,Female
993,IMM_7,0,2,3,60-69,Female
993,IMM_5,0,2,3,60-69,Female
993,IMM_3,4,2,3,60-69,Female
993,IMM_8,4,2,3,60-69,Female
993,IMM_9,3,2,3,60-69,Female
993,IMM_4,3,2,3,60-69,Female
993,IMM_6,4,2,3,60-69,Female
993,IMM_1,1,2,3,60-69,Female
1008,IMM_1,0,2,2,18-29,Female
1008,IMM_5,2,2,2,18-29,Female
1008,IMM_6,3,2,2,18-29,Female
1008,IMM_10,2,2,2,18-29,Female
1008,IMM_8,4,2,2,18-29,Female
1008,IMM_4,3,2,2,18-29,Female
1008,IMM_7,0,2,2,18-29,Female
1008,IMM_2,3,2,2,18-29,Female
1008,IMM_9,3,2,2,18-29,Female
1008,IMM_3,3,2,2,18-29,Female
1009,IMM_10,3,2,3,30-39,Female
1009,IMM_1,0,2,3,30-39,Female
1009,IMM_4,0,2,3,30-39,Female
1009,IMM_6,3,2,3,30-39,Female
1009,IMM_5,2,2,3,30-39,Female
1009,IMM_7,1,2,3,30-39,Female
1009,IMM_2,4,2,3,30-39,Female
1009,IMM_3,4,2,3,30-39,Female
1009,IMM_9,3,2,3,30-39,Female
1009,IMM_8,0,2,3,30-39,Female
1019,IMM_1,0,2,1,50-59,Female
1019,IMM_9,4,2,1,50-59,Female
1019,IMM_2,0,2,1,50-59,Female
1019,IMM_5,0,2,1,50-59,Female
1019,IMM_7,0,2,1,50-59,Female
1019,IMM_10,4,2,1,50-59,Female
1019,IMM_6,4,2,1,50-59,Female
1019,IMM_4,2,2,1,50-59,Female
1019,IMM_3,4,2,1,50-59,Female
1019,IMM_8,2,2,1,50-59,Female
1029,IMM_2,3,2,2,18-29,Female
1029,IMM_3,2,2,2,18-29,Female
1029,IMM_9,4,2,2,18-29,Female
1029,IMM_10,1,2,2,18-29,Female
1029,IMM_1,1,2,2,18-29,Female
1029,IMM_6,4,2,2,18-29,Female
1029,IMM_5,0,2,2,18-29,Female
1029,IMM_7,2,2,2,18-29,Female
1029,IMM_8,3,2,2,18-29,Female
1029,IMM_4,1,2,2,18-29,Female
1030,IMM_10,3,2,2,18-29,Female
1030,IMM_3,4,2,2,18-29,Female
1030,IMM_1,0,2,2,18-29,Female
1030,IMM_7,0,2,2,18-29,Female
1030,IMM_8,4,2,2,18-29,Female
1030,IMM_2,3,2,2,18-29,Female
1030,IMM_6,3,2,2,18-29,Female
1030,IMM_4,0,2,2,18-29,Female
1030,IMM_5,0,2,2,18-29,Female
1030,IMM_9,4,2,2,18-29,Female
1064,IMM_10,3,2,5,30-39,Male
1064,IMM_2,3,2,5,30-39,Male
1064,IMM_1,3,2,5,30-39,Male
1064,IMM_7,2,2,5,30-39,Male
1064,IMM_3,3,2,5,30-39,Male
1064,IMM_5,3,2,5,30-39,Male
1064,IMM_9,3,2,5,30-39,Male
1064,IMM_4,1,2,5,30-39,Male
1064,IMM_6,3,2,5,30-39,Male
1064,IMM_8,4,2,5,30-39,Male
1070,IMM_2,2,2,1,60-69,Female
1070,IMM_1,4,2,1,60-69,Female
1070,IMM_8,4,2,1,60-69,Female
1070,IMM_5,0,2,1,60-69,Female
1070,IMM_4,1,2,1,60-69,Female
1070,IMM_9,3,2,1,60-69,Female
1070,IMM_3,4,2,1,60-69,Female
1070,IMM_6,4,2,1,60-69,Female
1070,IMM_7,2,2,1,60-69,Female
1070,IMM_10,4,2,1,60-69,Female
1071,IMM_6,3,2,1,40-49,Female
1071,IMM_2,0,2,1,40-49,Female
1071,IMM_9,2,2,1,40-49,Female
1071,IMM_3,4,2,1,40-49,Female
1071,IMM_4,2,2,1,40-49,Female
1071,IMM_8,3,2,1,40-49,Female
1071,IMM_5,0,2,1,40-49,Female
1071,IMM_10,4,2,1,40-49,Female
1071,IMM_1,0,2,1,40-49,Female
1071,IMM_7,0,2,1,40-49,Female
1080,IMM_8,4,2,1,70-79,Female
1080,IMM_9,3,2,1,70-79,Female
1080,IMM_7,0,2,1,70-79,Female
1080,IMM_5,0,2,1,70-79,Female
1080,IMM_4,1,2,1,70-79,Female
1080,IMM_6,4,2,1,70-79,Female
1080,IMM_2,0,2,1,70-79,Female
1080,IMM_10,4,2,1,70-79,Female
1080,IMM_1,0,2,1,70-79,Female
1080,IMM_3,4,2,1,70-79,Female
1089,IMM_6,1,2,3,50-59,Female
1089,IMM_5,3,2,3,50-59,Female
1089,IMM_3,3,2,3,50-59,Female
1089,IMM_9,3,2,3,50-59,Female
1089,IMM_7,3,2,3,50-59,Female
1089,IMM_4,0,2,3,50-59,Female
1089,IMM_2,0,2,3,50-59,Female
1089,IMM_10,3,2,3,50-59,Female
1089,IMM_8,0,2,3,50-59,Female
1089,IMM_1,3,2,3,50-59,Female
1112,IMM_6,3,2,1,18-29,Female
1112,IMM_2,0,2,1,18-29,Female
1112,IMM_3,4,2,1,18-29,Female
1112,IMM_1,0,2,1,18-29,Female
1112,IMM_8,3,2,1,18-29,Female
1112,IMM_9,3,2,1,18-29,Female
1112,IMM_10,1,2,1,18-29,Female
1112,IMM_5,0,2,1,18-29,Female
1112,IMM_7,0,2,1,18-29,Female
1112,IMM_4,0,2,1,18-29,Female
1117,IMM_3,4,2,1,40-49,Female
1117,IMM_1,0,2,1,40-49,Female
1117,IMM_8,3,2,1,40-49,Female
1117,IMM_6,1,2,1,40-49,Female
1117,IMM_4,0,2,1,40-49,Female
1117,IMM_2,3,2,1,40-49,Female
1117,IMM_10,4,2,1,40-49,Female
1117,IMM_7,0,2,1,40-49,Female
1117,IMM_5,0,2,1,40-49,Female
1117,IMM_9,4,2,1,40-49,Female
1154,IMM_6,3,2,3,60-69,Male
1154,IMM_10,3,2,3,60-69,Male
1154,IMM_8,3,2,3,60-69,Male
1154,IMM_1,0,2,3,60-69,Male
1154,IMM_9,3,2,3,60-69,Male
1154,IMM_3,4,2,3,60-69,Male
1154,IMM_7,1,2,3,60-69,Male
1154,IMM_2,3,2,3,60-69,Male
1154,IMM_4,1,2,3,60-69,Male
1154,IMM_5,2,2,3,60-69,Male
1162,IMM_4,2,2,3,18-29,Female
1162,IMM_1,0,2,3,18-29,Female
1162,IMM_2,0,2,3,18-29,Female
1162,IMM_5,0,2,3,18-29,Female
1162,IMM_8,4,2,3,18-29,Female
1162,IMM_9,2,2,3,18-29,Female
1162,IMM_10,4,2,3,18-29,Female
1162,IMM_7,0,2,3,18-29,Female
1162,IMM_6,3,2,3,18-29,Female
1162,IMM_3,3,2,3,18-29,Female
1164,IMM_9,3,2,3,40-49,Female
1164,IMM_4,0,2,3,40-49,Female
1164,IMM_2,3,2,3,40-49,Female
1164,IMM_3,4,2,3,40-49,Female
1164,IMM_6,4,2,3,40-49,Female
1164,IMM_7,2,2,3,40-49,Female
1164,IMM_8,3,2,3,40-49,Female
1164,IMM_10,3,2,3,40-49,Female
1164,IMM_5,0,2,3,40-49,Female
1164,IMM_1,0,2,3,40-49,Female
1166,IMM_4,1,2,5,18-29,Female
1166,IMM_7,2,2,5,18-29,Female
1166,IMM_6,4,2,5,18-29,Female
1166,IMM_5,1,2,5,18-29,Female
1166,IMM_9,3,2,5,18-29,Female
1166,IMM_10,3,2,5,18-29,Female
1166,IMM_2,4,2,5,18-29,Female
1166,IMM_3,4,2,5,18-29,Female
1166,IMM_8,4,2,5,18-29,Female
1166,IMM_1,1,2,5,18-29,Female
1168,IMM_8,3,2,3,70-79,Female
1168,IMM_6,3,2,3,70-79,Female
1168,IMM_10,4,2,3,70-79,Female
1168,IMM_3,4,2,3,70-79,Female
1168,IMM_7,1,2,3,70-79,Female
1168,IMM_4,1,2,3,70-79,Female
1168,IMM_2,2,2,3,70-79,Female
1168,IMM_5,0,2,3,70-79,Female
1168,IMM_1,0,2,3,70-79,Female
1168,IMM_9,4,2,3,70-79,Female
1180,IMM_2,0,2,1,40-49,Female
1180,IMM_9,4,2,1,40-49,Female
1180,IMM_1,0,2,1,40-49,Female
1180,IMM_8,4,2,1,40-49,Female
1180,IMM_5,0,2,1,40-49,Female
1180,IMM_4,4,2,1,40-49,Female
1180,IMM_3,4,2,1,40-49,Female
1180,IMM_10,4,2,1,40-49,Female
1180,IMM_6,3,2,1,40-49,Female
1180,IMM_7,0,2,1,40-49,Female
1192,IMM_1,0,2,2,40-49,Female
1192,IMM_8,3,2,2,40-49,Female
1192,IMM_2,3,2,2,40-49,Female
1192,IMM_7,3,2,2,40-49,Female
1192,IMM_9,0,2,2,40-49,Female
1192,IMM_5,0,2,2,40-49,Female
1192,IMM_3,2,2,2,40-49,Female
1192,IMM_4,0,2,2,40-49,Female
1192,IMM_6,4,2,2,40-49,Female
1192,IMM_10,0,2,2,40-49,Female
1194,IMM_3,1,2,1,30-39,Female
1194,IMM_4,3,2,1,30-39,Female
1194,IMM_7,1,2,1,30-39,Female
1194,IMM_9,1,2,1,30-39,Female
1194,IMM_1,1,2,1,30-39,Female
1194,IMM_2,3,2,1,30-39,Female
1194,IMM_6,3,2,1,30-39,Female
1194,IMM_10,3,2,1,30-39,Female
1194,IMM_5,3,2,1,30-39,Female
1194,IMM_8,3,2,1,30-39,Female
1217,IMM_3,3,2,1,60-69,Female
1217,IMM_6,3,2,1,60-69,Female
1217,IMM_8,3,2,1,60-69,Female
1217,IMM_2,1,2,1,60-69,Female
1217,IMM_5,0,2,1,60-69,Female
1217,IMM_9,3,2,1,60-69,Female
1217,IMM_1,1,2,1,60-69,Female
1217,IMM_4,2,2,1,60-69,Female
1217,IMM_7,1,2,1,60-69,Female
1217,IMM_10,2,2,1,60-69,Female
1221,IMM_2,2,2,3,40-49,Female
1221,IMM_10,3,2,3,40-49,Female
1221,IMM_6,3,2,3,40-49,Female
1221,IMM_3,3,2,3,40-49,Female
1221,IMM_8,4,2,3,40-49,Female
1221,IMM_5,0,2,3,40-49,Female
1221,IMM_1,2,2,3,40-49,Female
1221,IMM_4,1,2,3,40-49,Female
1221,IMM_7,2,2,3,40-49,Female
1221,IMM_9,0,2,3,40-49,Female
1223,IMM_8,2,2,2,30-39,Female
1223,IMM_2,2,2,2,30-39,Female
1223,IMM_5,1,2,2,30-39,Female
1223,IMM_6,4,2,2,30-39,Female
1223,IMM_10,4,2,2,30-39,Female
1223,IMM_1,0,2,2,30-39,Female
1223,IMM_9,3,2,2,30-39,Female
1223,IMM_3,4,2,2,30-39,Female
1223,IMM_7,0,2,2,30-39,Female
1223,IMM_4,2,2,2,30-39,Female
1227,IMM_10,2,2,1,70-79,Male
1227,IMM_6,4,2,1,70-79,Male
1227,IMM_2,1,2,1,70-79,Male
1227,IMM_9,3,2,1,70-79,Male
1227,IMM_3,4,2,1,70-79,Male
1227,IMM_1,0,2,1,70-79,Male
1227,IMM_4,3,2,1,70-79,Male
1227,IMM_7,1,2,1,70-79,Male
1227,IMM_8,1,2,1,70-79,Male
1227,IMM_5,0,2,1,70-79,Male
1234,IMM_5,3,2,6,50-59,Female
1234,IMM_2,2,2,6,50-59,Female
1234,IMM_6,4,2,6,50-59,Female
1234,IMM_1,0,2,6,50-59,Female
1234,IMM_3,1,2,6,50-59,Female
1234,IMM_9,4,2,6,50-59,Female
1234,IMM_10,3,2,6,50-59,Female
1234,IMM_7,0,2,6,50-59,Female
1234,IMM_4,0,2,6,50-59,Female
1234,IMM_8,4,2,6,50-59,Female
1239,IMM_10,4,2,1,40-49,Female
1239,IMM_4,2,2,1,40-49,Female
1239,IMM_3,4,2,1,40-49,Female
1239,IMM_6,3,2,1,40-49,Female
1239,IMM_2,2,2,1,40-49,Female
1239,IMM_1,0,2,1,40-49,Female
1239,IMM_5,0,2,1,40-49,Female
1239,IMM_8,4,2,1,40-49,Female
1239,IMM_9,3,2,1,40-49,Female
1239,IMM_7,0,2,1,40-49,Female
1240,IMM_7,0,2,1,18-29,Female
1240,IMM_1,0,2,1,18-29,Female
1240,IMM_4,0,2,1,18-29,Female
1240,IMM_6,4,2,1,18-29,Female
1240,IMM_9,3,2,1,18-29,Female
1240,IMM_10,3,2,1,18-29,Female
1240,IMM_5,0,2,1,18-29,Female
1240,IMM_2,0,2,1,18-29,Female
1240,IMM_8,3,2,1,18-29,Female
1240,IMM_3,4,2,1,18-29,Female
1259,IMM_2,3,2,3,40-49,Female
1259,IMM_1,0,2,3,40-49,Female
1259,IMM_7,0,2,3,40-49,Female
1259,IMM_6,4,2,3,40-49,Female
1259,IMM_4,1,2,3,40-49,Female
1259,IMM_9,2,2,3,40-49,Female
1259,IMM_3,4,2,3,40-49,Female
1259,IMM_5,0,2,3,40-49,Female
1259,IMM_8,4,2,3,40-49,Female
1259,IMM_10,3,2,3,40-49,Female
1263,IMM_2,2,2,1,30-39,Female
1263,IMM_5,0,2,1,30-39,Female
1263,IMM_6,4,2,1,30-39,Female
1263,IMM_3,3,2,1,30-39,Female
1263,IMM_1,1,2,1,30-39,Female
1263,IMM_9,3,2,1,30-39,Female
1263,IMM_7,2,2,1,30-39,Female
1263,IMM_8,3,2,1,30-39,Female
1263,IMM_4,1,2,1,30-39,Female
1263,IMM_10,1,2,1,30-39,Female
1271,IMM_9,4,2,2,18-29,Female
1271,IMM_6,3,2,2,18-29,Female
1271,IMM_10,3,2,2,18-29,Female
1271,IMM_1,0,2,2,18-29,Female
1271,IMM_8,4,2,2,18-29,Female
1271,IMM_4,3,2,2,18-29,Female
1271,IMM_5,0,2,2,18-29,Female
1271,IMM_7,0,2,2,18-29,Female
1271,IMM_3,4,2,2,18-29,Female
1271,IMM_2,0,2,2,18-29,Female
1280,IMM_10,3,2,3,40-49,Female
1280,IMM_7,2,2,3,40-49,Female
1280,IMM_9,2,2,3,40-49,Female
1280,IMM_5,0,2,3,40-49,Female
1280,IMM_6,4,2,3,40-49,Female
1280,IMM_8,3,2,3,40-49,Female
1280,IMM_3,4,2,3,40-49,Female
1280,IMM_4,2,2,3,40-49,Female
1280,IMM_1,2,2,3,40-49,Female
1280,IMM_2,3,2,3,40-49,Female
1281,IMM_6,3,2,1,70-79,Female
1281,IMM_7,0,2,1,70-79,Female
1281,IMM_9,4,2,1,70-79,Female
1281,IMM_4,0,2,1,70-79,Female
1281,IMM_8,3,2,1,70-79,Female
1281,IMM_2,0,2,1,70-79,Female
1281,IMM_5,0,2,1,70-79,Female
1281,IMM_3,4,2,1,70-79,Female
1281,IMM_1,0,2,1,70-79,Female
1281,IMM_10,4,2,1,70-79,Female
1301,IMM_7,0,2,2,30-39,Female
1301,IMM_1,3,2,2,30-39,Female
1301,IMM_10,3,2,2,30-39,Female
1301,IMM_8,3,2,2,30-39,Female
1301,IMM_2,4,2,2,30-39,Female
1301,IMM_4,3,2,2,30-39,Female
1301,IMM_5,0,2,2,30-39,Female
1301,IMM_6,3,2,2,30-39,Female
1301,IMM_3,4,2,2,30-39,Female
1301,IMM_9,3,2,2,30-39,Female
1304,IMM_5,2,2,3,18-29,Female
1304,IMM_4,2,2,3,18-29,Female
1304,IMM_2,1,2,3,18-29,Female
1304,IMM_1,3,2,3,18-29,Female
1304,IMM_9,1,2,3,18-29,Female
1304,IMM_8,1,2,3,18-29,Female
1304,IMM_6,2,2,3,18-29,Female
1304,IMM_3,3,2,3,18-29,Female
1304,IMM_7,1,2,3,18-29,Female
1304,IMM_10,1,2,3,18-29,Female
1310,IMM_3,4,2,3,30-39,Female
1310,IMM_2,4,2,3,30-39,Female
1310,IMM_5,0,2,3,30-39,Female
1310,IMM_10,3,2,3,30-39,Female
1310,IMM_8,3,2,3,30-39,Female
1310,IMM_4,1,2,3,30-39,Female
1310,IMM_6,4,2,3,30-39,Female
1310,IMM_7,0,2,3,30-39,Female
1310,IMM_9,3,2,3,30-39,Female
1310,IMM_1,0,2,3,30-39,Female
1315,IMM_4,2,2,1,18-29,Female
1315,IMM_5,0,2,1,18-29,Female
1315,IMM_8,4,2,1,18-29,Female
1315,IMM_7,0,2,1,18-29,Female
1315,IMM_10,4,2,1,18-29,Female
1315,IMM_6,3,2,1,18-29,Female
1315,IMM_1,0,2,1,18-29,Female
1315,IMM_3,4,2,1,18-29,Female
1315,IMM_9,4,2,1,18-29,Female
1315,IMM_2,1,2,1,18-29,Female
1325,IMM_2,3,2,1,18-29,Male
1325,IMM_10,1,2,1,18-29,Male
1325,IMM_8,3,2,1,18-29,Male
1325,IMM_7,4,2,1,18-29,Male
1325,IMM_5,3,2,1,18-29,Male
1325,IMM_9,4,2,1,18-29,Male
1325,IMM_4,1,2,1,18-29,Male
1325,IMM_3,2,2,1,18-29,Male
1325,IMM_1,1,2,1,18-29,Male
1325,IMM_6,1,2,1,18-29,Male
1329,IMM_2,1,2,3,60-69,Male
1329,IMM_8,3,2,3,60-69,Male
1329,IMM_6,0,2,3,60-69,Male
1329,IMM_9,2,2,3,60-69,Male
1329,IMM_10,2,2,3,60-69,Male
1329,IMM_3,4,2,3,60-69,Male
1329,IMM_7,0,2,3,60-69,Male
1329,IMM_4,0,2,3,60-69,Male
1329,IMM_1,0,2,3,60-69,Male
1329,IMM_5,0,2,3,60-69,Male
1330,IMM_2,1,2,2,30-39,Male
1330,IMM_1,0,2,2,30-39,Male
1330,IMM_10,3,2,2,30-39,Male
1330,IMM_6,4,2,2,30-39,Male
1330,IMM_5,0,2,2,30-39,Male
1330,IMM_9,1,2,2,30-39,Male
1330,IMM_8,4,2,2,30-39,Male
1330,IMM_3,3,2,2,30-39,Male
1330,IMM_4,0,2,2,30-39,Male
1330,IMM_7,0,2,2,30-39,Male
1352,IMM_6,4,2,1,60-69,Male
1352,IMM_9,4,2,1,60-69,Male
1352,IMM_7,0,2,1,60-69,Male
1352,IMM_4,0,2,1,60-69,Male
1352,IMM_3,4,2,1,60-69,Male
1352,IMM_10,4,2,1,60-69,Male
1352,IMM_5,0,2,1,60-69,Male
1352,IMM_2,4,2,1,60-69,Male
1352,IMM_8,3,2,1,60-69,Male
1352,IMM_1,0,2,1,60-69,Male
1363,IMM_2,1,2,2,50-59,Female
1363,IMM_5,0,2,2,50-59,Female
1363,IMM_4,2,2,2,50-59,Female
1363,IMM_9,2,2,2,50-59,Female
1363,IMM_7,1,2,2,50-59,Female
1363,IMM_1,1,2,2,50-59,Female
1363,IMM_8,3,2,2,50-59,Female
1363,IMM_3,3,2,2,50-59,Female
1363,IMM_6,3,2,2,50-59,Female
1363,IMM_10,3,2,2,50-59,Female
1365,IMM_2,3,2,1,50-59,Male
1365,IMM_8,0,2,1,50-59,Male
1365,IMM_6,0,2,1,50-59,Male
1365,IMM_10,4,2,1,50-59,Male
1365,IMM_5,0,2,1,50-59,Male
1365,IMM_7,0,2,1,50-59,Male
1365,IMM_4,0,2,1,50-59,Male
1365,IMM_1,4,2,1,50-59,Male
1365,IMM_3,0,2,1,50-59,Male
1365,IMM_9,2,2,1,50-59,Male
1376,IMM_1,0,2,2,40-49,Female
1376,IMM_4,1,2,2,40-49,Female
1376,IMM_7,0,2,2,40-49,Female
1376,IMM_9,2,2,2,40-49,Female
1376,IMM_10,3,2,2,40-49,Female
1376,IMM_6,3,2,2,40-49,Female
1376,IMM_3,4,2,2,40-49,Female
1376,IMM_2,0,2,2,40-49,Female
1376,IMM_8,1,2,2,40-49,Female
1376,IMM_5,0,2,2,40-49,Female
1396,IMM_4,3,2,3,40-49,Male
1396,IMM_7,0,2,3,40-49,Male
1396,IMM_2,1,2,3,40-49,Male
1396,IMM_1,1,2,3,40-49,Male
1396,IMM_6,4,2,3,40-49,Male
1396,IMM_10,0,2,3,40-49,Male
1396,IMM_9,1,2,3,40-49,Male
1396,IMM_5,0,2,3,40-49,Male
1396,IMM_8,3,2,3,40-49,Male
1396,IMM_3,0,2,3,40-49,Male
1398,IMM_7,0,2,1,18-29,Female
1398,IMM_1,0,2,1,18-29,Female
1398,IMM_8,3,2,1,18-29,Female
1398,IMM_5,0,2,1,18-29,Female
1398,IMM_6,3,2,1,18-29,Female
1398,IMM_4,2,2,1,18-29,Female
1398,IMM_3,4,2,1,18-29,Female
1398,IMM_9,2,2,1,18-29,Female
1398,IMM_10,4,2,1,18-29,Female
1398,IMM_2,1,2,1,18-29,Female
1400,IMM_8,3,2,1,40-49,Male
1400,IMM_2,2,2,1,40-49,Male
1400,IMM_3,4,2,1,40-49,Male
1400,IMM_5,0,2,1,40-49,Male
1400,IMM_7,2,2,1,40-49,Male
1400,IMM_9,4,2,1,40-49,Male
1400,IMM_1,0,2,1,40-49,Male
1400,IMM_6,4,2,1,40-49,Male
1400,IMM_10,4,2,1,40-49,Male
1400,IMM_4,0,2,1,40-49,Male
1404,IMM_4,1,2,3,40-49,Male
1404,IMM_2,3,2,3,40-49,Male
1404,IMM_7,2,2,3,40-49,Male
1404,IMM_1,1,2,3,40-49,Male
1404,IMM_6,2,2,3,40-49,Male
1404,IMM_10,2,2,3,40-49,Male
1404,IMM_5,2,2,3,40-49,Male
1404,IMM_8,3,2,3,40-49,Male
1404,IMM_9,2,2,3,40-49,Male
1404,IMM_3,4,2,3,40-49,Male
1407,IMM_7,0,2,1,50-59,Male
1407,IMM_5,0,2,1,50-59,Male
1407,IMM_8,3,2,1,50-59,Male
1407,IMM_2,3,2,1,50-59,Male
1407,IMM_9,3,2,1,50-59,Male
1407,IMM_6,4,2,1,50-59,Male
1407,IMM_10,4,2,1,50-59,Male
1407,IMM_4,0,2,1,50-59,Male
1407,IMM_3,4,2,1,50-59,Male
1407,IMM_1,0,2,1,50-59,Male
1409,IMM_9,0,2,3,40-49,Male
1409,IMM_1,2,2,3,40-49,Male
1409,IMM_5,0,2,3,40-49,Male
1409,IMM_6,0,2,3,40-49,Male
1409,IMM_8,2,2,3,40-49,Male
1409,IMM_2,3,2,3,40-49,Male
1409,IMM_7,2,2,3,40-49,Male
1409,IMM_4,2,2,3,40-49,Male
1409,IMM_10,0,2,3,40-49,Male
1409,IMM_3,2,2,3,40-49,Male
1435,IMM_8,3,2,1,60-69,Male
1435,IMM_7,0,2,1,60-69,Male
1435,IMM_2,3,2,1,60-69,Male
1435,IMM_4,2,2,1,60-69,Male
1435,IMM_6,4,2,1,60-69,Male
1435,IMM_5,0,2,1,60-69,Male
1435,IMM_1,0,2,1,60-69,Male
1435,IMM_10,4,2,1,60-69,Male
1435,IMM_3,4,2,1,60-69,Male
1435,IMM_9,2,2,1,60-69,Male
1438,IMM_4,1,2,3,70-79,Female
1438,IMM_1,0,2,3,70-79,Female
1438,IMM_10,2,2,3,70-79,Female
1438,IMM_2,4,2,3,70-79,Female
1438,IMM_5,0,2,3,70-79,Female
1438,IMM_3,4,2,3,70-79,Female
1438,IMM_6,3,2,3,70-79,Female
1438,IMM_7,0,2,3,70-79,Female
1438,IMM_8,4,2,3,70-79,Female
1438,IMM_9,3,2,3,70-79,Female
1453,IMM_4,0,2,1,60-69,Female
1453,IMM_6,3,2,1,60-69,Female
1453,IMM_2,3,2,1,60-69,Female
1453,IMM_9,4,2,1,60-69,Female
1453,IMM_8,4,2,1,60-69,Female
1453,IMM_1,0,2,1,60-69,Female
1453,IMM_7,0,2,1,60-69,Female
1453,IMM_3,4,2,1,60-69,Female
1453,IMM_10,4,2,1,60-69,Female
1453,IMM_5,0,2,1,60-69,Female
1455,IMM_1,0,2,3,50-59,Male
1455,IMM_9,3,2,3,50-59,Male
1455,IMM_4,4,2,3,50-59,Male
1455,IMM_5,4,2,3,50-59,Male
1455,IMM_8,4,2,3,50-59,Male
1455,IMM_7,2,2,3,50-59,Male
1455,IMM_10,3,2,3,50-59,Male
1455,IMM_2,1,2,3,50-59,Male
1455,IMM_6,0,2,3,50-59,Male
1455,IMM_3,0,2,3,50-59,Male
1456,IMM_3,3,2,1,70-79,Male
1456,IMM_10,4,2,1,70-79,Male
1456,IMM_7,0,2,1,70-79,Male
1456,IMM_6,2,2,1,70-79,Male
1456,IMM_8,4,2,1,70-79,Male
1456,IMM_1,0,2,1,70-79,Male
1456,IMM_4,1,2,1,70-79,Male
1456,IMM_2,2,2,1,70-79,Male
1456,IMM_5,0,2,1,70-79,Male
1456,IMM_9,3,2,1,70-79,Male
1458,IMM_9,3,2,1,18-29,Male
1458,IMM_3,4,2,1,18-29,Male
1458,IMM_7,1,2,1,18-29,Male
1458,IMM_5,1,2,1,18-29,Male
1458,IMM_6,3,2,1,18-29,Male
1458,IMM_8,3,2,1,18-29,Male
1458,IMM_4,1,2,1,18-29,Male
1458,IMM_1,0,2,1,18-29,Male
1458,IMM_10,3,2,1,18-29,Male
1458,IMM_2,3,2,1,18-29,Male
1465,IMM_5,0,2,1,50-59,Female
1465,IMM_9,2,2,1,50-59,Female
1465,IMM_4,3,2,1,50-59,Female
1465,IMM_7,0,2,1,50-59,Female
1465,IMM_3,3,2,1,50-59,Female
1465,IMM_10,2,2,1,50-59,Female
1465,IMM_8,4,2,1,50-59,Female
1465,IMM_2,1,2,1,50-59,Female
1465,IMM_1,3,2,1,50-59,Female
1465,IMM_6,3,2,1,50-59,Female
1487,IMM_4,1,2,2,30-39,Male
1487,IMM_6,3,2,2,30-39,Male
1487,IMM_1,2,2,2,30-39,Male
1487,IMM_9,3,2,2,30-39,Male
1487,IMM_8,3,2,2,30-39,Male
1487,IMM_7,1,2,2,30-39,Male
1487,IMM_2,3,2,2,30-39,Male
1487,IMM_3,4,2,2,30-39,Male
1487,IMM_10,4,2,2,30-39,Male
1487,IMM_5,0,2,2,30-39,Male
1509,IMM_3,4,2,1,60-69,Male
1509,IMM_7,0,2,1,60-69,Male
1509,IMM_4,1,2,1,60-69,Male
1509,IMM_1,0,2,1,60-69,Male
1509,IMM_10,4,2,1,60-69,Male
1509,IMM_8,4,2,1,60-69,Male
1509,IMM_6,3,2,1,60-69,Male
1509,IMM_9,4,2,1,60-69,Male
1509,IMM_5,0,2,1,60-69,Male
1509,IMM_2,3,2,1,60-69,Male
1522,IMM_10,2,2,3,40-49,Male
1522,IMM_4,1,2,3,40-49,Male
1522,IMM_2,3,2,3,40-49,Male
1522,IMM_3,4,2,3,40-49,Male
1522,IMM_5,1,2,3,40-49,Male
1522,IMM_7,1,2,3,40-49,Male
1522,IMM_9,2,2,3,40-49,Male
1522,IMM_1,1,2,3,40-49,Male
1522,IMM_6,3,2,3,40-49,Male
1522,IMM_8,3,2,3,40-49,Male
1525,IMM_4,1,2,1,70-79,Male
1525,IMM_5,0,2,1,70-79,Male
1525,IMM_6,3,2,1,70-79,Male
1525,IMM_9,3,2,1,70-79,Male
1525,IMM_7,1,2,1,70-79,Male
1525,IMM_2,3,2,1,70-79,Male
1525,IMM_3,3,2,1,70-79,Male
1525,IMM_10,4,2,1,70-79,Male
1525,IMM_1,2,2,1,70-79,Male
1525,IMM_8,4,2,1,70-79,Male
1544,IMM_8,3,2,1,70-79,Male
1544,IMM_1,0,2,1,70-79,Male
1544,IMM_6,4,2,1,70-79,Male
1544,IMM_9,4,2,1,70-79,Male
1544,IMM_5,0,2,1,70-79,Male
1544,IMM_2,3,2,1,70-79,Male
1544,IMM_4,1,2,1,70-79,Male
1544,IMM_7,0,2,1,70-79,Male
1544,IMM_10,4,2,1,70-79,Male
1544,IMM_3,4,2,1,70-79,Male
1546,IMM_2,2,2,1,60-69,Male
1546,IMM_1,1,2,1,60-69,Male
1546,IMM_10,3,2,1,60-69,Male
1546,IMM_6,3,2,1,60-69,Male
1546,IMM_3,4,2,1,60-69,Male
1546,IMM_5,0,2,1,60-69,Male
1546,IMM_8,4,2,1,60-69,Male
1546,IMM_4,0,2,1,60-69,Male
1546,IMM_9,4,2,1,60-69,Male
1546,IMM_7,1,2,1,60-69,Male
1547,IMM_5,0,2,2,30-39,Male
1547,IMM_8,3,2,2,30-39,Male
1547,IMM_7,0,2,2,30-39,Male
1547,IMM_4,2,2,2,30-39,Male
1547,IMM_1,0,2,2,30-39,Male
1547,IMM_9,2,2,2,30-39,Male
1547,IMM_2,3,2,2,30-39,Male
1547,IMM_6,3,2,2,30-39,Male
1547,IMM_10,3,2,2,30-39,Male
1547,IMM_3,4,2,2,30-39,Male
1555,IMM_4,0,2,1,70-79,Male
1555,IMM_2,2,2,1,70-79,Male
1555,IMM_1,1,2,1,70-79,Male
1555,IMM_7,0,2,1,70-79,Male
1555,IMM_9,4,2,1,70-79,Male
1555,IMM_10,4,2,1,70-79,Male
1555,IMM_3,4,2,1,70-79,Male
1555,IMM_5,1,2,1,70-79,Male
1555,IMM_8,3,2,1,70-79,Male
1555,IMM_6,2,2,1,70-79,Male
1576,IMM_9,2,2,1,30-39,Male
1576,IMM_1,1,2,1,30-39,Male
1576,IMM_4,1,2,1,30-39,Male
1576,IMM_5,0,2,1,30-39,Male
1576,IMM_3,4,2,1,30-39,Male
1576,IMM_7,3,2,1,30-39,Male
1576,IMM_10,2,2,1,30-39,Male
1576,IMM_2,3,2,1,30-39,Male
1576,IMM_8,3,2,1,30-39,Male
1576,IMM_6,3,2,1,30-39,Male
1581,IMM_7,0,2,6,30-39,Male
1581,IMM_4,3,2,6,30-39,Male
1581,IMM_3,3,2,6,30-39,Male
1581,IMM_8,3,2,6,30-39,Male
1581,IMM_10,3,2,6,30-39,Male
1581,IMM_5,0,2,6,30-39,Male
1581,IMM_1,1,2,6,30-39,Male
1581,IMM_6,3,2,6,30-39,Male
1581,IMM_2,3,2,6,30-39,Male
1581,IMM_9,2,2,6,30-39,Male
1594,IMM_8,2,2,2,50-59,Male
1594,IMM_2,3,2,2,50-59,Male
1594,IMM_7,0,2,2,50-59,Male
1594,IMM_9,4,2,2,50-59,Male
1594,IMM_5,0,2,2,50-59,Male
1594,IMM_10,2,2,2,50-59,Male
1594,IMM_4,2,2,2,50-59,Male
1594,IMM_1,2,2,2,50-59,Male
1594,IMM_3,4,2,2,50-59,Male
1594,IMM_6,3,2,2,50-59,Male
1595,IMM_5,2,2,3,60-69,Male
1595,IMM_6,1,2,3,60-69,Male
1595,IMM_3,4,2,3,60-69,Male
1595,IMM_1,3,2,3,60-69,Male
1595,IMM_8,3,2,3,60-69,Male
1595,IMM_10,1,2,3,60-69,Male
1595,IMM_7,1,2,3,60-69,Male
1595,IMM_9,1,2,3,60-69,Male
1595,IMM_2,2,2,3,60-69,Male
1595,IMM_4,3,2,3,60-69,Male
1596,IMM_3,4,2,2,60-69,Male
1596,IMM_10,4,2,2,60-69,Male
1596,IMM_7,1,2,2,60-69,Male
1596,IMM_6,4,2,2,60-69,Male
1596,IMM_5,0,2,2,60-69,Male
1596,IMM_4,3,2,2,60-69,Male
1596,IMM_1,0,2,2,60-69,Male
1596,IMM_9,4,2,2,60-69,Male
1596,IMM_2,2,2,2,60-69,Male
1596,IMM_8,1,2,2,60-69,Male
1598,IMM_5,4,2,2,40-49,Male
1598,IMM_10,3,2,2,40-49,Male
1598,IMM_7,0,2,2,40-49,Male
1598,IMM_3,4,2,2,40-49,Male
1598,IMM_1,3,2,2,40-49,Male
1598,IMM_8,4,2,2,40-49,Male
1598,IMM_4,3,2,2,40-49,Male
1598,IMM_9,4,2,2,40-49,Male
1598,IMM_2,4,2,2,40-49,Male
1598,IMM_6,3,2,2,40-49,Male
1600,IMM_2,2,2,1,18-29,Male
1600,IMM_10,3,2,1,18-29,Male
1600,IMM_7,1,2,1,18-29,Male
1600,IMM_3,4,2,1,18-29,Male
1600,IMM_6,3,2,1,18-29,Male
1600,IMM_4,3,2,1,18-29,Male
1600,IMM_1,1,2,1,18-29,Male
1600,IMM_9,4,2,1,18-29,Male
1600,IMM_5,1,2,1,18-29,Male
1600,IMM_8,1,2,1,18-29,Male
1605,IMM_8,4,2,1,70-79,Male
1605,IMM_10,4,2,1,70-79,Male
1605,IMM_4,0,2,1,70-79,Male
1605,IMM_5,0,2,1,70-79,Male
1605,IMM_1,0,2,1,70-79,Male
1605,IMM_3,4,2,1,70-79,Male
1605,IMM_9,4,2,1,70-79,Male
1605,IMM_2,3,2,1,70-79,Male
1605,IMM_6,3,2,1,70-79,Male
1605,IMM_7,0,2,1,70-79,Male
1608,IMM_10,4,2,1,30-39,Male
1608,IMM_2,4,2,1,30-39,Male
1608,IMM_8,4,2,1,30-39,Male
1608,IMM_3,4,2,1,30-39,Male
1608,IMM_7,1,2,1,30-39,Male
1608,IMM_1,0,2,1,30-39,Male
1608,IMM_9,4,2,1,30-39,Male
1608,IMM_6,3,2,1,30-39,Male
1608,IMM_5,0,2,1,30-39,Male
1608,IMM_4,0,2,1,30-39,Male
1617,IMM_10,4,2,3,50-59,Male
1617,IMM_2,2,2,3,50-59,Male
1617,IMM_7,0,2,3,50-59,Male
1617,IMM_1,0,2,3,50-59,Male
1617,IMM_4,2,2,3,50-59,Male
1617,IMM_9,3,2,3,50-59,Male
1617,IMM_8,3,2,3,50-59,Male
1617,IMM_3,4,2,3,50-59,Male
1617,IMM_6,3,2,3,50-59,Male
1617,IMM_5,0,2,3,50-59,Male
1619,IMM_3,4,2,2,18-29,Female
1619,IMM_5,0,2,2,18-29,Female
1619,IMM_2,1,2,2,18-29,Female
1619,IMM_10,4,2,2,18-29,Female
1619,IMM_9,4,2,2,18-29,Female
1619,IMM_7,0,2,2,18-29,Female
1619,IMM_4,1,2,2,18-29,Female
1619,IMM_6,3,2,2,18-29,Female
1619,IMM_8,2,2,2,18-29,Female
1619,IMM_1,1,2,2,18-29,Female
1622,IMM_9,4,2,2,18-29,Female
1622,IMM_7,0,2,2,18-29,Female
1622,IMM_4,0,2,2,18-29,Female
1622,IMM_8,3,2,2,18-29,Female
1622,IMM_2,2,2,2,18-29,Female
1622,IMM_5,0,2,2,18-29,Female
1622,IMM_1,0,2,2,18-29,Female
1622,IMM_10,4,2,2,18-29,Female
1622,IMM_3,4,2,2,18-29,Female
1622,IMM_6,3,2,2,18-29,Female
1629,IMM_5,0,2,2,60-69,Male
1629,IMM_3,1,2,2,60-69,Male
1629,IMM_9,3,2,2,60-69,Male
1629,IMM_2,3,2,2,60-69,Male
1629,IMM_7,0,2,2,60-69,Male
1629,IMM_6,4,2,2,60-69,Male
1629,IMM_10,4,2,2,60-69,Male
1629,IMM_8,2,2,2,60-69,Male
1629,IMM_1,1,2,2,60-69,Male
1629,IMM_4,3,2,2,60-69,Male
1639,IMM_2,2,2,2,18-29,Female
1639,IMM_6,2,2,2,18-29,Female
1639,IMM_5,0,2,2,18-29,Female
1639,IMM_7,0,2,2,18-29,Female
1639,IMM_8,4,2,2,18-29,Female
1639,IMM_10,1,2,2,18-29,Female
1639,IMM_4,1,2,2,18-29,Female
1639,IMM_9,2,2,2,18-29,Female
1639,IMM_3,4,2,2,18-29,Female
1639,IMM_1,1,2,2,18-29,Female
1655,IMM_3,3,2,2,30-39,Female
1655,IMM_6,3,2,2,30-39,Female
1655,IMM_9,4,2,2,30-39,Female
1655,IMM_2,1,2,2,30-39,Female
1655,IMM_4,0,2,2,30-39,Female
1655,IMM_7,0,2,2,30-39,Female
1655,IMM_10,4,2,2,30-39,Female
1655,IMM_5,0,2,2,30-39,Female
1655,IMM_8,4,2,2,30-39,Female
1655,IMM_1,0,2,2,30-39,Female
1669,IMM_9,1,2,1,70-79,Female
1669,IMM_4,0,2,1,70-79,Female
1669,IMM_10,4,2,1,70-79,Female
1669,IMM_8,3,2,1,70-79,Female
1669,IMM_7,0,2,1,70-79,Female
1669,IMM_3,4,2,1,70-79,Female
1669,IMM_2,1,2,1,70-79,Female
1669,IMM_5,0,2,1,70-79,Female
1669,IMM_1,0,2,1,70-79,Female
1669,IMM_6,3,2,1,70-79,Female
1672,IMM_9,4,2,1,18-29,Male
1672,IMM_4,2,2,1,18-29,Male
1672,IMM_10,3,2,1,18-29,Male
1672,IMM_5,2,2,1,18-29,Male
1672,IMM_3,3,2,1,18-29,Male
1672,IMM_7,3,2,1,18-29,Male
1672,IMM_6,4,2,1,18-29,Male
1672,IMM_1,1,2,1,18-29,Male
1672,IMM_2,3,2,1,18-29,Male
1672,IMM_8,4,2,1,18-29,Male
1686,IMM_4,2,2,1,70-79,Male
1686,IMM_10,3,2,1,70-79,Male
1686,IMM_9,3,2,1,70-79,Male
1686,IMM_8,1,2,1,70-79,Male
1686,IMM_5,0,2,1,70-79,Male
1686,IMM_6,3,2,1,70-79,Male
1686,IMM_2,3,2,1,70-79,Male
1686,IMM_1,0,2,1,70-79,Male
1686,IMM_3,4,2,1,70-79,Male
1686,IMM_7,0,2,1,70-79,Male
1698,IMM_1,1,2,1,40-49,Female
1698,IMM_9,4,2,1,40-49,Female
1698,IMM_10,3,2,1,40-49,Female
1698,IMM_3,4,2,1,40-49,Female
1698,IMM_6,3,2,1,40-49,Female
1698,IMM_2,1,2,1,40-49,Female
1698,IMM_5,1,2,1,40-49,Female
1698,IMM_7,1,2,1,40-49,Female
1698,IMM_4,1,2,1,40-49,Female
1698,IMM_8,3,2,1,40-49,Female
1701,IMM_1,0,2,3,40-49,Female
1701,IMM_3,4,2,3,40-49,Female
1701,IMM_10,3,2,3,40-49,Female
1701,IMM_7,1,2,3,40-49,Female
1701,IMM_4,2,2,3,40-49,Female
1701,IMM_5,0,2,3,40-49,Female
1701,IMM_8,2,2,3,40-49,Female
1701,IMM_2,4,2,3,40-49,Female
1701,IMM_6,4,2,3,40-49,Female
1701,IMM_9,3,2,3,40-49,Female
1710,IMM_9,4,2,1,60-69,Male
1710,IMM_8,4,2,1,60-69,Male
1710,IMM_5,0,2,1,60-69,Male
1710,IMM_6,4,2,1,60-69,Male
1710,IMM_4,0,2,1,60-69,Male
1710,IMM_3,4,2,1,60-69,Male
1710,IMM_2,2,2,1,60-69,Male
1710,IMM_1,1,2,1,60-69,Male
1710,IMM_10,3,2,1,60-69,Male
1710,IMM_7,0,2,1,60-69,Male
1712,IMM_4,0,2,3,30-39,Male
1712,IMM_10,0,2,3,30-39,Male
1712,IMM_7,1,2,3,30-39,Male
1712,IMM_5,1,2,3,30-39,Male
1712,IMM_2,1,2,3,30-39,Male
1712,IMM_6,2,2,3,30-39,Male
1712,IMM_9,1,2,3,30-39,Male
1712,IMM_3,1,2,3,30-39,Male
1712,IMM_1,4,2,3,30-39,Male
1712,IMM_8,1,2,3,30-39,Male
1713,IMM_8,3,2,1,60-69,Female
1713,IMM_4,1,2,1,60-69,Female
1713,IMM_7,2,2,1,60-69,Female
1713,IMM_9,3,2,1,60-69,Female
1713,IMM_3,3,2,1,60-69,Female
1713,IMM_5,2,2,1,60-69,Female
1713,IMM_2,4,2,1,60-69,Female
1713,IMM_6,3,2,1,60-69,Female
1713,IMM_1,2,2,1,60-69,Female
1713,IMM_10,4,2,1,60-69,Female
1716,IMM_10,4,2,1,50-59,Male
1716,IMM_6,3,2,1,50-59,Male
1716,IMM_5,0,2,1,50-59,Male
1716,IMM_1,0,2,1,50-59,Male
1716,IMM_3,4,2,1,50-59,Male
1716,IMM_4,1,2,1,50-59,Male
1716,IMM_2,4,2,1,50-59,Male
1716,IMM_9,4,2,1,50-59,Male
1716,IMM_7,0,2,1,50-59,Male
1716,IMM_8,3,2,1,50-59,Male
1723,IMM_6,3,2,2,40-49,Male
1723,IMM_9,3,2,2,40-49,Male
1723,IMM_8,4,2,2,40-49,Male
1723,IMM_5,0,2,2,40-49,Male
1723,IMM_1,1,2,2,40-49,Male
1723,IMM_7,1,2,2,40-49,Male
1723,IMM_4,1,2,2,40-49,Male
1723,IMM_10,3,2,2,40-49,Male
1723,IMM_2,3,2,2,40-49,Male
1723,IMM_3,4,2,2,40-49,Male
1730,IMM_9,3,2,5,40-49,Male
1730,IMM_3,3,2,5,40-49,Male
1730,IMM_2,4,2,5,40-49,Male
1730,IMM_7,0,2,5,40-49,Male
1730,IMM_1,0,2,5,40-49,Male
1730,IMM_4,3,2,5,40-49,Male
1730,IMM_8,4,2,5,40-49,Male
1730,IMM_5,4,2,5,40-49,Male
1730,IMM_10,3,2,5,40-49,Male
1730,IMM_6,3,2,5,40-49,Male
1736,IMM_1,0,2,1,18-29,Female
1736,IMM_4,0,2,1,18-29,Female
1736,IMM_9,4,2,1,18-29,Female
1736,IMM_5,0,2,1,18-29,Female
1736,IMM_10,4,2,1,18-29,Female
1736,IMM_7,0,2,1,18-29,Female
1736,IMM_3,4,2,1,18-29,Female
1736,IMM_2,3,2,1,18-29,Female
1736,IMM_6,3,2,1,18-29,Female
1736,IMM_8,3,2,1,18-29,Female
1742,IMM_8,3,2,6,50-59,Female
1742,IMM_9,1,2,6,50-59,Female
1742,IMM_2,3,2,6,50-59,Female
1742,IMM_5,4,2,6,50-59,Female
1742,IMM_3,3,2,6,50-59,Female
1742,IMM_6,3,2,6,50-59,Female
1742,IMM_4,2,2,6,50-59,Female
1742,IMM_1,3,2,6,50-59,Female
1742,IMM_10,2,2,6,50-59,Female
1742,IMM_7,2,2,6,50-59,Female
1745,IMM_6,2,2,1,40-49,Female
1745,IMM_8,4,2,1,40-49,Female
1745,IMM_10,4,2,1,40-49,Female
1745,IMM_4,1,2,1,40-49,Female
1745,IMM_1,1,2,1,40-49,Female
1745,IMM_3,4,2,1,40-49,Female
1745,IMM_9,3,2,1,40-49,Female
1745,IMM_7,1,2,1,40-49,Female
1745,IMM_5,0,2,1,40-49,Female
1745,IMM_2,1,2,1,40-49,Female
1747,IMM_4,2,2,1,60-69,Female
1747,IMM_1,0,2,1,60-69,Female
1747,IMM_6,2,2,1,60-69,Female
1747,IMM_10,3,2,1,60-69,Female
1747,IMM_7,0,2,1,60-69,Female
1747,IMM_2,1,2,1,60-69,Female
1747,IMM_5,0,2,1,60-69,Female
1747,IMM_8,1,2,1,60-69,Female
1747,IMM_3,4,2,1,60-69,Female
1747,IMM_9,3,2,1,60-69,Female
1757,IMM_3,4,2,1,50-59,Female
1757,IMM_6,3,2,1,50-59,Female
1757,IMM_4,2,2,1,50-59,Female
1757,IMM_10,4,2,1,50-59,Female
1757,IMM_9,4,2,1,50-59,Female
1757,IMM_8,4,2,1,50-59,Female
1757,IMM_7,0,2,1,50-59,Female
1757,IMM_2,3,2,1,50-59,Female
1757,IMM_5,0,2,1,50-59,Female
1757,IMM_1,0,2,1,50-59,Female
1760,IMM_4,1,2,1,60-69,Female
1760,IMM_7,0,2,1,60-69,Female
1760,IMM_8,3,2,1,60-69,Female
1760,IMM_9,4,2,1,60-69,Female
1760,IMM_3,4,2,1,60-69,Female
1760,IMM_5,0,2,1,60-69,Female
1760,IMM_6,3,2,1,60-69,Female
1760,IMM_2,1,2,1,60-69,Female
1760,IMM_10,4,2,1,60-69,Female
1760,IMM_1,0,2,1,60-69,Female
1774,IMM_6,3,2,3,50-59,Female
1774,IMM_9,4,2,3,50-59,Female
1774,IMM_2,4,2,3,50-59,Female
1774,IMM_3,4,2,3,50-59,Female
1774,IMM_1,1,2,3,50-59,Female
1774,IMM_7,1,2,3,50-59,Female
1774,IMM_5,1,2,3,50-59,Female
1774,IMM_8,3,2,3,50-59,Female
1774,IMM_4,2,2,3,50-59,Female
1774,IMM_10,4,2,3,50-59,Female
1777,IMM_9,3,2,3,60-69,Female
1777,IMM_8,2,2,3,60-69,Female
1777,IMM_6,2,2,3,60-69,Female
1777,IMM_1,2,2,3,60-69,Female
1777,IMM_7,1,2,3,60-69,Female
1777,IMM_10,2,2,3,60-69,Female
1777,IMM_5,0,2,3,60-69,Female
1777,IMM_3,3,2,3,60-69,Female
1777,IMM_4,1,2,3,60-69,Female
1777,IMM_2,3,2,3,60-69,Female
1786,IMM_4,2,2,1,50-59,Male
1786,IMM_5,0,2,1,50-59,Male
1786,IMM_9,2,2,1,50-59,Male
1786,IMM_1,0,2,1,50-59,Male
1786,IMM_3,4,2,1,50-59,Male
1786,IMM_6,3,2,1,50-59,Male
1786,IMM_7,0,2,1,50-59,Male
1786,IMM_2,1,2,1,50-59,Male
1786,IMM_8,3,2,1,50-59,Male
1786,IMM_10,4,2,1,50-59,Male
1799,IMM_4,1,2,1,60-69,Male
1799,IMM_2,2,2,1,60-69,Male
1799,IMM_5,1,2,1,60-69,Male
1799,IMM_3,2,2,1,60-69,Male
1799,IMM_7,2,2,1,60-69,Male
1799,IMM_9,3,2,1,60-69,Male
1799,IMM_1,1,2,1,60-69,Male
1799,IMM_6,4,2,1,60-69,Male
1799,IMM_10,3,2,1,60-69,Male
1799,IMM_8,3,2,1,60-69,Male
1801,IMM_4,1,2,1,60-69,Female
1801,IMM_2,1,2,1,60-69,Female
1801,IMM_9,4,2,1,60-69,Female
1801,IMM_7,0,2,1,60-69,Female
1801,IMM_3,4,2,1,60-69,Female
1801,IMM_6,3,2,1,60-69,Female
1801,IMM_5,0,2,1,60-69,Female
1801,IMM_10,4,2,1,60-69,Female
1801,IMM_1,1,2,1,60-69,Female
1801,IMM_8,4,2,1,60-69,Female
1805,IMM_4,0,2,1,50-59,Male
1805,IMM_10,3,2,1,50-59,Male
1805,IMM_5,0,2,1,50-59,Male
1805,IMM_6,3,2,1,50-59,Male
1805,IMM_7,0,2,1,50-59,Male
1805,IMM_1,0,2,1,50-59,Male
1805,IMM_8,3,2,1,50-59,Male
1805,IMM_2,2,2,1,50-59,Male
1805,IMM_3,4,2,1,50-59,Male
1805,IMM_9,3,2,1,50-59,Male
1806,IMM_2,2,2,1,50-59,Female
1806,IMM_6,2,2,1,50-59,Female
1806,IMM_10,2,2,1,50-59,Female
1806,IMM_8,3,2,1,50-59,Female
1806,IMM_3,4,2,1,50-59,Female
1806,IMM_7,2,2,1,50-59,Female
1806,IMM_9,2,2,1,50-59,Female
1806,IMM_1,2,2,1,50-59,Female
1806,IMM_5,0,2,1,50-59,Female
1806,IMM_4,1,2,1,50-59,Female
1818,IMM_7,1,2,1,60-69,Male
1818,IMM_9,3,2,1,60-69,Male
1818,IMM_8,2,2,1,60-69,Male
1818,IMM_3,4,2,1,60-69,Male
1818,IMM_10,3,2,1,60-69,Male
1818,IMM_5,0,2,1,60-69,Male
1818,IMM_2,2,2,1,60-69,Male
1818,IMM_6,3,2,1,60-69,Male
1818,IMM_4,1,2,1,60-69,Male
1818,IMM_1,0,2,1,60-69,Male
1832,IMM_2,3,2,1,50-59,Male
1832,IMM_8,3,2,1,50-59,Male
1832,IMM_10,3,2,1,50-59,Male
1832,IMM_5,1,2,1,50-59,Male
1832,IMM_3,3,2,1,50-59,Male
1832,IMM_1,1,2,1,50-59,Male
1832,IMM_4,1,2,1,50-59,Male
1832,IMM_7,1,2,1,50-59,Male
1832,IMM_6,3,2,1,50-59,Male
1832,IMM_9,3,2,1,50-59,Male
1842,IMM_6,3,2,1,18-29,Male
1842,IMM_7,1,2,1,18-29,Male
1842,IMM_4,0,2,1,18-29,Male
1842,IMM_3,4,2,1,18-29,Male
1842,IMM_1,0,2,1,18-29,Male
1842,IMM_2,1,2,1,18-29,Male
1842,IMM_10,2,2,1,18-29,Male
1842,IMM_9,1,2,1,18-29,Male
1842,IMM_5,0,2,1,18-29,Male
1842,IMM_8,1,2,1,18-29,Male
1857,IMM_6,3,2,2,30-39,Male
1857,IMM_2,4,2,2,30-39,Male
1857,IMM_7,3,2,2,30-39,Male
1857,IMM_5,3,2,2,30-39,Male
1857,IMM_4,3,2,2,30-39,Male
1857,IMM_8,4,2,2,30-39,Male
1857,IMM_9,4,2,2,30-39,Male
1857,IMM_1,1,2,2,30-39,Male
1857,IMM_10,4,2,2,30-39,Male
1857,IMM_3,2,2,2,30-39,Male
1869,IMM_3,4,2,3,30-39,Male
1869,IMM_7,0,2,3,30-39,Male
1869,IMM_6,2,2,3,30-39,Male
1869,IMM_5,0,2,3,30-39,Male
1869,IMM_2,3,2,3,30-39,Male
1869,IMM_9,2,2,3,30-39,Male
1869,IMM_1,0,2,3,30-39,Male
1869,IMM_8,4,2,3,30-39,Male
1869,IMM_4,0,2,3,30-39,Male
1869,IMM_10,3,2,3,30-39,Male
1875,IMM_6,2,2,1,50-59,Male
1875,IMM_8,4,2,1,50-59,Male
1875,IMM_9,3,2,1,50-59,Male
1875,IMM_7,0,2,1,50-59,Male
1875,IMM_2,4,2,1,50-59,Male
1875,IMM_10,3,2,1,50-59,Male
1875,IMM_1,0,2,1,50-59,Male
1875,IMM_5,0,2,1,50-59,Male
1875,IMM_4,1,2,1,50-59,Male
1875,IMM_3,4,2,1,50-59,Male
1878,IMM_7,0,2,1,70-79,Male
1878,IMM_4,0,2,1,70-79,Male
1878,IMM_3,4,2,1,70-79,Male
1878,IMM_10,4,2,1,70-79,Male
1878,IMM_2,3,2,1,70-79,Male
1878,IMM_5,0,2,1,70-79,Male
1878,IMM_6,3,2,1,70-79,Male
1878,IMM_8,3,2,1,70-79,Male
1878,IMM_1,0,2,1,70-79,Male
1878,IMM_9,4,2,1,70-79,Male
1886,IMM_10,4,2,1,60-69,Male
1886,IMM_5,0,2,1,60-69,Male
1886,IMM_8,3,2,1,60-69,Male
1886,IMM_6,4,2,1,60-69,Male
1886,IMM_3,4,2,1,60-69,Male
1886,IMM_4,0,2,1,60-69,Male
1886,IMM_9,0,2,1,60-69,Male
1886,IMM_1,0,2,1,60-69,Male
1886,IMM_2,1,2,1,60-69,Male
1886,IMM_7,0,2,1,60-69,Male
1889,IMM_10,4,2,1,30-39,Male
1889,IMM_1,0,2,1,30-39,Male
1889,IMM_8,3,2,1,30-39,Male
1889,IMM_7,0,2,1,30-39,Male
1889,IMM_9,3,2,1,30-39,Male
1889,IMM_5,0,2,1,30-39,Male
1889,IMM_6,4,2,1,30-39,Male
1889,IMM_2,4,2,1,30-39,Male
1889,IMM_4,3,2,1,30-39,Male
1889,IMM_3,4,2,1,30-39,Male
1893,IMM_2,3,2,2,70-79,Male
1893,IMM_3,3,2,2,70-79,Male
1893,IMM_8,4,2,2,70-79,Male
1893,IMM_5,4,2,2,70-79,Male
1893,IMM_1,1,2,2,70-79,Male
1893,IMM_7,2,2,2,70-79,Male
1893,IMM_10,3,2,2,70-79,Male
1893,IMM_4,1,2,2,70-79,Male
1893,IMM_9,4,2,2,70-79,Male
1893,IMM_6,3,2,2,70-79,Male
1904,IMM_10,1,2,1,50-59,Male
1904,IMM_5,0,2,1,50-59,Male
1904,IMM_9,4,2,1,50-59,Male
1904,IMM_7,3,2,1,50-59,Male
1904,IMM_3,4,2,1,50-59,Male
1904,IMM_8,0,2,1,50-59,Male
1904,IMM_6,1,2,1,50-59,Male
1904,IMM_1,4,2,1,50-59,Male
1904,IMM_4,3,2,1,50-59,Male
1904,IMM_2,1,2,1,50-59,Male
1906,IMM_4,2,2,1,18-29,Male
1906,IMM_9,2,2,1,18-29,Male
1906,IMM_8,3,2,1,18-29,Male
1906,IMM_2,0,2,1,18-29,Male
1906,IMM_5,0,2,1,18-29,Male
1906,IMM_6,2,2,1,18-29,Male
1906,IMM_7,0,2,1,18-29,Male
1906,IMM_3,4,2,1,18-29,Male
1906,IMM_1,1,2,1,18-29,Male
1906,IMM_10,3,2,1,18-29,Male
1928,IMM_1,0,2,1,60-69,Male
1928,IMM_7,1,2,1,60-69,Male
1928,IMM_4,1,2,1,60-69,Male
1928,IMM_2,4,2,1,60-69,Male
1928,IMM_6,4,2,1,60-69,Male
1928,IMM_8,3,2,1,60-69,Male
1928,IMM_10,1,2,1,60-69,Male
1928,IMM_5,1,2,1,60-69,Male
1928,IMM_9,3,2,1,60-69,Male
1928,IMM_3,4,2,1,60-69,Male
1933,IMM_5,0,2,2,60-69,Male
1933,IMM_4,2,2,2,60-69,Male
1933,IMM_2,4,2,2,60-69,Male
1933,IMM_6,4,2,2,60-69,Male
1933,IMM_8,4,2,2,60-69,Male
1933,IMM_10,4,2,2,60-69,Male
1933,IMM_9,4,2,2,60-69,Male
1933,IMM_7,0,2,2,60-69,Male
1933,IMM_3,4,2,2,60-69,Male
1933,IMM_1,1,2,2,60-69,Male
1939,IMM_10,4,2,1,60-69,Male
1939,IMM_1,1,2,1,60-69,Male
1939,IMM_9,4,2,1,60-69,Male
1939,IMM_4,0,2,1,60-69,Male
1939,IMM_8,4,2,1,60-69,Male
1939,IMM_7,4,2,1,60-69,Male
1939,IMM_6,4,2,1,60-69,Male
1939,IMM_2,3,2,1,60-69,Male
1939,IMM_5,0,2,1,60-69,Male
1939,IMM_3,4,2,1,60-69,Male
1946,IMM_4,4,2,7,30-39,Male
1946,IMM_2,3,2,7,30-39,Male
1946,IMM_3,1,2,7,30-39,Male
1946,IMM_6,1,2,7,30-39,Male
1946,IMM_9,3,2,7,30-39,Male
1946,IMM_1,3,2,7,30-39,Male
1946,IMM_7,3,2,7,30-39,Male
1946,IMM_5,4,2,7,30-39,Male
1946,IMM_10,4,2,7,30-39,Male
1946,IMM_8,4,2,7,30-39,Male
1952,IMM_10,3,2,1,70-79,Male
1952,IMM_7,2,2,1,70-79,Male
1952,IMM_2,3,2,1,70-79,Male
1952,IMM_8,4,2,1,70-79,Male
1952,IMM_9,3,2,1,70-79,Male
1952,IMM_6,3,2,1,70-79,Male
1952,IMM_3,4,2,1,70-79,Male
1952,IMM_4,1,2,1,70-79,Male
1952,IMM_5,0,2,1,70-79,Male
1952,IMM_1,2,2,1,70-79,Male
1960,IMM_6,4,2,1,30-39,Male
1960,IMM_1,4,2,1,30-39,Male
1960,IMM_5,3,2,1,30-39,Male
1960,IMM_9,4,2,1,30-39,Male
1960,IMM_8,4,2,1,30-39,Male
1960,IMM_2,3,2,1,30-39,Male
1960,IMM_4,2,2,1,30-39,Male
1960,IMM_3,1,2,1,30-39,Male
1960,IMM_10,4,2,1,30-39,Male
1960,IMM_7,3,2,1,30-39,Male
1961,IMM_5,0,2,3,70-79,Male
1961,IMM_7,0,2,3,70-79,Male
1961,IMM_3,3,2,3,70-79,Male
1961,IMM_4,0,2,3,70-79,Male
1961,IMM_8,3,2,3,70-79,Male
1961,IMM_9,4,2,3,70-79,Male
1961,IMM_10,4,2,3,70-79,Male
1961,IMM_1,1,2,3,70-79,Male
1961,IMM_6,4,2,3,70-79,Male
1961,IMM_2,4,2,3,70-79,Male
1978,IMM_1,0,2,1,60-69,Male
1978,IMM_8,4,2,1,60-69,Male
1978,IMM_9,0,2,1,60-69,Male
1978,IMM_3,4,2,1,60-69,Male
1978,IMM_10,4,2,1,60-69,Male
1978,IMM_5,0,2,1,60-69,Male
1978,IMM_7,0,2,1,60-69,Male
1978,IMM_6,3,2,1,60-69,Male
1978,IMM_2,2,2,1,60-69,Male
1978,IMM_4,1,2,1,60-69,Male
1980,IMM_4,1,2,1,60-69,Male
1980,IMM_3,4,2,1,60-69,Male
1980,IMM_10,4,2,1,60-69,Male
1980,IMM_2,2,2,1,60-69,Male
1980,IMM_5,0,2,1,60-69,Male
1980,IMM_1,0,2,1,60-69,Male
1980,IMM_8,3,2,1,60-69,Male
1980,IMM_6,3,2,1,60-69,Male
1980,IMM_9,3,2,1,60-69,Male
1980,IMM_7,0,2,1,60-69,Male
1981,IMM_8,4,2,1,70-79,Male
1981,IMM_3,4,2,1,70-79,Male
1981,IMM_9,3,2,1,70-79,Male
1981,IMM_7,0,2,1,70-79,Male
1981,IMM_6,3,2,1,70-79,Male
1981,IMM_5,0,2,1,70-79,Male
1981,IMM_4,0,2,1,70-79,Male
1981,IMM_1,2,2,1,70-79,Male
1981,IMM_10,4,2,1,70-79,Male
1981,IMM_2,2,2,1,70-79,Male
1992,IMM_10,4,2,1,80+,Male
1992,IMM_2,3,2,1,80+,Male
1992,IMM_1,0,2,1,80+,Male
1992,IMM_5,0,2,1,80+,Male
1992,IMM_9,4,2,1,80+,Male
1992,IMM_4,0,2,1,80+,Male
1992,IMM_8,4,2,1,80+,Male
1992,IMM_7,0,2,1,80+,Male
1992,IMM_6,4,2,1,80+,Male
1992,IMM_3,2,2,1,80+,Male
1996,IMM_8,1,2,2,60-69,Male
1996,IMM_5,0,2,2,60-69,Male
1996,IMM_10,4,2,2,60-69,Male
1996,IMM_4,0,2,2,60-69,Male
1996,IMM_1,0,2,2,60-69,Male
1996,IMM_6,3,2,2,60-69,Male
1996,IMM_3,4,2,2,60-69,Male
1996,IMM_7,0,2,2,60-69,Male
1996,IMM_2,1,2,2,60-69,Male
1996,IMM_9,4,2,2,60-69,Male
1999,IMM_4,0,2,1,70-79,Male
1999,IMM_1,0,2,1,70-79,Male
1999,IMM_9,4,2,1,70-79,Male
1999,IMM_6,2,2,1,70-79,Male
1999,IMM_8,2,2,1,70-79,Male
1999,IMM_7,0,2,1,70-79,Male
1999,IMM_10,4,2,1,70-79,Male
1999,IMM_3,4,2,1,70-79,Male
1999,IMM_5,0,2,1,70-79,Male
1999,IMM_2,4,2,1,70-79,Male
2003,IMM_4,2,2,1,70-79,Male
2003,IMM_9,4,2,1,70-79,Male
2003,IMM_2,3,2,1,70-79,Male
2003,IMM_5,2,2,1,70-79,Male
2003,IMM_1,2,2,1,70-79,Male
2003,IMM_8,4,2,1,70-79,Male
2003,IMM_10,4,2,1,70-79,Male
2003,IMM_6,4,2,1,70-79,Male
2003,IMM_3,4,2,1,70-79,Male
2003,IMM_7,0,2,1,70-79,Male
2005,IMM_2,3,2,2,60-69,Male
2005,IMM_4,3,2,2,60-69,Male
2005,IMM_8,2,2,2,60-69,Male
2005,IMM_10,3,2,2,60-69,Male
2005,IMM_1,0,2,2,60-69,Male
2005,IMM_6,3,2,2,60-69,Male
2005,IMM_9,4,2,2,60-69,Male
2005,IMM_5,0,2,2,60-69,Male
2005,IMM_3,4,2,2,60-69,Male
2005,IMM_7,0,2,2,60-69,Male
2012,IMM_2,3,2,7,40-49,Male
2012,IMM_9,0,2,7,40-49,Male
2012,IMM_1,4,2,7,40-49,Male
2012,IMM_4,4,2,7,40-49,Male
2012,IMM_7,4,2,7,40-49,Male
2012,IMM_8,4,2,7,40-49,Male
2012,IMM_6,3,2,7,40-49,Male
2012,IMM_5,3,2,7,40-49,Male
2012,IMM_3,3,2,7,40-49,Male
2012,IMM_10,3,2,7,40-49,Male
2024,IMM_3,3,2,1,70-79,Male
2024,IMM_8,4,2,1,70-79,Male
2024,IMM_7,0,2,1,70-79,Male
2024,IMM_2,3,2,1,70-79,Male
2024,IMM_9,3,2,1,70-79,Male
2024,IMM_5,0,2,1,70-79,Male
2024,IMM_1,0,2,1,70-79,Male
2024,IMM_4,0,2,1,70-79,Male
2024,IMM_10,4,2,1,70-79,Male
2024,IMM_6,3,2,1,70-79,Male
2042,IMM_1,0,2,3,70-79,Male
2042,IMM_4,1,2,3,70-79,Male
2042,IMM_6,3,2,3,70-79,Male
2042,IMM_10,3,2,3,70-79,Male
2042,IMM_3,4,2,3,70-79,Male
2042,IMM_7,0,2,3,70-79,Male
2042,IMM_9,2,2,3,70-79,Male
2042,IMM_2,4,2,3,70-79,Male
2042,IMM_8,4,2,3,70-79,Male
2042,IMM_5,1,2,3,70-79,Male
2053,IMM_5,1,2,2,70-79,Male
2053,IMM_8,4,2,2,70-79,Male
2053,IMM_2,1,2,2,70-79,Male
2053,IMM_9,4,2,2,70-79,Male
2053,IMM_6,2,2,2,70-79,Male
2053,IMM_4,1,2,2,70-79,Male
2053,IMM_10,4,2,2,70-79,Male
2053,IMM_7,0,2,2,70-79,Male
2053,IMM_3,4,2,2,70-79,Male
2053,IMM_1,0,2,2,70-79,Male
2058,IMM_7,0,2,1,60-69,Male
2058,IMM_4,0,2,1,60-69,Male
2058,IMM_9,3,2,1,60-69,Male
2058,IMM_1,0,2,1,60-69,Male
2058,IMM_6,3,2,1,60-69,Male
2058,IMM_3,4,2,1,60-69,Male
2058,IMM_10,4,2,1,60-69,Male
2058,IMM_5,0,2,1,60-69,Male
2058,IMM_2,2,2,1,60-69,Male
2058,IMM_8,3,2,1,60-69,Male
2064,IMM_3,4,2,1,70-79,Male
2064,IMM_10,3,2,1,70-79,Male
2064,IMM_2,3,2,1,70-79,Male
2064,IMM_5,0,2,1,70-79,Male
2064,IMM_9,3,2,1,70-79,Male
2064,IMM_1,1,2,1,70-79,Male
2064,IMM_7,1,2,1,70-79,Male
2064,IMM_6,3,2,1,70-79,Male
2064,IMM_4,1,2,1,70-79,Male
2064,IMM_8,3,2,1,70-79,Male
2070,IMM_4,1,2,1,40-49,Male
2070,IMM_1,0,2,1,40-49,Male
2070,IMM_2,0,2,1,40-49,Male
2070,IMM_7,0,2,1,40-49,Male
2070,IMM_6,4,2,1,40-49,Male
2070,IMM_8,4,2,1,40-49,Male
2070,IMM_10,4,2,1,40-49,Male
2070,IMM_3,4,2,1,40-49,Male
2070,IMM_9,4,2,1,40-49,Male
2070,IMM_5,0,2,1,40-49,Male
2072,IMM_3,4,2,1,40-49,Male
2072,IMM_9,3,2,1,40-49,Male
2072,IMM_10,3,2,1,40-49,Male
2072,IMM_7,1,2,1,40-49,Male
2072,IMM_8,4,2,1,40-49,Male
2072,IMM_5,4,2,1,40-49,Male
2072,IMM_4,1,2,1,40-49,Male
2072,IMM_2,3,2,1,40-49,Male
2072,IMM_1,3,2,1,40-49,Male
2072,IMM_6,3,2,1,40-49,Male
2082,IMM_9,2,2,2,70-79,Male
2082,IMM_8,0,2,2,70-79,Male
2082,IMM_6,3,2,2,70-79,Male
2082,IMM_3,4,2,2,70-79,Male
2082,IMM_10,4,2,2,70-79,Male
2082,IMM_5,0,2,2,70-79,Male
2082,IMM_1,0,2,2,70-79,Male
2082,IMM_4,0,2,2,70-79,Male
2082,IMM_2,3,2,2,70-79,Male
2082,IMM_7,0,2,2,70-79,Male
2089,IMM_4,3,2,7,30-39,Male
2089,IMM_7,1,2,7,30-39,Male
2089,IMM_10,3,2,7,30-39,Male
2089,IMM_9,3,2,7,30-39,Male
2089,IMM_8,4,2,7,30-39,Male
2089,IMM_5,3,2,7,30-39,Male
2089,IMM_2,3,2,7,30-39,Male
2089,IMM_6,3,2,7,30-39,Male
2089,IMM_1,3,2,7,30-39,Male
2089,IMM_3,3,2,7,30-39,Male
2090,IMM_2,3,2,1,70-79,Male
2090,IMM_3,4,2,1,70-79,Male
2090,IMM_10,4,2,1,70-79,Male
2090,IMM_4,2,2,1,70-79,Male
2090,IMM_9,4,2,1,70-79,Male
2090,IMM_1,0,2,1,70-79,Male
2090,IMM_6,4,2,1,70-79,Male
2090,IMM_7,0,2,1,70-79,Male
2090,IMM_8,3,2,1,70-79,Male
2090,IMM_5,1,2,1,70-79,Male
2099,IMM_8,4,2,3,40-49,Male
2099,IMM_4,3,2,3,40-49,Male
2099,IMM_10,4,2,3,40-49,Male
2099,IMM_9,4,2,3,40-49,Male
2099,IMM_7,4,2,3,40-49,Male
2099,IMM_3,0,2,3,40-49,Male
2099,IMM_1,1,2,3,40-49,Male
2099,IMM_6,3,2,3,40-49,Male
2099,IMM_2,4,2,3,40-49,Male
2099,IMM_5,4,2,3,40-49,Male
2100,IMM_6,4,2,2,70-79,Male
2100,IMM_7,0,2,2,70-79,Male
2100,IMM_5,0,2,2,70-79,Male
2100,IMM_2,4,2,2,70-79,Male
2100,IMM_10,4,2,2,70-79,Male
2100,IMM_9,2,2,2,70-79,Male
2100,IMM_4,0,2,2,70-79,Male
2100,IMM_1,0,2,2,70-79,Male
2100,IMM_8,4,2,2,70-79,Male
2100,IMM_3,4,2,2,70-79,Male
2116,IMM_8,4,2,1,70-79,Male
2116,IMM_5,0,2,1,70-79,Male
2116,IMM_4,0,2,1,70-79,Male
2116,IMM_3,4,2,1,70-79,Male
2116,IMM_9,4,2,1,70-79,Male
2116,IMM_10,4,2,1,70-79,Male
2116,IMM_7,0,2,1,70-79,Male
2116,IMM_6,3,2,1,70-79,Male
2116,IMM_1,0,2,1,70-79,Male
2116,IMM_2,4,2,1,70-79,Male
2117,IMM_6,3,2,1,70-79,Male
2117,IMM_1,0,2,1,70-79,Male
2117,IMM_5,0,2,1,70-79,Male
2117,IMM_2,0,2,1,70-79,Male
2117,IMM_3,4,2,1,70-79,Male
2117,IMM_4,3,2,1,70-79,Male
2117,IMM_7,0,2,1,70-79,Male
2117,IMM_9,4,2,1,70-79,Male
2117,IMM_8,4,2,1,70-79,Male
2117,IMM_10,4,2,1,70-79,Male
2123,IMM_3,4,2,2,70-79,Male
2123,IMM_10,3,2,2,70-79,Male
2123,IMM_1,1,2,2,70-79,Male
2123,IMM_4,3,2,2,70-79,Male
2123,IMM_7,1,2,2,70-79,Male
2123,IMM_6,3,2,2,70-79,Male
2123,IMM_9,1,2,2,70-79,Male
2123,IMM_2,3,2,2,70-79,Male
2123,IMM_5,1,2,2,70-79,Male
2123,IMM_8,2,2,2,70-79,Male
2128,IMM_10,2,2,3,70-79,Male
2128,IMM_2,3,2,3,70-79,Male
2128,IMM_1,1,2,3,70-79,Male
2128,IMM_8,4,2,3,70-79,Male
2128,IMM_3,4,2,3,70-79,Male
2128,IMM_5,1,2,3,70-79,Male
2128,IMM_6,3,2,3,70-79,Male
2128,IMM_9,1,2,3,70-79,Male
2128,IMM_4,1,2,3,70-79,Male
2128,IMM_7,1,2,3,70-79,Male
2130,IMM_7,1,2,3,80+,Male
2130,IMM_4,2,2,3,80+,Male
2130,IMM_9,2,2,3,80+,Male
2130,IMM_10,2,2,3,80+,Male
2130,IMM_5,1,2,3,80+,Male
2130,IMM_1,0,2,3,80+,Male
2130,IMM_8,3,2,3,80+,Male
2130,IMM_2,3,2,3,80+,Male
2130,IMM_6,2,2,3,80+,Male
2130,IMM_3,3,2,3,80+,Male
2135,IMM_5,0,2,3,60-69,Male
2135,IMM_9,3,2,3,60-69,Male
2135,IMM_10,3,2,3,60-69,Male
2135,IMM_1,0,2,3,60-69,Male
2135,IMM_6,3,2,3,60-69,Male
2135,IMM_3,4,2,3,60-69,Male
2135,IMM_8,4,2,3,60-69,Male
2135,IMM_7,0,2,3,60-69,Male
2135,IMM_2,0,2,3,60-69,Male
2135,IMM_4,3,2,3,60-69,Male
2148,IMM_8,4,2,1,30-39,Male
2148,IMM_1,0,2,1,30-39,Male
2148,IMM_5,0,2,1,30-39,Male
2148,IMM_9,4,2,1,30-39,Male
2148,IMM_2,4,2,1,30-39,Male
2148,IMM_10,4,2,1,30-39,Male
2148,IMM_4,2,2,1,30-39,Male
2148,IMM_7,0,2,1,30-39,Male
2148,IMM_3,4,2,1,30-39,Male
2148,IMM_6,4,2,1,30-39,Male
2164,IMM_3,4,2,1,60-69,Male
2164,IMM_5,0,2,1,60-69,Male
2164,IMM_6,4,2,1,60-69,Male
2164,IMM_2,0,2,1,60-69,Male
2164,IMM_9,2,2,1,60-69,Male
2164,IMM_7,0,2,1,60-69,Male
2164,IMM_8,1,2,1,60-69,Male
2164,IMM_4,2,2,1,60-69,Male
2164,IMM_1,0,2,1,60-69,Male
2164,IMM_10,4,2,1,60-69,Male
2171,IMM_10,4,2,1,30-39,Male
2171,IMM_7,0,2,1,30-39,Male
2171,IMM_6,4,2,1,30-39,Male
2171,IMM_2,3,2,1,30-39,Male
2171,IMM_4,1,2,1,30-39,Male
2171,IMM_9,4,2,1,30-39,Male
2171,IMM_5,0,2,1,30-39,Male
2171,IMM_8,4,2,1,30-39,Male
2171,IMM_3,4,2,1,30-39,Male
2171,IMM_1,0,2,1,30-39,Male
2175,IMM_6,3,2,1,70-79,Male
2175,IMM_4,1,2,1,70-79,Male
2175,IMM_3,4,2,1,70-79,Male
2175,IMM_10,3,2,1,70-79,Male
2175,IMM_8,3,2,1,70-79,Male
2175,IMM_9,2,2,1,70-79,Male
2175,IMM_5,0,2,1,70-79,Male
2175,IMM_1,1,2,1,70-79,Male
2175,IMM_7,1,2,1,70-79,Male
2175,IMM_2,0,2,1,70-79,Male
2181,IMM_1,0,2,2,50-59,Male
2181,IMM_8,1,2,2,50-59,Male
2181,IMM_2,2,2,2,50-59,Male
2181,IMM_5,0,2,2,50-59,Male
2181,IMM_6,3,2,2,50-59,Male
2181,IMM_3,4,2,2,50-59,Male
2181,IMM_7,0,2,2,50-59,Male
2181,IMM_4,2,2,2,50-59,Male
2181,IMM_10,3,2,2,50-59,Male
2181,IMM_9,3,2,2,50-59,Male
2201,IMM_3,4,2,1,60-69,Male
2201,IMM_10,3,2,1,60-69,Male
2201,IMM_6,1,2,1,60-69,Male
2201,IMM_5,1,2,1,60-69,Male
2201,IMM_7,1,2,1,60-69,Male
2201,IMM_1,0,2,1,60-69,Male
2201,IMM_4,0,2,1,60-69,Male
2201,IMM_8,3,2,1,60-69,Male
2201,IMM_9,3,2,1,60-69,Male
2201,IMM_2,3,2,1,60-69,Male
2202,IMM_3,4,2,1,60-69,Male
2202,IMM_10,1,2,1,60-69,Male
2202,IMM_1,1,2,1,60-69,Male
2202,IMM_4,0,2,1,60-69,Male
2202,IMM_2,3,2,1,60-69,Male
2202,IMM_7,1,2,1,60-69,Male
2202,IMM_5,0,2,1,60-69,Male
2202,IMM_8,3,2,1,60-69,Male
2202,IMM_9,3,2,1,60-69,Male
2202,IMM_6,3,2,1,60-69,Male
2206,IMM_10,4,2,3,60-69,Male
2206,IMM_6,3,2,3,60-69,Male
2206,IMM_1,1,2,3,60-69,Male
2206,IMM_2,2,2,3,60-69,Male
2206,IMM_8,3,2,3,60-69,Male
2206,IMM_9,1,2,3,60-69,Male
2206,IMM_5,0,2,3,60-69,Male
2206,IMM_4,4,2,3,60-69,Male
2206,IMM_7,0,2,3,60-69,Male
2206,IMM_3,4,2,3,60-69,Male
2213,IMM_7,0,2,1,70-79,Male
2213,IMM_1,0,2,1,70-79,Male
2213,IMM_10,4,2,1,70-79,Male
2213,IMM_2,1,2,1,70-79,Male
2213,IMM_8,0,2,1,70-79,Male
2213,IMM_9,3,2,1,70-79,Male
2213,IMM_6,3,2,1,70-79,Male
2213,IMM_5,0,2,1,70-79,Male
2213,IMM_4,0,2,1,70-79,Male
2213,IMM_3,4,2,1,70-79,Male
2216,IMM_2,2,2,1,40-49,Male
2216,IMM_8,3,2,1,40-49,Male
2216,IMM_7,1,2,1,40-49,Male
2216,IMM_4,1,2,1,40-49,Male
2216,IMM_1,0,2,1,40-49,Male
2216,IMM_3,4,2,1,40-49,Male
2216,IMM_6,3,2,1,40-49,Male
2216,IMM_9,3,2,1,40-49,Male
2216,IMM_10,3,2,1,40-49,Male
2216,IMM_5,1,2,1,40-49,Male
2235,IMM_10,4,2,3,60-69,Male
2235,IMM_2,4,2,3,60-69,Male
2235,IMM_9,2,2,3,60-69,Male
2235,IMM_3,4,2,3,60-69,Male
2235,IMM_5,0,2,3,60-69,Male
2235,IMM_4,0,2,3,60-69,Male
2235,IMM_8,0,2,3,60-69,Male
2235,IMM_7,0,2,3,60-69,Male
2235,IMM_6,4,2,3,60-69,Male
2235,IMM_1,0,2,3,60-69,Male
2238,IMM_6,1,2,3,60-69,Male
2238,IMM_9,1,2,3,60-69,Male
2238,IMM_1,1,2,3,60-69,Male
2238,IMM_4,2,2,3,60-69,Male
2238,IMM_8,3,2,3,60-69,Male
2238,IMM_5,3,2,3,60-69,Male
2238,IMM_10,1,2,3,60-69,Male
2238,IMM_3,1,2,3,60-69,Male
2238,IMM_7,3,2,3,60-69,Male
2238,IMM_2,0,2,3,60-69,Male
2243,IMM_9,3,2,7,18-29,Male
2243,IMM_10,4,2,7,18-29,Male
2243,IMM_5,1,2,7,18-29,Male
2243,IMM_4,3,2,7,18-29,Male
2243,IMM_7,3,2,7,18-29,Male
2243,IMM_6,4,2,7,18-29,Male
2243,IMM_2,3,2,7,18-29,Male
2243,IMM_1,0,2,7,18-29,Male
2243,IMM_8,1,2,7,18-29,Male
2243,IMM_3,4,2,7,18-29,Male
2267,IMM_5,0,2,1,60-69,Male
2267,IMM_4,2,2,1,60-69,Male
2267,IMM_7,0,2,1,60-69,Male
2267,IMM_10,4,2,1,60-69,Male
2267,IMM_8,4,2,1,60-69,Male
2267,IMM_6,3,2,1,60-69,Male
2267,IMM_1,0,2,1,60-69,Male
2267,IMM_9,3,2,1,60-69,Male
2267,IMM_3,1,2,1,60-69,Male
2267,IMM_2,3,2,1,60-69,Male
2295,IMM_3,4,2,1,60-69,Male
2295,IMM_8,3,2,1,60-69,Male
2295,IMM_10,3,2,1,60-69,Male
2295,IMM_4,0,2,1,60-69,Male
2295,IMM_5,0,2,1,60-69,Male
2295,IMM_6,4,2,1,60-69,Male
2295,IMM_1,1,2,1,60-69,Male
2295,IMM_2,2,2,1,60-69,Male
2295,IMM_9,4,2,1,60-69,Male
2295,IMM_7,1,2,1,60-69,Male
2310,IMM_6,2,2,3,40-49,Male
2310,IMM_8,0,2,3,40-49,Male
2310,IMM_2,0,2,3,40-49,Male
2310,IMM_10,4,2,3,40-49,Male
2310,IMM_5,0,2,3,40-49,Male
2310,IMM_9,4,2,3,40-49,Male
2310,IMM_1,4,2,3,40-49,Male
2310,IMM_3,4,2,3,40-49,Male
2310,IMM_4,0,2,3,40-49,Male
2310,IMM_7,0,2,3,40-49,Male
2325,IMM_3,4,2,3,70-79,Male
2325,IMM_7,0,2,3,70-79,Male
2325,IMM_5,0,2,3,70-79,Male
2325,IMM_9,3,2,3,70-79,Male
2325,IMM_1,0,2,3,70-79,Male
2325,IMM_8,3,2,3,70-79,Male
2325,IMM_6,3,2,3,70-79,Male
2325,IMM_4,1,2,3,70-79,Male
2325,IMM_10,4,2,3,70-79,Male
2325,IMM_2,2,2,3,70-79,Male
2330,IMM_6,3,2,1,60-69,Male
2330,IMM_3,3,2,1,60-69,Male
2330,IMM_8,4,2,1,60-69,Male
2330,IMM_4,1,2,1,60-69,Male
2330,IMM_10,4,2,1,60-69,Male
2330,IMM_5,0,2,1,60-69,Male
2330,IMM_2,4,2,1,60-69,Male
2330,IMM_1,0,2,1,60-69,Male
2330,IMM_7,0,2,1,60-69,Male
2330,IMM_9,4,2,1,60-69,Male
2337,IMM_5,0,2,1,60-69,Male
2337,IMM_2,3,2,1,60-69,Male
2337,IMM_3,4,2,1,60-69,Male
2337,IMM_8,2,2,1,60-69,Male
2337,IMM_9,2,2,1,60-69,Male
2337,IMM_10,3,2,1,60-69,Male
2337,IMM_4,0,2,1,60-69,Male
2337,IMM_7,2,2,1,60-69,Male
2337,IMM_6,3,2,1,60-69,Male
2337,IMM_1,0,2,1,60-69,Male
2342,IMM_9,3,2,1,60-69,Male
2342,IMM_1,2,2,1,60-69,Male
2342,IMM_10,4,2,1,60-69,Male
2342,IMM_2,2,2,1,60-69,Male
2342,IMM_5,0,2,1,60-69,Male
2342,IMM_8,3,2,1,60-69,Male
2342,IMM_4,1,2,1,60-69,Male
2342,IMM_6,3,2,1,60-69,Male
2342,IMM_3,4,2,1,60-69,Male
2342,IMM_7,1,2,1,60-69,Male
2351,IMM_1,0,2,1,60-69,Male
2351,IMM_4,4,2,1,60-69,Male
2351,IMM_6,3,2,1,60-69,Male
2351,IMM_7,1,2,1,60-69,Male
2351,IMM_10,3,2,1,60-69,Male
2351,IMM_2,1,2,1,60-69,Male
2351,IMM_5,1,2,1,60-69,Male
2351,IMM_8,3,2,1,60-69,Male
2351,IMM_9,2,2,1,60-69,Male
2351,IMM_3,4,2,1,60-69,Male
2381,IMM_10,2,2,1,30-39,Male
2381,IMM_6,0,2,1,30-39,Male
2381,IMM_2,0,2,1,30-39,Male
2381,IMM_3,4,2,1,30-39,Male
2381,IMM_5,0,2,1,30-39,Male
2381,IMM_1,0,2,1,30-39,Male
2381,IMM_8,3,2,1,30-39,Male
2381,IMM_9,2,2,1,30-39,Male
2381,IMM_7,2,2,1,30-39,Male
2381,IMM_4,0,2,1,30-39,Male
2391,IMM_10,1,2,1,60-69,Male
2391,IMM_1,3,2,1,60-69,Male
2391,IMM_6,3,2,1,60-69,Male
2391,IMM_4,1,2,1,60-69,Male
2391,IMM_8,2,2,1,60-69,Male
2391,IMM_9,0,2,1,60-69,Male
2391,IMM_2,2,2,1,60-69,Male
2391,IMM_5,4,2,1,60-69,Male
2391,IMM_7,3,2,1,60-69,Male
2391,IMM_3,1,2,1,60-69,Male
2409,IMM_4,2,2,2,18-29,Male
2409,IMM_7,0,2,2,18-29,Male
2409,IMM_1,0,2,2,18-29,Male
2409,IMM_6,3,2,2,18-29,Male
2409,IMM_3,4,2,2,18-29,Male
2409,IMM_2,1,2,2,18-29,Male
2409,IMM_5,0,2,2,18-29,Male
2409,IMM_8,3,2,2,18-29,Male
2409,IMM_10,4,2,2,18-29,Male
2409,IMM_9,2,2,2,18-29,Male
2411,IMM_2,3,2,1,70-79,Male
2411,IMM_1,4,2,1,70-79,Male
2411,IMM_7,0,2,1,70-79,Male
2411,IMM_10,4,2,1,70-79,Male
2411,IMM_3,4,2,1,70-79,Male
2411,IMM_4,1,2,1,70-79,Male
2411,IMM_5,0,2,1,70-79,Male
2411,IMM_9,4,2,1,70-79,Male
2411,IMM_6,3,2,1,70-79,Male
2411,IMM_8,1,2,1,70-79,Male
2412,IMM_1,0,2,2,30-39,Male
2412,IMM_7,0,2,2,30-39,Male
2412,IMM_2,4,2,2,30-39,Male
2412,IMM_5,0,2,2,30-39,Male
2412,IMM_4,0,2,2,30-39,Male
2412,IMM_3,4,2,2,30-39,Male
2412,IMM_10,4,2,2,30-39,Male
2412,IMM_8,0,2,2,30-39,Male
2412,IMM_6,1,2,2,30-39,Male
2412,IMM_9,4,2,2,30-39,Male
2439,IMM_10,3,2,1,80+,Male
2439,IMM_9,2,2,1,80+,Male
2439,IMM_7,1,2,1,80+,Male
2439,IMM_5,0,2,1,80+,Male
2439,IMM_2,3,2,1,80+,Male
2439,IMM_4,1,2,1,80+,Male
2439,IMM_8,3,2,1,80+,Male
2439,IMM_3,4,2,1,80+,Male
2439,IMM_1,1,2,1,80+,Male
2439,IMM_6,3,2,1,80+,Male
2449,IMM_1,1,2,1,30-39,Male
2449,IMM_6,1,2,1,30-39,Male
2449,IMM_5,0,2,1,30-39,Male
2449,IMM_7,3,2,1,30-39,Male
2449,IMM_9,1,2,1,30-39,Male
2449,IMM_8,4,2,1,30-39,Male
2449,IMM_2,3,2,1,30-39,Male
2449,IMM_10,0,2,1,30-39,Male
2449,IMM_4,0,2,1,30-39,Male
2449,IMM_3,1,2,1,30-39,Male
2454,IMM_1,2,2,1,50-59,Male
2454,IMM_4,3,2,1,50-59,Male
2454,IMM_6,3,2,1,50-59,Male
2454,IMM_8,4,2,1,50-59,Male
2454,IMM_7,2,2,1,50-59,Male
2454,IMM_10,2,2,1,50-59,Male
2454,IMM_2,3,2,1,50-59,Male
2454,IMM_3,3,2,1,50-59,Male
2454,IMM_5,0,2,1,50-59,Male
2454,IMM_9,3,2,1,50-59,Male
2470,IMM_2,3,2,1,60-69,Male
2470,IMM_1,0,2,1,60-69,Male
2470,IMM_5,0,2,1,60-69,Male
2470,IMM_7,0,2,1,60-69,Male
2470,IMM_4,0,2,1,60-69,Male
2470,IMM_9,3,2,1,60-69,Male
2470,IMM_8,3,2,1,60-69,Male
2470,IMM_3,4,2,1,60-69,Male
2470,IMM_10,3,2,1,60-69,Male
2470,IMM_6,4,2,1,60-69,Male
2478,IMM_6,2,2,1,18-29,Male
2478,IMM_8,4,2,1,18-29,Male
2478,IMM_1,0,2,1,18-29,Male
2478,IMM_7,1,2,1,18-29,Male
2478,IMM_10,3,2,1,18-29,Male
2478,IMM_9,3,2,1,18-29,Male
2478,IMM_4,1,2,1,18-29,Male
2478,IMM_2,2,2,1,18-29,Male
2478,IMM_3,4,2,1,18-29,Male
2478,IMM_5,0,2,1,18-29,Male
2490,IMM_4,2,2,1,18-29,Male
2490,IMM_2,4,2,1,18-29,Male
2490,IMM_6,4,2,1,18-29,Male
2490,IMM_10,3,2,1,18-29,Male
2490,IMM_1,1,2,1,18-29,Male
2490,IMM_5,1,2,1,18-29,Male
2490,IMM_7,3,2,1,18-29,Male
2490,IMM_9,3,2,1,18-29,Male
2490,IMM_3,3,2,1,18-29,Male
2490,IMM_8,4,2,1,18-29,Male
2497,IMM_5,0,2,1,60-69,Male
2497,IMM_9,2,2,1,60-69,Male
2497,IMM_6,4,2,1,60-69,Male
2497,IMM_7,2,2,1,60-69,Male
2497,IMM_10,4,2,1,60-69,Male
2497,IMM_2,1,2,1,60-69,Male
2497,IMM_1,0,2,1,60-69,Male
2497,IMM_3,4,2,1,60-69,Male
2497,IMM_4,0,2,1,60-69,Male
2497,IMM_8,4,2,1,60-69,Male
2517,IMM_5,3,2,7,40-49,Male
2517,IMM_10,3,2,7,40-49,Male
2517,IMM_2,3,2,7,40-49,Male
2517,IMM_4,3,2,7,40-49,Male
2517,IMM_7,4,2,7,40-49,Male
2517,IMM_8,3,2,7,40-49,Male
2517,IMM_9,3,2,7,40-49,Male
2517,IMM_3,1,2,7,40-49,Male
2517,IMM_1,4,2,7,40-49,Male
2517,IMM_6,3,2,7,40-49,Male
2520,IMM_5,1,2,2,50-59,Male
2520,IMM_8,1,2,2,50-59,Male
2520,IMM_4,3,2,2,50-59,Male
2520,IMM_9,3,2,2,50-59,Male
2520,IMM_3,3,2,2,50-59,Male
2520,IMM_10,4,2,2,50-59,Male
2520,IMM_2,3,2,2,50-59,Male
2520,IMM_7,0,2,2,50-59,Male
2520,IMM_1,2,2,2,50-59,Male
2520,IMM_6,0,2,2,50-59,Male
2526,IMM_6,3,2,1,30-39,Male
2526,IMM_5,0,2,1,30-39,Male
2526,IMM_8,4,2,1,30-39,Male
2526,IMM_7,0,2,1,30-39,Male
2526,IMM_3,4,2,1,30-39,Male
2526,IMM_9,4,2,1,30-39,Male
2526,IMM_4,0,2,1,30-39,Male
2526,IMM_1,0,2,1,30-39,Male
2526,IMM_2,3,2,1,30-39,Male
2526,IMM_10,4,2,1,30-39,Male
2539,IMM_8,2,2,2,30-39,Male
2539,IMM_4,2,2,2,30-39,Male
2539,IMM_3,4,2,2,30-39,Male
2539,IMM_9,3,2,2,30-39,Male
2539,IMM_2,2,2,2,30-39,Male
2539,IMM_1,1,2,2,30-39,Male
2539,IMM_10,3,2,2,30-39,Male
2539,IMM_7,1,2,2,30-39,Male
2539,IMM_5,0,2,2,30-39,Male
2539,IMM_6,3,2,2,30-39,Male
2558,IMM_1,3,2,6,40-49,Male
2558,IMM_6,1,2,6,40-49,Male
2558,IMM_9,3,2,6,40-49,Male
2558,IMM_10,0,2,6,40-49,Male
2558,IMM_5,2,2,6,40-49,Male
2558,IMM_3,1,2,6,40-49,Male
2558,IMM_7,2,2,6,40-49,Male
2558,IMM_2,3,2,6,40-49,Male
2558,IMM_4,1,2,6,40-49,Male
2558,IMM_8,1,2,6,40-49,Male
2565,IMM_6,4,2,2,30-39,Male
2565,IMM_1,3,2,2,30-39,Male
2565,IMM_7,0,2,2,30-39,Male
2565,IMM_10,0,2,2,30-39,Male
2565,IMM_4,2,2,2,30-39,Male
2565,IMM_2,4,2,2,30-39,Male
2565,IMM_9,2,2,2,30-39,Male
2565,IMM_5,1,2,2,30-39,Male
2565,IMM_3,4,2,2,30-39,Male
2565,IMM_8,1,2,2,30-39,Male
2583,IMM_3,3,2,1,50-59,Male
2583,IMM_10,3,2,1,50-59,Male
2583,IMM_8,2,2,1,50-59,Male
2583,IMM_9,3,2,1,50-59,Male
2583,IMM_1,2,2,1,50-59,Male
2583,IMM_2,2,2,1,50-59,Male
2583,IMM_6,3,2,1,50-59,Male
2583,IMM_7,1,2,1,50-59,Male
2583,IMM_4,2,2,1,50-59,Male
2583,IMM_5,1,2,1,50-59,Male
2588,IMM_3,4,2,2,18-29,Male
2588,IMM_1,0,2,2,18-29,Male
2588,IMM_7,0,2,2,18-29,Male
2588,IMM_9,4,2,2,18-29,Male
2588,IMM_5,4,2,2,18-29,Male
2588,IMM_2,3,2,2,18-29,Male
2588,IMM_8,4,2,2,18-29,Male
2588,IMM_10,4,2,2,18-29,Male
2588,IMM_4,2,2,2,18-29,Male
2588,IMM_6,2,2,2,18-29,Male
2600,IMM_2,2,2,2,40-49,Male
2600,IMM_1,2,2,2,40-49,Male
2600,IMM_8,3,2,2,40-49,Male
2600,IMM_10,2,2,2,40-49,Male
2600,IMM_3,2,2,2,40-49,Male
2600,IMM_5,3,2,2,40-49,Male
2600,IMM_6,3,2,2,40-49,Male
2600,IMM_4,3,2,2,40-49,Male
2600,IMM_7,1,2,2,40-49,Male
2612,IMM_4,2,2,1,50-59,Male
2612,IMM_7,0,2,1,50-59,Male
2612,IMM_10,3,2,1,50-59,Male
2612,IMM_8,4,2,1,50-59,Male
2612,IMM_5,0,2,1,50-59,Male
2612,IMM_6,3,2,1,50-59,Male
2612,IMM_9,2,2,1,50-59,Male
2612,IMM_3,4,2,1,50-59,Male
2612,IMM_1,1,2,1,50-59,Male
2612,IMM_2,4,2,1,50-59,Male
2614,IMM_7,0,2,3,40-49,Male
2614,IMM_8,3,2,3,40-49,Male
2614,IMM_3,4,2,3,40-49,Male
2614,IMM_5,0,2,3,40-49,Male
2614,IMM_1,0,2,3,40-49,Male
2614,IMM_6,3,2,3,40-49,Male
2614,IMM_2,2,2,3,40-49,Male
2614,IMM_10,4,2,3,40-49,Male
2614,IMM_9,3,2,3,40-49,Male
2614,IMM_4,2,2,3,40-49,Male
11,IMM_9,4,3,1,30-39,Female
11,IMM_2,3,3,1,30-39,Female
11,IMM_1,1,3,1,30-39,Female
11,IMM_3,4,3,1,30-39,Female
11,IMM_8,2,3,1,30-39,Female
11,IMM_7,0,3,1,30-39,Female
11,IMM_10,3,3,1,30-39,Female
11,IMM_5,0,3,1,30-39,Female
11,IMM_4,3,3,1,30-39,Female
11,IMM_6,3,3,1,30-39,Female
64,IMM_5,0,3,2,50-59,Female
64,IMM_3,4,3,2,50-59,Female
64,IMM_2,0,3,2,50-59,Female
64,IMM_4,0,3,2,50-59,Female
64,IMM_6,4,3,2,50-59,Female
64,IMM_8,0,3,2,50-59,Female
64,IMM_10,0,3,2,50-59,Female
64,IMM_7,0,3,2,50-59,Female
64,IMM_1,0,3,2,50-59,Female
64,IMM_9,0,3,2,50-59,Female
71,IMM_3,4,3,1,50-59,Female
71,IMM_7,0,3,1,50-59,Female
71,IMM_6,4,3,1,50-59,Female
71,IMM_1,0,3,1,50-59,Female
71,IMM_9,2,3,1,50-59,Female
71,IMM_4,0,3,1,50-59,Female
71,IMM_5,0,3,1,50-59,Female
71,IMM_8,4,3,1,50-59,Female
71,IMM_2,3,3,1,50-59,Female
71,IMM_10,4,3,1,50-59,Female
82,IMM_1,3,3,2,50-59,Female
82,IMM_9,2,3,2,50-59,Female
82,IMM_8,4,3,2,50-59,Female
82,IMM_4,2,3,2,50-59,Female
82,IMM_2,3,3,2,50-59,Female
82,IMM_7,1,3,2,50-59,Female
82,IMM_5,0,3,2,50-59,Female
82,IMM_10,3,3,2,50-59,Female
82,IMM_3,4,3,2,50-59,Female
82,IMM_6,3,3,2,50-59,Female
101,IMM_5,0,3,3,30-39,Female
101,IMM_9,3,3,3,30-39,Female
101,IMM_8,3,3,3,30-39,Female
101,IMM_6,3,3,3,30-39,Female
101,IMM_7,2,3,3,30-39,Female
101,IMM_2,2,3,3,30-39,Female
101,IMM_3,4,3,3,30-39,Female
101,IMM_4,2,3,3,30-39,Female
101,IMM_10,3,3,3,30-39,Female
101,IMM_1,0,3,3,30-39,Female
117,IMM_8,1,3,3,50-59,Female
117,IMM_10,1,3,3,50-59,Female
117,IMM_1,3,3,3,50-59,Female
117,IMM_6,1,3,3,50-59,Female
117,IMM_4,1,3,3,50-59,Female
117,IMM_3,3,3,3,50-59,Female
117,IMM_7,3,3,3,50-59,Female
117,IMM_2,1,3,3,50-59,Female
117,IMM_5,1,3,3,50-59,Female
117,IMM_9,1,3,3,50-59,Female
120,IMM_6,3,3,2,60-69,Female
120,IMM_9,3,3,2,60-69,Female
120,IMM_2,2,3,2,60-69,Female
120,IMM_5,1,3,2,60-69,Female
120,IMM_8,3,3,2,60-69,Female
120,IMM_3,4,3,2,60-69,Female
120,IMM_10,2,3,2,60-69,Female
120,IMM_1,1,3,2,60-69,Female
120,IMM_4,3,3,2,60-69,Female
120,IMM_7,0,3,2,60-69,Female
125,IMM_7,0,3,2,50-59,Female
125,IMM_5,0,3,2,50-59,Female
125,IMM_1,0,3,2,50-59,Female
125,IMM_3,4,3,2,50-59,Female
125,IMM_6,3,3,2,50-59,Female
125,IMM_2,3,3,2,50-59,Female
125,IMM_9,3,3,2,50-59,Female
125,IMM_4,0,3,2,50-59,Female
125,IMM_8,4,3,2,50-59,Female
125,IMM_10,3,3,2,50-59,Female
126,IMM_10,2,3,3,18-29,Female
126,IMM_3,4,3,3,18-29,Female
126,IMM_1,1,3,3,18-29,Female
126,IMM_2,2,3,3,18-29,Female
126,IMM_6,3,3,3,18-29,Female
126,IMM_4,2,3,3,18-29,Female
126,IMM_9,3,3,3,18-29,Female
126,IMM_5,1,3,3,18-29,Female
126,IMM_8,2,3,3,18-29,Female
126,IMM_7,1,3,3,18-29,Female
134,IMM_6,2,3,3,60-69,Female
134,IMM_4,1,3,3,60-69,Female
134,IMM_10,4,3,3,60-69,Female
134,IMM_7,0,3,3,60-69,Female
134,IMM_9,4,3,3,60-69,Female
134,IMM_1,0,3,3,60-69,Female
134,IMM_2,2,3,3,60-69,Female
134,IMM_5,0,3,3,60-69,Female
134,IMM_3,4,3,3,60-69,Female
134,IMM_8,4,3,3,60-69,Female
136,IMM_9,2,3,3,30-39,Female
136,IMM_6,3,3,3,30-39,Female
136,IMM_5,1,3,3,30-39,Female
136,IMM_3,3,3,3,30-39,Female
136,IMM_2,1,3,3,30-39,Female
136,IMM_10,2,3,3,30-39,Female
136,IMM_7,3,3,3,30-39,Female
136,IMM_1,0,3,3,30-39,Female
136,IMM_8,4,3,3,30-39,Female
136,IMM_4,2,3,3,30-39,Female
137,IMM_2,2,3,1,60-69,Male
137,IMM_1,0,3,1,60-69,Male
137,IMM_7,0,3,1,60-69,Male
137,IMM_5,1,3,1,60-69,Male
137,IMM_10,4,3,1,60-69,Male
137,IMM_9,4,3,1,60-69,Male
137,IMM_8,3,3,1,60-69,Male
137,IMM_3,4,3,1,60-69,Male
137,IMM_6,2,3,1,60-69,Male
137,IMM_4,4,3,1,60-69,Male
146,IMM_8,3,3,2,30-39,Male
146,IMM_3,4,3,2,30-39,Male
146,IMM_6,3,3,2,30-39,Male
146,IMM_9,2,3,2,30-39,Male
146,IMM_4,1,3,2,30-39,Male
146,IMM_10,3,3,2,30-39,Male
146,IMM_7,0,3,2,30-39,Male
146,IMM_1,0,3,2,30-39,Male
146,IMM_5,0,3,2,30-39,Male
146,IMM_2,4,3,2,30-39,Male
159,IMM_7,1,3,3,30-39,Female
159,IMM_2,2,3,3,30-39,Female
159,IMM_4,0,3,3,30-39,Female
159,IMM_8,1,3,3,30-39,Female
159,IMM_6,3,3,3,30-39,Female
159,IMM_9,4,3,3,30-39,Female
159,IMM_3,4,3,3,30-39,Female
159,IMM_1,1,3,3,30-39,Female
159,IMM_10,4,3,3,30-39,Female
159,IMM_5,0,3,3,30-39,Female
168,IMM_4,0,3,1,70-79,Female
168,IMM_2,4,3,1,70-79,Female
168,IMM_3,4,3,1,70-79,Female
168,IMM_7,1,3,1,70-79,Female
168,IMM_10,3,3,1,70-79,Female
168,IMM_1,0,3,1,70-79,Female
168,IMM_6,4,3,1,70-79,Female
168,IMM_9,3,3,1,70-79,Female
168,IMM_5,1,3,1,70-79,Female
168,IMM_8,4,3,1,70-79,Female
174,IMM_8,4,3,3,60-69,Female
174,IMM_1,0,3,3,60-69,Female
174,IMM_9,2,3,3,60-69,Female
174,IMM_3,4,3,3,60-69,Female
174,IMM_2,2,3,3,60-69,Female
174,IMM_6,4,3,3,60-69,Female
174,IMM_5,0,3,3,60-69,Female
174,IMM_7,0,3,3,60-69,Female
174,IMM_10,4,3,3,60-69,Female
174,IMM_4,0,3,3,60-69,Female
191,IMM_2,3,3,3,40-49,Female
191,IMM_1,1,3,3,40-49,Female
191,IMM_5,1,3,3,40-49,Female
191,IMM_10,3,3,3,40-49,Female
191,IMM_3,3,3,3,40-49,Female
191,IMM_7,1,3,3,40-49,Female
191,IMM_6,3,3,3,40-49,Female
191,IMM_4,1,3,3,40-49,Female
191,IMM_9,1,3,3,40-49,Female
191,IMM_8,3,3,3,40-49,Female
194,IMM_9,3,3,2,18-29,Female
194,IMM_3,4,3,2,18-29,Female
194,IMM_5,4,3,2,18-29,Female
194,IMM_7,1,3,2,18-29,Female
194,IMM_8,3,3,2,18-29,Female
194,IMM_6,3,3,2,18-29,Female
194,IMM_10,3,3,2,18-29,Female
194,IMM_4,2,3,2,18-29,Female
194,IMM_1,1,3,2,18-29,Female
194,IMM_2,3,3,2,18-29,Female
196,IMM_9,2,3,2,18-29,Female
196,IMM_10,3,3,2,18-29,Female
196,IMM_2,1,3,2,18-29,Female
196,IMM_4,1,3,2,18-29,Female
196,IMM_3,3,3,2,18-29,Female
196,IMM_7,1,3,2,18-29,Female
196,IMM_1,3,3,2,18-29,Female
196,IMM_8,3,3,2,18-29,Female
196,IMM_6,3,3,2,18-29,Female
196,IMM_5,2,3,2,18-29,Female
198,IMM_3,4,3,2,40-49,Female
198,IMM_8,3,3,2,40-49,Female
198,IMM_2,2,3,2,40-49,Female
198,IMM_9,3,3,2,40-49,Female
198,IMM_5,0,3,2,40-49,Female
198,IMM_4,1,3,2,40-49,Female
198,IMM_1,1,3,2,40-49,Female
198,IMM_10,3,3,2,40-49,Female
198,IMM_6,3,3,2,40-49,Female
198,IMM_7,2,3,2,40-49,Female
200,IMM_5,0,3,1,40-49,Female
200,IMM_6,3,3,1,40-49,Female
200,IMM_2,3,3,1,40-49,Female
200,IMM_9,4,3,1,40-49,Female
200,IMM_1,1,3,1,40-49,Female
200,IMM_3,4,3,1,40-49,Female
200,IMM_8,3,3,1,40-49,Female
200,IMM_7,0,3,1,40-49,Female
200,IMM_4,0,3,1,40-49,Female
200,IMM_10,4,3,1,40-49,Female
211,IMM_6,3,3,2,50-59,Female
211,IMM_7,0,3,2,50-59,Female
211,IMM_9,2,3,2,50-59,Female
211,IMM_4,0,3,2,50-59,Female
211,IMM_8,4,3,2,50-59,Female
211,IMM_2,0,3,2,50-59,Female
211,IMM_5,0,3,2,50-59,Female
211,IMM_3,4,3,2,50-59,Female
211,IMM_10,4,3,2,50-59,Female
211,IMM_1,0,3,2,50-59,Female
213,IMM_10,2,3,2,30-39,Female
213,IMM_9,1,3,2,30-39,Female
213,IMM_1,3,3,2,30-39,Female
213,IMM_6,3,3,2,30-39,Female
213,IMM_8,2,3,2,30-39,Female
213,IMM_7,2,3,2,30-39,Female
213,IMM_5,1,3,2,30-39,Female
213,IMM_4,2,3,2,30-39,Female
213,IMM_2,2,3,2,30-39,Female
213,IMM_3,3,3,2,30-39,Female
218,IMM_9,2,3,1,40-49,Female
218,IMM_1,0,3,1,40-49,Female
218,IMM_6,3,3,1,40-49,Female
218,IMM_2,3,3,1,40-49,Female
218,IMM_10,2,3,1,40-49,Female
218,IMM_7,0,3,1,40-49,Female
218,IMM_5,0,3,1,40-49,Female
218,IMM_3,3,3,1,40-49,Female
218,IMM_4,0,3,1,40-49,Female
218,IMM_8,3,3,1,40-49,Female
227,IMM_4,1,3,2,40-49,Female
227,IMM_9,3,3,2,40-49,Female
227,IMM_10,3,3,2,40-49,Female
227,IMM_6,4,3,2,40-49,Female
227,IMM_1,0,3,2,40-49,Female
227,IMM_8,1,3,2,40-49,Female
227,IMM_7,1,3,2,40-49,Female
227,IMM_2,2,3,2,40-49,Female
227,IMM_5,0,3,2,40-49,Female
227,IMM_3,4,3,2,40-49,Female
239,IMM_1,2,3,1,60-69,Female
239,IMM_6,3,3,1,60-69,Female
239,IMM_3,4,3,1,60-69,Female
239,IMM_2,1,3,1,60-69,Female
239,IMM_9,2,3,1,60-69,Female
239,IMM_7,1,3,1,60-69,Female
239,IMM_4,2,3,1,60-69,Female
239,IMM_8,2,3,1,60-69,Female
239,IMM_5,0,3,1,60-69,Female
239,IMM_10,2,3,1,60-69,Female
246,IMM_10,3,3,,30-39,Female
246,IMM_4,0,3,,30-39,Female
246,IMM_3,1,3,,30-39,Female
246,IMM_7,1,3,,30-39,Female
246,IMM_8,3,3,,30-39,Female
246,IMM_2,3,3,,30-39,Female
246,IMM_1,4,3,,30-39,Female
246,IMM_6,1,3,,30-39,Female
246,IMM_9,3,3,,30-39,Female
246,IMM_5,2,3,,30-39,Female
259,IMM_3,4,3,3,70-79,Male
259,IMM_4,0,3,3,70-79,Male
259,IMM_6,3,3,3,70-79,Male
259,IMM_7,0,3,3,70-79,Male
259,IMM_9,2,3,3,70-79,Male
259,IMM_1,0,3,3,70-79,Male
259,IMM_8,3,3,3,70-79,Male
259,IMM_5,0,3,3,70-79,Male
259,IMM_10,4,3,3,70-79,Male
259,IMM_2,3,3,3,70-79,Male
307,IMM_9,3,3,1,60-69,Female
307,IMM_1,1,3,1,60-69,Female
307,IMM_6,3,3,1,60-69,Female
307,IMM_4,1,3,1,60-69,Female
307,IMM_3,4,3,1,60-69,Female
307,IMM_5,1,3,1,60-69,Female
307,IMM_7,2,3,1,60-69,Female
307,IMM_8,3,3,1,60-69,Female
307,IMM_2,3,3,1,60-69,Female
307,IMM_10,3,3,1,60-69,Female
315,IMM_8,4,3,1,60-69,Female
315,IMM_5,0,3,1,60-69,Female
315,IMM_2,3,3,1,60-69,Female
315,IMM_7,0,3,1,60-69,Female
315,IMM_10,4,3,1,60-69,Female
315,IMM_9,3,3,1,60-69,Female
315,IMM_1,1,3,1,60-69,Female
315,IMM_4,0,3,1,60-69,Female
315,IMM_6,4,3,1,60-69,Female
315,IMM_3,4,3,1,60-69,Female
319,IMM_2,3,3,3,70-79,Female
319,IMM_7,1,3,3,70-79,Female
319,IMM_9,3,3,3,70-79,Female
319,IMM_8,4,3,3,70-79,Female
319,IMM_4,2,3,3,70-79,Female
319,IMM_1,1,3,3,70-79,Female
319,IMM_6,3,3,3,70-79,Female
319,IMM_10,1,3,3,70-79,Female
319,IMM_3,3,3,3,70-79,Female
319,IMM_5,0,3,3,70-79,Female
329,IMM_9,3,3,3,70-79,Male
329,IMM_4,2,3,3,70-79,Male
329,IMM_8,3,3,3,70-79,Male
329,IMM_3,4,3,3,70-79,Male
329,IMM_1,2,3,3,70-79,Male
329,IMM_7,3,3,3,70-79,Male
329,IMM_2,4,3,3,70-79,Male
329,IMM_10,4,3,3,70-79,Male
329,IMM_6,3,3,3,70-79,Male
329,IMM_5,1,3,3,70-79,Male
343,IMM_1,0,3,1,50-59,Female
343,IMM_8,4,3,1,50-59,Female
343,IMM_9,2,3,1,50-59,Female
343,IMM_2,4,3,1,50-59,Female
343,IMM_4,1,3,1,50-59,Female
343,IMM_3,4,3,1,50-59,Female
343,IMM_7,1,3,1,50-59,Female
343,IMM_5,0,3,1,50-59,Female
343,IMM_10,3,3,1,50-59,Female
343,IMM_6,3,3,1,50-59,Female
354,IMM_6,2,3,7,30-39,Female
354,IMM_7,2,3,7,30-39,Female
354,IMM_8,2,3,7,30-39,Female
354,IMM_1,3,3,7,30-39,Female
354,IMM_4,2,3,7,30-39,Female
354,IMM_2,3,3,7,30-39,Female
354,IMM_9,2,3,7,30-39,Female
354,IMM_5,2,3,7,30-39,Female
354,IMM_10,2,3,7,30-39,Female
354,IMM_3,1,3,7,30-39,Female
355,IMM_7,0,3,3,60-69,Male
355,IMM_4,4,3,3,60-69,Male
355,IMM_10,4,3,3,60-69,Male
355,IMM_3,4,3,3,60-69,Male
355,IMM_2,3,3,3,60-69,Male
355,IMM_8,4,3,3,60-69,Male
355,IMM_1,0,3,3,60-69,Male
355,IMM_6,3,3,3,60-69,Male
355,IMM_5,0,3,3,60-69,Male
355,IMM_9,0,3,3,60-69,Male
361,IMM_3,4,3,6,18-29,Female
361,IMM_5,0,3,6,18-29,Female
361,IMM_4,0,3,6,18-29,Female
361,IMM_1,0,3,6,18-29,Female
361,IMM_6,3,3,6,18-29,Female
361,IMM_9,3,3,6,18-29,Female
361,IMM_8,3,3,6,18-29,Female
361,IMM_10,0,3,6,18-29,Female
361,IMM_7,0,3,6,18-29,Female
361,IMM_2,3,3,6,18-29,Female
372,IMM_9,3,3,3,50-59,Female
372,IMM_10,4,3,3,50-59,Female
372,IMM_2,3,3,3,50-59,Female
372,IMM_3,4,3,3,50-59,Female
372,IMM_6,3,3,3,50-59,Female
372,IMM_1,0,3,3,50-59,Female
372,IMM_5,0,3,3,50-59,Female
372,IMM_7,0,3,3,50-59,Female
372,IMM_8,2,3,3,50-59,Female
372,IMM_4,3,3,3,50-59,Female
384,IMM_1,0,3,1,30-39,Female
384,IMM_6,3,3,1,30-39,Female
384,IMM_10,2,3,1,30-39,Female
384,IMM_7,0,3,1,30-39,Female
384,IMM_9,2,3,1,30-39,Female
384,IMM_4,0,3,1,30-39,Female
384,IMM_2,4,3,1,30-39,Female
384,IMM_5,0,3,1,30-39,Female
384,IMM_3,2,3,1,30-39,Female
384,IMM_8,3,3,1,30-39,Female
400,IMM_4,2,3,2,30-39,Female
400,IMM_6,3,3,2,30-39,Female
400,IMM_7,1,3,2,30-39,Female
400,IMM_10,3,3,2,30-39,Female
400,IMM_3,4,3,2,30-39,Female
400,IMM_2,2,3,2,30-39,Female
400,IMM_5,0,3,2,30-39,Female
400,IMM_1,4,3,2,30-39,Female
400,IMM_9,2,3,2,30-39,Female
400,IMM_8,2,3,2,30-39,Female
404,IMM_9,3,3,1,70-79,Male
404,IMM_10,3,3,1,70-79,Male
404,IMM_5,0,3,1,70-79,Male
404,IMM_7,1,3,1,70-79,Male
404,IMM_2,2,3,1,70-79,Male
404,IMM_3,0,3,1,70-79,Male
404,IMM_8,1,3,1,70-79,Male
404,IMM_4,1,3,1,70-79,Male
404,IMM_1,3,3,1,70-79,Male
404,IMM_6,0,3,1,70-79,Male
409,IMM_1,1,3,1,50-59,Male
409,IMM_5,3,3,1,50-59,Male
409,IMM_4,0,3,1,50-59,Male
409,IMM_7,0,3,1,50-59,Male
409,IMM_8,1,3,1,50-59,Male
409,IMM_3,4,3,1,50-59,Male
409,IMM_9,1,3,1,50-59,Male
409,IMM_10,1,3,1,50-59,Male
409,IMM_2,4,3,1,50-59,Male
409,IMM_6,1,3,1,50-59,Male
437,IMM_9,3,3,3,30-39,Male
437,IMM_1,2,3,3,30-39,Male
437,IMM_8,3,3,3,30-39,Male
437,IMM_2,3,3,3,30-39,Male
437,IMM_5,1,3,3,30-39,Male
437,IMM_6,3,3,3,30-39,Male
437,IMM_4,2,3,3,30-39,Male
437,IMM_7,3,3,3,30-39,Male
437,IMM_3,4,3,3,30-39,Male
437,IMM_10,2,3,3,30-39,Male
449,IMM_8,3,3,3,30-39,Male
449,IMM_9,2,3,3,30-39,Male
449,IMM_2,4,3,3,30-39,Male
449,IMM_4,1,3,3,30-39,Male
449,IMM_1,1,3,3,30-39,Male
449,IMM_5,1,3,3,30-39,Male
449,IMM_10,3,3,3,30-39,Male
449,IMM_7,2,3,3,30-39,Male
449,IMM_6,4,3,3,30-39,Male
449,IMM_3,4,3,3,30-39,Male
476,IMM_6,3,3,1,18-29,Male
476,IMM_2,3,3,1,18-29,Male
476,IMM_10,0,3,1,18-29,Male
476,IMM_5,3,3,1,18-29,Male
476,IMM_8,0,3,1,18-29,Male
476,IMM_9,3,3,1,18-29,Male
476,IMM_7,0,3,1,18-29,Male
476,IMM_4,1,3,1,18-29,Male
476,IMM_3,0,3,1,18-29,Male
476,IMM_1,0,3,1,18-29,Male
487,IMM_10,4,3,3,70-79,Male
487,IMM_5,0,3,3,70-79,Male
487,IMM_7,0,3,3,70-79,Male
487,IMM_3,4,3,3,70-79,Male
487,IMM_2,2,3,3,70-79,Male
487,IMM_4,1,3,3,70-79,Male
487,IMM_1,0,3,3,70-79,Male
487,IMM_6,4,3,3,70-79,Male
487,IMM_9,4,3,3,70-79,Male
487,IMM_8,4,3,3,70-79,Male
507,IMM_6,3,3,2,18-29,Male
507,IMM_3,4,3,2,18-29,Male
507,IMM_4,0,3,2,18-29,Male
507,IMM_10,4,3,2,18-29,Male
507,IMM_1,0,3,2,18-29,Male
507,IMM_9,4,3,2,18-29,Male
507,IMM_8,4,3,2,18-29,Male
507,IMM_5,0,3,2,18-29,Male
507,IMM_2,3,3,2,18-29,Male
507,IMM_7,0,3,2,18-29,Male
518,IMM_7,2,3,3,30-39,Female
518,IMM_6,3,3,3,30-39,Female
518,IMM_4,1,3,3,30-39,Female
518,IMM_10,3,3,3,30-39,Female
518,IMM_9,3,3,3,30-39,Female
518,IMM_8,2,3,3,30-39,Female
518,IMM_3,3,3,3,30-39,Female
518,IMM_5,0,3,3,30-39,Female
518,IMM_1,1,3,3,30-39,Female
518,IMM_2,3,3,3,30-39,Female
532,IMM_6,1,3,3,30-39,Male
532,IMM_3,3,3,3,30-39,Male
532,IMM_4,1,3,3,30-39,Male
532,IMM_2,0,3,3,30-39,Male
532,IMM_5,1,3,3,30-39,Male
532,IMM_10,3,3,3,30-39,Male
532,IMM_8,0,3,3,30-39,Male
532,IMM_9,3,3,3,30-39,Male
532,IMM_1,3,3,3,30-39,Male
532,IMM_7,2,3,3,30-39,Male
538,IMM_8,2,3,1,70-79,Female
538,IMM_7,2,3,1,70-79,Female
538,IMM_6,2,3,1,70-79,Female
538,IMM_3,4,3,1,70-79,Female
538,IMM_1,1,3,1,70-79,Female
538,IMM_9,2,3,1,70-79,Female
538,IMM_10,3,3,1,70-79,Female
538,IMM_5,0,3,1,70-79,Female
538,IMM_4,1,3,1,70-79,Female
538,IMM_2,3,3,1,70-79,Female
545,IMM_5,1,3,3,30-39,Female
545,IMM_1,1,3,3,30-39,Female
545,IMM_2,3,3,3,30-39,Female
545,IMM_6,3,3,3,30-39,Female
545,IMM_10,2,3,3,30-39,Female
545,IMM_9,2,3,3,30-39,Female
545,IMM_7,0,3,3,30-39,Female
545,IMM_8,3,3,3,30-39,Female
545,IMM_4,2,3,3,30-39,Female
545,IMM_3,2,3,3,30-39,Female
549,IMM_1,1,3,2,40-49,Female
549,IMM_4,1,3,2,40-49,Female
549,IMM_10,1,3,2,40-49,Female
549,IMM_5,2,3,2,40-49,Female
549,IMM_3,4,3,2,40-49,Female
549,IMM_8,3,3,2,40-49,Female
549,IMM_6,3,3,2,40-49,Female
549,IMM_7,1,3,2,40-49,Female
549,IMM_2,2,3,2,40-49,Female
549,IMM_9,4,3,2,40-49,Female
552,IMM_2,1,3,3,18-29,Male
552,IMM_7,0,3,3,18-29,Male
552,IMM_6,3,3,3,18-29,Male
552,IMM_4,1,3,3,18-29,Male
552,IMM_8,3,3,3,18-29,Male
552,IMM_9,2,3,3,18-29,Male
552,IMM_5,0,3,3,18-29,Male
552,IMM_3,4,3,3,18-29,Male
552,IMM_10,1,3,3,18-29,Male
552,IMM_1,0,3,3,18-29,Male
556,IMM_2,0,3,3,18-29,Female
556,IMM_9,3,3,3,18-29,Female
556,IMM_6,3,3,3,18-29,Female
556,IMM_5,0,3,3,18-29,Female
556,IMM_3,3,3,3,18-29,Female
556,IMM_7,0,3,3,18-29,Female
556,IMM_1,0,3,3,18-29,Female
556,IMM_4,2,3,3,18-29,Female
556,IMM_8,3,3,3,18-29,Female
556,IMM_10,3,3,3,18-29,Female
560,IMM_8,3,3,3,50-59,Female
560,IMM_2,2,3,3,50-59,Female
560,IMM_10,2,3,3,50-59,Female
560,IMM_4,2,3,3,50-59,Female
560,IMM_3,2,3,3,50-59,Female
560,IMM_9,3,3,3,50-59,Female
560,IMM_1,1,3,3,50-59,Female
560,IMM_7,0,3,3,50-59,Female
560,IMM_5,2,3,3,50-59,Female
560,IMM_6,4,3,3,50-59,Female
561,IMM_9,3,3,2,60-69,Male
561,IMM_1,0,3,2,60-69,Male
561,IMM_3,4,3,2,60-69,Male
561,IMM_8,3,3,2,60-69,Male
561,IMM_6,4,3,2,60-69,Male
561,IMM_5,1,3,2,60-69,Male
561,IMM_4,1,3,2,60-69,Male
561,IMM_7,1,3,2,60-69,Male
561,IMM_10,4,3,2,60-69,Male
561,IMM_2,4,3,2,60-69,Male
564,IMM_8,3,3,2,40-49,Female
564,IMM_1,1,3,2,40-49,Female
564,IMM_3,4,3,2,40-49,Female
564,IMM_7,1,3,2,40-49,Female
564,IMM_10,3,3,2,40-49,Female
564,IMM_4,1,3,2,40-49,Female
564,IMM_6,3,3,2,40-49,Female
564,IMM_9,2,3,2,40-49,Female
564,IMM_5,1,3,2,40-49,Female
564,IMM_2,4,3,2,40-49,Female
599,IMM_8,4,3,2,40-49,Female
599,IMM_1,1,3,2,40-49,Female
599,IMM_2,4,3,2,40-49,Female
599,IMM_9,3,3,2,40-49,Female
599,IMM_7,1,3,2,40-49,Female
599,IMM_3,4,3,2,40-49,Female
599,IMM_5,1,3,2,40-49,Female
599,IMM_4,1,3,2,40-49,Female
599,IMM_6,2,3,2,40-49,Female
599,IMM_10,2,3,2,40-49,Female
652,IMM_4,3,3,1,40-49,Male
652,IMM_7,0,3,1,40-49,Male
652,IMM_1,2,3,1,40-49,Male
652,IMM_8,2,3,1,40-49,Male
652,IMM_3,1,3,1,40-49,Male
652,IMM_10,3,3,1,40-49,Male
652,IMM_5,1,3,1,40-49,Male
652,IMM_2,1,3,1,40-49,Male
652,IMM_6,3,3,1,40-49,Male
652,IMM_9,2,3,1,40-49,Male
679,IMM_9,3,3,3,18-29,Male
679,IMM_10,3,3,3,18-29,Male
679,IMM_7,2,3,3,18-29,Male
679,IMM_6,1,3,3,18-29,Male
679,IMM_8,2,3,3,18-29,Male
679,IMM_3,0,3,3,18-29,Male
679,IMM_2,2,3,3,18-29,Male
679,IMM_4,1,3,3,18-29,Male
679,IMM_5,1,3,3,18-29,Male
679,IMM_1,2,3,3,18-29,Male
685,IMM_5,0,3,1,70-79,Male
685,IMM_6,3,3,1,70-79,Male
685,IMM_7,1,3,1,70-79,Male
685,IMM_10,4,3,1,70-79,Male
685,IMM_9,1,3,1,70-79,Male
685,IMM_8,3,3,1,70-79,Male
685,IMM_4,1,3,1,70-79,Male
685,IMM_1,1,3,1,70-79,Male
685,IMM_2,1,3,1,70-79,Male
685,IMM_3,4,3,1,70-79,Male
698,IMM_10,4,3,3,60-69,Female
698,IMM_7,0,3,3,60-69,Female
698,IMM_1,0,3,3,60-69,Female
698,IMM_5,0,3,3,60-69,Female
698,IMM_4,1,3,3,60-69,Female
698,IMM_8,4,3,3,60-69,Female
698,IMM_3,4,3,3,60-69,Female
698,IMM_6,4,3,3,60-69,Female
698,IMM_2,3,3,3,60-69,Female
698,IMM_9,4,3,3,60-69,Female
701,IMM_3,4,3,3,40-49,Female
701,IMM_6,3,3,3,40-49,Female
701,IMM_10,3,3,3,40-49,Female
701,IMM_7,0,3,3,40-49,Female
701,IMM_1,1,3,3,40-49,Female
701,IMM_9,2,3,3,40-49,Female
701,IMM_8,3,3,3,40-49,Female
701,IMM_2,4,3,3,40-49,Female
701,IMM_4,1,3,3,40-49,Female
701,IMM_5,0,3,3,40-49,Female
717,IMM_7,4,3,7,40-49,Female
717,IMM_1,4,3,7,40-49,Female
717,IMM_10,0,3,7,40-49,Female
717,IMM_8,0,3,7,40-49,Female
717,IMM_2,0,3,7,40-49,Female
717,IMM_5,4,3,7,40-49,Female
717,IMM_4,0,3,7,40-49,Female
717,IMM_3,0,3,7,40-49,Female
717,IMM_9,0,3,7,40-49,Female
717,IMM_6,0,3,7,40-49,Female
750,IMM_3,3,3,1,60-69,Female
750,IMM_6,2,3,1,60-69,Female
750,IMM_1,0,3,1,60-69,Female
750,IMM_5,0,3,1,60-69,Female
750,IMM_7,1,3,1,60-69,Female
750,IMM_2,1,3,1,60-69,Female
750,IMM_9,2,3,1,60-69,Female
750,IMM_8,3,3,1,60-69,Female
750,IMM_4,0,3,1,60-69,Female
750,IMM_10,2,3,1,60-69,Female
767,IMM_2,3,3,2,50-59,Female
767,IMM_5,1,3,2,50-59,Female
767,IMM_4,1,3,2,50-59,Female
767,IMM_8,3,3,2,50-59,Female
767,IMM_3,3,3,2,50-59,Female
767,IMM_10,1,3,2,50-59,Female
767,IMM_9,2,3,2,50-59,Female
767,IMM_7,1,3,2,50-59,Female
767,IMM_1,1,3,2,50-59,Female
767,IMM_6,3,3,2,50-59,Female
792,IMM_2,3,3,1,40-49,Female
792,IMM_8,4,3,1,40-49,Female
792,IMM_7,2,3,1,40-49,Female
792,IMM_1,2,3,1,40-49,Female
792,IMM_10,2,3,1,40-49,Female
792,IMM_5,0,3,1,40-49,Female
792,IMM_4,3,3,1,40-49,Female
792,IMM_6,3,3,1,40-49,Female
792,IMM_3,3,3,1,40-49,Female
792,IMM_9,2,3,1,40-49,Female
799,IMM_5,0,3,3,70-79,Female
799,IMM_2,2,3,3,70-79,Female
799,IMM_1,1,3,3,70-79,Female
799,IMM_3,4,3,3,70-79,Female
799,IMM_10,4,3,3,70-79,Female
799,IMM_9,3,3,3,70-79,Female
799,IMM_6,4,3,3,70-79,Female
799,IMM_7,1,3,3,70-79,Female
799,IMM_8,3,3,3,70-79,Female
799,IMM_4,1,3,3,70-79,Female
845,IMM_7,0,3,1,80+,Female
845,IMM_5,0,3,1,80+,Female
845,IMM_6,4,3,1,80+,Female
845,IMM_10,4,3,1,80+,Female
845,IMM_8,4,3,1,80+,Female
845,IMM_3,4,3,1,80+,Female
845,IMM_9,4,3,1,80+,Female
845,IMM_1,0,3,1,80+,Female
845,IMM_2,4,3,1,80+,Female
845,IMM_4,0,3,1,80+,Female
849,IMM_4,3,3,2,60-69,Female
849,IMM_9,1,3,2,60-69,Female
849,IMM_3,4,3,2,60-69,Female
849,IMM_2,1,3,2,60-69,Female
849,IMM_8,2,3,2,60-69,Female
849,IMM_7,3,3,2,60-69,Female
849,IMM_10,1,3,2,60-69,Female
849,IMM_6,1,3,2,60-69,Female
849,IMM_5,0,3,2,60-69,Female
849,IMM_1,3,3,2,60-69,Female
864,IMM_6,4,3,2,60-69,Female
864,IMM_3,4,3,2,60-69,Female
864,IMM_8,2,3,2,60-69,Female
864,IMM_9,3,3,2,60-69,Female
864,IMM_7,2,3,2,60-69,Female
864,IMM_1,1,3,2,60-69,Female
864,IMM_5,1,3,2,60-69,Female
864,IMM_10,3,3,2,60-69,Female
864,IMM_2,3,3,2,60-69,Female
864,IMM_4,1,3,2,60-69,Female
866,IMM_6,3,3,3,60-69,Female
866,IMM_8,1,3,3,60-69,Female
866,IMM_3,2,3,3,60-69,Female
866,IMM_7,1,3,3,60-69,Female
866,IMM_2,3,3,3,60-69,Female
866,IMM_10,1,3,3,60-69,Female
866,IMM_4,3,3,3,60-69,Female
866,IMM_1,1,3,3,60-69,Female
866,IMM_5,1,3,3,60-69,Female
866,IMM_9,2,3,3,60-69,Female
892,IMM_7,0,3,3,50-59,Female
892,IMM_3,4,3,3,50-59,Female
892,IMM_9,4,3,3,50-59,Female
892,IMM_10,4,3,3,50-59,Female
892,IMM_5,0,3,3,50-59,Female
892,IMM_6,3,3,3,50-59,Female
892,IMM_8,4,3,3,50-59,Female
892,IMM_4,0,3,3,50-59,Female
892,IMM_2,2,3,3,50-59,Female
892,IMM_1,0,3,3,50-59,Female
908,IMM_7,2,3,3,60-69,Male
908,IMM_6,4,3,3,60-69,Male
908,IMM_8,4,3,3,60-69,Male
908,IMM_2,3,3,3,60-69,Male
908,IMM_9,3,3,3,60-69,Male
908,IMM_4,0,3,3,60-69,Male
908,IMM_1,1,3,3,60-69,Male
908,IMM_10,3,3,3,60-69,Male
908,IMM_5,2,3,3,60-69,Male
908,IMM_3,2,3,3,60-69,Male
929,IMM_4,0,3,2,30-39,Female
929,IMM_5,0,3,2,30-39,Female
929,IMM_7,2,3,2,30-39,Female
929,IMM_2,3,3,2,30-39,Female
929,IMM_8,1,3,2,30-39,Female
929,IMM_9,3,3,2,30-39,Female
929,IMM_1,2,3,2,30-39,Female
929,IMM_10,3,3,2,30-39,Female
929,IMM_6,2,3,2,30-39,Female
929,IMM_3,1,3,2,30-39,Female
950,IMM_5,4,3,4,60-69,Female
950,IMM_3,0,3,4,60-69,Female
950,IMM_1,4,3,4,60-69,Female
950,IMM_2,0,3,4,60-69,Female
950,IMM_9,0,3,4,60-69,Female
950,IMM_10,1,3,4,60-69,Female
950,IMM_8,2,3,4,60-69,Female
950,IMM_4,0,3,4,60-69,Female
950,IMM_7,2,3,4,60-69,Female
950,IMM_6,0,3,4,60-69,Female
953,IMM_4,0,3,6,70-79,Female
953,IMM_10,1,3,6,70-79,Female
953,IMM_3,0,3,6,70-79,Female
953,IMM_7,3,3,6,70-79,Female
953,IMM_5,4,3,6,70-79,Female
953,IMM_9,2,3,6,70-79,Female
953,IMM_1,4,3,6,70-79,Female
953,IMM_6,2,3,6,70-79,Female
953,IMM_8,3,3,6,70-79,Female
953,IMM_2,2,3,6,70-79,Female
959,IMM_5,0,3,6,50-59,Female
959,IMM_1,4,3,6,50-59,Female
959,IMM_7,3,3,6,50-59,Female
959,IMM_9,0,3,6,50-59,Female
959,IMM_10,1,3,6,50-59,Female
959,IMM_6,0,3,6,50-59,Female
959,IMM_2,2,3,6,50-59,Female
959,IMM_4,0,3,6,50-59,Female
959,IMM_3,0,3,6,50-59,Female
959,IMM_8,1,3,6,50-59,Female
964,IMM_7,1,3,5,50-59,Female
964,IMM_8,2,3,5,50-59,Female
964,IMM_4,0,3,5,50-59,Female
964,IMM_3,3,3,5,50-59,Female
964,IMM_9,4,3,5,50-59,Female
964,IMM_10,3,3,5,50-59,Female
964,IMM_5,0,3,5,50-59,Female
964,IMM_1,1,3,5,50-59,Female
964,IMM_6,4,3,5,50-59,Female
964,IMM_2,3,3,5,50-59,Female
966,IMM_5,1,3,2,60-69,Female
966,IMM_10,2,3,2,60-69,Female
966,IMM_1,1,3,2,60-69,Female
966,IMM_7,1,3,2,60-69,Female
966,IMM_3,4,3,2,60-69,Female
966,IMM_8,1,3,2,60-69,Female
966,IMM_9,2,3,2,60-69,Female
966,IMM_6,1,3,2,60-69,Female
966,IMM_2,3,3,2,60-69,Female
966,IMM_4,1,3,2,60-69,Female
985,IMM_10,4,3,6,60-69,Female
985,IMM_1,1,3,6,60-69,Female
985,IMM_2,2,3,6,60-69,Female
985,IMM_8,3,3,6,60-69,Female
985,IMM_3,3,3,6,60-69,Female
985,IMM_9,4,3,6,60-69,Female
985,IMM_7,1,3,6,60-69,Female
985,IMM_5,0,3,6,60-69,Female
985,IMM_4,1,3,6,60-69,Female
985,IMM_6,2,3,6,60-69,Female
1002,IMM_3,4,3,1,30-39,Female
1002,IMM_6,4,3,1,30-39,Female
1002,IMM_4,4,3,1,30-39,Female
1002,IMM_8,4,3,1,30-39,Female
1002,IMM_2,4,3,1,30-39,Female
1002,IMM_10,4,3,1,30-39,Female
1002,IMM_7,0,3,1,30-39,Female
1002,IMM_1,0,3,1,30-39,Female
1002,IMM_5,2,3,1,30-39,Female
1002,IMM_9,4,3,1,30-39,Female
1081,IMM_8,2,3,1,70-79,Female
1081,IMM_7,0,3,1,70-79,Female
1081,IMM_4,1,3,1,70-79,Female
1081,IMM_6,3,3,1,70-79,Female
1081,IMM_5,0,3,1,70-79,Female
1081,IMM_2,3,3,1,70-79,Female
1081,IMM_1,0,3,1,70-79,Female
1081,IMM_9,3,3,1,70-79,Female
1081,IMM_3,2,3,1,70-79,Female
1081,IMM_10,2,3,1,70-79,Female
1095,IMM_5,0,3,3,30-39,Male
1095,IMM_3,4,3,3,30-39,Male
1095,IMM_6,3,3,3,30-39,Male
1095,IMM_1,0,3,3,30-39,Male
1095,IMM_9,3,3,3,30-39,Male
1095,IMM_10,2,3,3,30-39,Male
1095,IMM_7,1,3,3,30-39,Male
1095,IMM_8,3,3,3,30-39,Male
1095,IMM_2,1,3,3,30-39,Male
1095,IMM_4,0,3,3,30-39,Male
1101,IMM_10,2,3,5,18-29,Female
1101,IMM_3,4,3,5,18-29,Female
1101,IMM_9,4,3,5,18-29,Female
1101,IMM_2,4,3,5,18-29,Female
1101,IMM_1,0,3,5,18-29,Female
1101,IMM_8,0,3,5,18-29,Female
1101,IMM_4,2,3,5,18-29,Female
1101,IMM_7,0,3,5,18-29,Female
1101,IMM_6,4,3,5,18-29,Female
1101,IMM_5,0,3,5,18-29,Female
1110,IMM_4,1,3,1,50-59,Female
1110,IMM_3,4,3,1,50-59,Female
1110,IMM_8,1,3,1,50-59,Female
1110,IMM_9,3,3,1,50-59,Female
1110,IMM_2,3,3,1,50-59,Female
1110,IMM_1,0,3,1,50-59,Female
1110,IMM_5,0,3,1,50-59,Female
1110,IMM_6,3,3,1,50-59,Female
1110,IMM_7,0,3,1,50-59,Female
1110,IMM_10,3,3,1,50-59,Female
1147,IMM_4,3,3,2,18-29,Female
1147,IMM_5,1,3,2,18-29,Female
1147,IMM_6,1,3,2,18-29,Female
1147,IMM_8,3,3,2,18-29,Female
1147,IMM_7,2,3,2,18-29,Female
1147,IMM_3,4,3,2,18-29,Female
1147,IMM_1,1,3,2,18-29,Female
1147,IMM_9,2,3,2,18-29,Female
1147,IMM_2,2,3,2,18-29,Female
1147,IMM_10,3,3,2,18-29,Female
1167,IMM_9,2,3,2,80+,Female
1167,IMM_4,0,3,2,80+,Female
1167,IMM_8,0,3,2,80+,Female
1167,IMM_1,3,3,2,80+,Female
1167,IMM_10,3,3,2,80+,Female
1167,IMM_6,4,3,2,80+,Female
1167,IMM_2,2,3,2,80+,Female
1167,IMM_5,1,3,2,80+,Female
1167,IMM_3,4,3,2,80+,Female
1167,IMM_7,0,3,2,80+,Female
1171,IMM_1,2,3,3,80+,Female
1171,IMM_5,0,3,3,80+,Female
1171,IMM_6,3,3,3,80+,Female
1171,IMM_10,2,3,3,80+,Female
1171,IMM_7,0,3,3,80+,Female
1171,IMM_4,2,3,3,80+,Female
1171,IMM_8,3,3,3,80+,Female
1171,IMM_9,3,3,3,80+,Female
1171,IMM_3,4,3,3,80+,Female
1171,IMM_2,4,3,3,80+,Female
1172,IMM_1,1,3,2,30-39,Female
1172,IMM_4,3,3,2,30-39,Female
1172,IMM_2,2,3,2,30-39,Female
1172,IMM_9,4,3,2,30-39,Female
1172,IMM_5,0,3,2,30-39,Female
1172,IMM_6,4,3,2,30-39,Female
1172,IMM_10,3,3,2,30-39,Female
1172,IMM_8,4,3,2,30-39,Female
1172,IMM_3,4,3,2,30-39,Female
1172,IMM_7,0,3,2,30-39,Female
1199,IMM_10,2,3,3,30-39,Male
1199,IMM_2,3,3,3,30-39,Male
1199,IMM_3,3,3,3,30-39,Male
1199,IMM_6,3,3,3,30-39,Male
1199,IMM_8,4,3,3,30-39,Male
1199,IMM_1,2,3,3,30-39,Male
1199,IMM_9,2,3,3,30-39,Male
1199,IMM_5,0,3,3,30-39,Male
1199,IMM_7,2,3,3,30-39,Male
1199,IMM_4,2,3,3,30-39,Male
1211,IMM_6,4,3,3,60-69,Female
1211,IMM_3,4,3,3,60-69,Female
1211,IMM_7,0,3,3,60-69,Female
1211,IMM_1,3,3,3,60-69,Female
1211,IMM_9,3,3,3,60-69,Female
1211,IMM_5,0,3,3,60-69,Female
1211,IMM_10,4,3,3,60-69,Female
1211,IMM_8,3,3,3,60-69,Female
1211,IMM_4,3,3,3,60-69,Female
1211,IMM_2,2,3,3,60-69,Female
1226,IMM_3,1,3,5,30-39,Female
1226,IMM_9,3,3,5,30-39,Female
1226,IMM_2,3,3,5,30-39,Female
1226,IMM_8,1,3,5,30-39,Female
1226,IMM_6,1,3,5,30-39,Female
1226,IMM_1,3,3,5,30-39,Female
1226,IMM_7,2,3,5,30-39,Female
1226,IMM_5,2,3,5,30-39,Female
1226,IMM_4,1,3,5,30-39,Female
1226,IMM_10,1,3,5,30-39,Female
1235,IMM_6,0,3,5,70-79,Female
1235,IMM_2,4,3,5,70-79,Female
1235,IMM_8,1,3,5,70-79,Female
1235,IMM_7,3,3,5,70-79,Female
1235,IMM_3,0,3,5,70-79,Female
1235,IMM_5,2,3,5,70-79,Female
1235,IMM_9,0,3,5,70-79,Female
1235,IMM_1,3,3,5,70-79,Female
1235,IMM_10,0,3,5,70-79,Female
1235,IMM_4,3,3,5,70-79,Female
1246,IMM_8,3,3,3,18-29,Female
1246,IMM_7,0,3,3,18-29,Female
1246,IMM_1,0,3,3,18-29,Female
1246,IMM_6,3,3,3,18-29,Female
1246,IMM_5,2,3,3,18-29,Female
1246,IMM_4,1,3,3,18-29,Female
1246,IMM_10,2,3,3,18-29,Female
1246,IMM_2,3,3,3,18-29,Female
1246,IMM_3,1,3,3,18-29,Female
1246,IMM_9,0,3,3,18-29,Female
1255,IMM_5,1,3,2,40-49,Female
1255,IMM_7,0,3,2,40-49,Female
1255,IMM_8,3,3,2,40-49,Female
1255,IMM_10,3,3,2,40-49,Female
1255,IMM_2,2,3,2,40-49,Female
1255,IMM_3,3,3,2,40-49,Female
1255,IMM_6,3,3,2,40-49,Female
1255,IMM_9,4,3,2,40-49,Female
1255,IMM_4,2,3,2,40-49,Female
1255,IMM_1,3,3,2,40-49,Female
1260,IMM_7,0,3,1,30-39,Female
1260,IMM_9,2,3,1,30-39,Female
1260,IMM_4,3,3,1,30-39,Female
1260,IMM_2,3,3,1,30-39,Female
1260,IMM_1,1,3,1,30-39,Female
1260,IMM_3,4,3,1,30-39,Female
1260,IMM_5,1,3,1,30-39,Female
1260,IMM_10,3,3,1,30-39,Female
1260,IMM_6,3,3,1,30-39,Female
1260,IMM_8,4,3,1,30-39,Female
1267,IMM_6,0,3,2,40-49,Female
1267,IMM_1,3,3,2,40-49,Female
1267,IMM_7,0,3,2,40-49,Female
1267,IMM_9,1,3,2,40-49,Female
1267,IMM_2,0,3,2,40-49,Female
1267,IMM_8,3,3,2,40-49,Female
1267,IMM_3,1,3,2,40-49,Female
1267,IMM_5,3,3,2,40-49,Female
1267,IMM_10,1,3,2,40-49,Female
1267,IMM_4,3,3,2,40-49,Female
1269,IMM_1,3,3,1,60-69,Male
1269,IMM_2,3,3,1,60-69,Male
1269,IMM_6,3,3,1,60-69,Male
1269,IMM_7,0,3,1,60-69,Male
1269,IMM_4,4,3,1,60-69,Male
1269,IMM_3,4,3,1,60-69,Male
1269,IMM_10,3,3,1,60-69,Male
1269,IMM_8,1,3,1,60-69,Male
1269,IMM_9,3,3,1,60-69,Male
1269,IMM_5,0,3,1,60-69,Male
1272,IMM_2,1,3,3,18-29,Female
1272,IMM_10,1,3,3,18-29,Female
1272,IMM_9,1,3,3,18-29,Female
1272,IMM_3,4,3,3,18-29,Female
1272,IMM_5,1,3,3,18-29,Female
1272,IMM_1,0,3,3,18-29,Female
1272,IMM_4,1,3,3,18-29,Female
1272,IMM_6,4,3,3,18-29,Female
1272,IMM_7,2,3,3,18-29,Female
1272,IMM_8,3,3,3,18-29,Female
1291,IMM_7,1,3,1,60-69,Female
1291,IMM_8,4,3,1,60-69,Female
1291,IMM_10,4,3,1,60-69,Female
1291,IMM_6,4,3,1,60-69,Female
1291,IMM_1,1,3,1,60-69,Female
1291,IMM_3,4,3,1,60-69,Female
1291,IMM_5,1,3,1,60-69,Female
1291,IMM_2,1,3,1,60-69,Female
1291,IMM_4,3,3,1,60-69,Female
1291,IMM_9,4,3,1,60-69,Female
1293,IMM_4,1,3,2,18-29,Female
1293,IMM_10,3,3,2,18-29,Female
1293,IMM_2,2,3,2,18-29,Female
1293,IMM_3,4,3,2,18-29,Female
1293,IMM_6,4,3,2,18-29,Female
1293,IMM_8,3,3,2,18-29,Female
1293,IMM_9,4,3,2,18-29,Female
1293,IMM_7,0,3,2,18-29,Female
1293,IMM_5,0,3,2,18-29,Female
1293,IMM_1,0,3,2,18-29,Female
1314,IMM_7,0,3,3,30-39,Female
1314,IMM_8,3,3,3,30-39,Female
1314,IMM_6,3,3,3,30-39,Female
1314,IMM_4,1,3,3,30-39,Female
1314,IMM_2,1,3,3,30-39,Female
1314,IMM_10,4,3,3,30-39,Female
1314,IMM_3,3,3,3,30-39,Female
1314,IMM_9,4,3,3,30-39,Female
1314,IMM_1,0,3,3,30-39,Female
1314,IMM_5,0,3,3,30-39,Female
1321,IMM_10,1,3,3,18-29,Female
1321,IMM_1,1,3,3,18-29,Female
1321,IMM_6,4,3,3,18-29,Female
1321,IMM_4,0,3,3,18-29,Female
1321,IMM_7,3,3,3,18-29,Female
1321,IMM_5,0,3,3,18-29,Female
1321,IMM_8,3,3,3,18-29,Female
1321,IMM_3,4,3,3,18-29,Female
1321,IMM_9,1,3,3,18-29,Female
1321,IMM_2,4,3,3,18-29,Female
1335,IMM_4,0,3,3,30-39,Male
1335,IMM_1,0,3,3,30-39,Male
1335,IMM_6,2,3,3,30-39,Male
1335,IMM_3,4,3,3,30-39,Male
1335,IMM_9,4,3,3,30-39,Male
1335,IMM_7,0,3,3,30-39,Male
1335,IMM_8,0,3,3,30-39,Male
1335,IMM_10,4,3,3,30-39,Male
1335,IMM_2,2,3,3,30-39,Male
1335,IMM_5,0,3,3,30-39,Male
1342,IMM_2,2,3,3,50-59,Male
1342,IMM_4,2,3,3,50-59,Male
1342,IMM_6,2,3,3,50-59,Male
1342,IMM_10,2,3,3,50-59,Male
1342,IMM_8,2,3,3,50-59,Male
1342,IMM_3,3,3,3,50-59,Male
1342,IMM_7,1,3,3,50-59,Male
1342,IMM_1,3,3,3,50-59,Male
1342,IMM_9,1,3,3,50-59,Male
1342,IMM_5,2,3,3,50-59,Male
1364,IMM_7,3,3,1,30-39,Male
1364,IMM_3,3,3,1,30-39,Male
1364,IMM_8,4,3,1,30-39,Male
1364,IMM_2,3,3,1,30-39,Male
1364,IMM_6,3,3,1,30-39,Male
1364,IMM_4,3,3,1,30-39,Male
1364,IMM_9,4,3,1,30-39,Male
1364,IMM_10,2,3,1,30-39,Male
1364,IMM_1,2,3,1,30-39,Male
1364,IMM_5,1,3,1,30-39,Male
1367,IMM_2,1,3,1,50-59,Male
1367,IMM_4,1,3,1,50-59,Male
1367,IMM_5,0,3,1,50-59,Male
1367,IMM_3,4,3,1,50-59,Male
1367,IMM_10,4,3,1,50-59,Male
1367,IMM_6,3,3,1,50-59,Male
1367,IMM_7,0,3,1,50-59,Male
1367,IMM_1,0,3,1,50-59,Male
1367,IMM_8,4,3,1,50-59,Male
1367,IMM_9,4,3,1,50-59,Male
1373,IMM_1,0,3,2,60-69,Male
1373,IMM_3,4,3,2,60-69,Male
1373,IMM_4,3,3,2,60-69,Male
1373,IMM_8,4,3,2,60-69,Male
1373,IMM_7,0,3,2,60-69,Male
1373,IMM_10,3,3,2,60-69,Male
1373,IMM_2,3,3,2,60-69,Male
1373,IMM_6,3,3,2,60-69,Male
1373,IMM_5,0,3,2,60-69,Male
1373,IMM_9,1,3,2,60-69,Male
1379,IMM_3,4,3,3,30-39,Male
1379,IMM_2,2,3,3,30-39,Male
1379,IMM_6,3,3,3,30-39,Male
1379,IMM_9,3,3,3,30-39,Male
1379,IMM_8,2,3,3,30-39,Male
1379,IMM_4,1,3,3,30-39,Male
1379,IMM_5,0,3,3,30-39,Male
1379,IMM_10,4,3,3,30-39,Male
1379,IMM_1,1,3,3,30-39,Male
1379,IMM_7,0,3,3,30-39,Male
1388,IMM_3,3,3,3,30-39,Male
1388,IMM_9,4,3,3,30-39,Male
1388,IMM_4,2,3,3,30-39,Male
1388,IMM_5,0,3,3,30-39,Male
1388,IMM_7,0,3,3,30-39,Male
1388,IMM_10,3,3,3,30-39,Male
1388,IMM_1,1,3,3,30-39,Male
1388,IMM_6,4,3,3,30-39,Male
1388,IMM_8,3,3,3,30-39,Male
1388,IMM_2,2,3,3,30-39,Male
1402,IMM_9,1,3,2,30-39,Female
1402,IMM_3,2,3,2,30-39,Female
1402,IMM_5,0,3,2,30-39,Female
1402,IMM_6,3,3,2,30-39,Female
1402,IMM_2,2,3,2,30-39,Female
1402,IMM_7,2,3,2,30-39,Female
1402,IMM_4,3,3,2,30-39,Female
1402,IMM_1,1,3,2,30-39,Female
1402,IMM_10,3,3,2,30-39,Female
1402,IMM_8,3,3,2,30-39,Female
1410,IMM_2,3,3,2,60-69,Female
1410,IMM_3,3,3,2,60-69,Female
1410,IMM_9,4,3,2,60-69,Female
1410,IMM_4,2,3,2,60-69,Female
1410,IMM_5,1,3,2,60-69,Female
1410,IMM_7,1,3,2,60-69,Female
1410,IMM_6,3,3,2,60-69,Female
1410,IMM_8,2,3,2,60-69,Female
1410,IMM_1,0,3,2,60-69,Female
1410,IMM_10,3,3,2,60-69,Female
1411,IMM_9,2,3,2,30-39,Male
1411,IMM_6,2,3,2,30-39,Male
1411,IMM_2,2,3,2,30-39,Male
1411,IMM_5,3,3,2,30-39,Male
1411,IMM_3,4,3,2,30-39,Male
1411,IMM_10,2,3,2,30-39,Male
1411,IMM_4,3,3,2,30-39,Male
1411,IMM_8,3,3,2,30-39,Male
1411,IMM_7,2,3,2,30-39,Male
1411,IMM_1,1,3,2,30-39,Male
1421,IMM_6,3,3,3,30-39,Male
1421,IMM_8,4,3,3,30-39,Male
1421,IMM_10,3,3,3,30-39,Male
1421,IMM_7,2,3,3,30-39,Male
1421,IMM_1,3,3,3,30-39,Male
1421,IMM_5,1,3,3,30-39,Male
1421,IMM_9,1,3,3,30-39,Male
1421,IMM_4,2,3,3,30-39,Male
1421,IMM_3,4,3,3,30-39,Male
1421,IMM_2,3,3,3,30-39,Male
1446,IMM_6,3,3,2,60-69,Male
1446,IMM_4,1,3,2,60-69,Male
1446,IMM_7,2,3,2,60-69,Male
1446,IMM_1,3,3,2,60-69,Male
1446,IMM_3,3,3,2,60-69,Male
1446,IMM_8,4,3,2,60-69,Male
1446,IMM_5,3,3,2,60-69,Male
1446,IMM_9,3,3,2,60-69,Male
1446,IMM_2,3,3,2,60-69,Male
1446,IMM_10,3,3,2,60-69,Male
1460,IMM_1,1,3,1,40-49,Male
1460,IMM_2,1,3,1,40-49,Male
1460,IMM_9,1,3,1,40-49,Male
1460,IMM_5,0,3,1,40-49,Male
1460,IMM_3,4,3,1,40-49,Male
1460,IMM_4,1,3,1,40-49,Male
1460,IMM_6,4,3,1,40-49,Male
1460,IMM_7,1,3,1,40-49,Male
1460,IMM_8,1,3,1,40-49,Male
1460,IMM_10,1,3,1,40-49,Male
1461,IMM_10,3,3,7,30-39,Male
1461,IMM_2,3,3,7,30-39,Male
1461,IMM_9,1,3,7,30-39,Male
1461,IMM_7,2,3,7,30-39,Male
1461,IMM_4,3,3,7,30-39,Male
1461,IMM_6,1,3,7,30-39,Male
1461,IMM_1,1,3,7,30-39,Male
1461,IMM_5,3,3,7,30-39,Male
1461,IMM_8,3,3,7,30-39,Male
1461,IMM_3,1,3,7,30-39,Male
1469,IMM_8,4,3,3,30-39,Male
1469,IMM_5,2,3,3,30-39,Male
1469,IMM_10,4,3,3,30-39,Male
1469,IMM_1,2,3,3,30-39,Male
1469,IMM_9,4,3,3,30-39,Male
1469,IMM_7,2,3,3,30-39,Male
1469,IMM_3,3,3,3,30-39,Male
1469,IMM_4,3,3,3,30-39,Male
1469,IMM_2,4,3,3,30-39,Male
1469,IMM_6,1,3,3,30-39,Male
1473,IMM_2,3,3,1,60-69,Male
1473,IMM_5,1,3,1,60-69,Male
1473,IMM_3,3,3,1,60-69,Male
1473,IMM_4,1,3,1,60-69,Male
1473,IMM_8,3,3,1,60-69,Male
1473,IMM_6,3,3,1,60-69,Male
1473,IMM_7,2,3,1,60-69,Male
1473,IMM_1,3,3,1,60-69,Male
1473,IMM_10,3,3,1,60-69,Male
1473,IMM_9,3,3,1,60-69,Male
1484,IMM_6,4,3,3,60-69,Male
1484,IMM_4,4,3,3,60-69,Male
1484,IMM_1,1,3,3,60-69,Male
1484,IMM_2,4,3,3,60-69,Male
1484,IMM_10,3,3,3,60-69,Male
1484,IMM_9,3,3,3,60-69,Male
1484,IMM_7,0,3,3,60-69,Male
1484,IMM_3,4,3,3,60-69,Male
1484,IMM_8,4,3,3,60-69,Male
1484,IMM_5,1,3,3,60-69,Male
1485,IMM_2,2,3,3,40-49,Female
1485,IMM_7,2,3,3,40-49,Female
1485,IMM_4,2,3,3,40-49,Female
1485,IMM_1,3,3,3,40-49,Female
1485,IMM_5,1,3,3,40-49,Female
1485,IMM_6,2,3,3,40-49,Female
1485,IMM_9,2,3,3,40-49,Female
1485,IMM_10,2,3,3,40-49,Female
1485,IMM_8,2,3,3,40-49,Female
1485,IMM_3,2,3,3,40-49,Female
1506,IMM_6,3,3,3,60-69,Male
1506,IMM_7,0,3,3,60-69,Male
1506,IMM_10,3,3,3,60-69,Male
1506,IMM_4,1,3,3,60-69,Male
1506,IMM_1,0,3,3,60-69,Male
1506,IMM_3,4,3,3,60-69,Male
1506,IMM_5,0,3,3,60-69,Male
1506,IMM_8,3,3,3,60-69,Male
1506,IMM_2,4,3,3,60-69,Male
1506,IMM_9,3,3,3,60-69,Male
1511,IMM_6,2,3,3,30-39,Male
1511,IMM_9,3,3,3,30-39,Male
1511,IMM_10,3,3,3,30-39,Male
1511,IMM_1,1,3,3,30-39,Male
1511,IMM_8,2,3,3,30-39,Male
1511,IMM_2,1,3,3,30-39,Male
1511,IMM_5,2,3,3,30-39,Male
1511,IMM_4,2,3,3,30-39,Male
1511,IMM_3,4,3,3,30-39,Male
1511,IMM_7,2,3,3,30-39,Male
1518,IMM_2,1,3,2,18-29,Male
1518,IMM_8,3,3,2,18-29,Male
1518,IMM_4,1,3,2,18-29,Male
1518,IMM_1,0,3,2,18-29,Male
1518,IMM_9,2,3,2,18-29,Male
1518,IMM_7,0,3,2,18-29,Male
1518,IMM_3,4,3,2,18-29,Male
1518,IMM_10,1,3,2,18-29,Male
1518,IMM_5,0,3,2,18-29,Male
1518,IMM_6,3,3,2,18-29,Male
1527,IMM_4,0,3,1,70-79,Male
1527,IMM_1,0,3,1,70-79,Male
1527,IMM_7,0,3,1,70-79,Male
1527,IMM_3,4,3,1,70-79,Male
1527,IMM_5,0,3,1,70-79,Male
1527,IMM_2,0,3,1,70-79,Male
1527,IMM_8,4,3,1,70-79,Male
1527,IMM_6,4,3,1,70-79,Male
1527,IMM_9,2,3,1,70-79,Male
1527,IMM_10,4,3,1,70-79,Male
1529,IMM_3,0,3,6,60-69,Male
1529,IMM_2,3,3,6,60-69,Male
1529,IMM_9,4,3,6,60-69,Male
1529,IMM_10,2,3,6,60-69,Male
1529,IMM_7,4,3,6,60-69,Male
1529,IMM_6,3,3,6,60-69,Male
1529,IMM_4,0,3,6,60-69,Male
1529,IMM_8,2,3,6,60-69,Male
1529,IMM_5,4,3,6,60-69,Male
1529,IMM_1,2,3,6,60-69,Male
1543,IMM_9,2,3,3,70-79,Male
1543,IMM_10,1,3,3,70-79,Male
1543,IMM_8,4,3,3,70-79,Male
1543,IMM_1,1,3,3,70-79,Male
1543,IMM_7,1,3,3,70-79,Male
1543,IMM_6,4,3,3,70-79,Male
1543,IMM_4,1,3,3,70-79,Male
1543,IMM_5,1,3,3,70-79,Male
1543,IMM_2,2,3,3,70-79,Male
1543,IMM_3,4,3,3,70-79,Male
1550,IMM_3,4,3,2,50-59,Male
1550,IMM_1,0,3,2,50-59,Male
1550,IMM_2,1,3,2,50-59,Male
1550,IMM_4,1,3,2,50-59,Male
1550,IMM_8,3,3,2,50-59,Male
1550,IMM_10,4,3,2,50-59,Male
1550,IMM_6,3,3,2,50-59,Male
1550,IMM_5,0,3,2,50-59,Male
1550,IMM_9,4,3,2,50-59,Male
1550,IMM_7,0,3,2,50-59,Male
1561,IMM_4,3,3,3,70-79,Male
1561,IMM_10,1,3,3,70-79,Male
1561,IMM_7,1,3,3,70-79,Male
1561,IMM_1,1,3,3,70-79,Male
1561,IMM_2,2,3,3,70-79,Male
1561,IMM_6,4,3,3,70-79,Male
1561,IMM_3,4,3,3,70-79,Male
1561,IMM_5,1,3,3,70-79,Male
1561,IMM_8,1,3,3,70-79,Male
1561,IMM_9,2,3,3,70-79,Male
1562,IMM_2,3,3,3,70-79,Male
1562,IMM_9,4,3,3,70-79,Male
1562,IMM_4,1,3,3,70-79,Male
1562,IMM_6,3,3,3,70-79,Male
1562,IMM_1,1,3,3,70-79,Male
1562,IMM_10,4,3,3,70-79,Male
1562,IMM_5,0,3,3,70-79,Male
1562,IMM_7,0,3,3,70-79,Male
1562,IMM_3,1,3,3,70-79,Male
1562,IMM_8,1,3,3,70-79,Male
1587,IMM_2,4,3,1,60-69,Male
1587,IMM_3,4,3,1,60-69,Male
1587,IMM_9,1,3,1,60-69,Male
1587,IMM_5,0,3,1,60-69,Male
1587,IMM_8,4,3,1,60-69,Male
1587,IMM_1,0,3,1,60-69,Male
1587,IMM_4,2,3,1,60-69,Male
1587,IMM_7,0,3,1,60-69,Male
1587,IMM_6,3,3,1,60-69,Male
1587,IMM_10,4,3,1,60-69,Male
1624,IMM_3,4,3,3,60-69,Male
1624,IMM_10,3,3,3,60-69,Male
1624,IMM_9,4,3,3,60-69,Male
1624,IMM_5,0,3,3,60-69,Male
1624,IMM_7,0,3,3,60-69,Male
1624,IMM_4,2,3,3,60-69,Male
1624,IMM_1,0,3,3,60-69,Male
1624,IMM_2,1,3,3,60-69,Male
1624,IMM_8,4,3,3,60-69,Male
1624,IMM_6,3,3,3,60-69,Male
1634,IMM_4,2,3,1,50-59,Male
1634,IMM_8,3,3,1,50-59,Male
1634,IMM_2,3,3,1,50-59,Male
1634,IMM_3,1,3,1,50-59,Male
1634,IMM_6,1,3,1,50-59,Male
1634,IMM_9,1,3,1,50-59,Male
1634,IMM_10,2,3,1,50-59,Male
1634,IMM_1,2,3,1,50-59,Male
1634,IMM_7,2,3,1,50-59,Male
1634,IMM_5,2,3,1,50-59,Male
1661,IMM_5,1,3,2,40-49,Male
1661,IMM_7,2,3,2,40-49,Male
1661,IMM_8,4,3,2,40-49,Male
1661,IMM_2,3,3,2,40-49,Male
1661,IMM_4,3,3,2,40-49,Male
1661,IMM_9,4,3,2,40-49,Male
1661,IMM_6,3,3,2,40-49,Male
1661,IMM_10,4,3,2,40-49,Male
1661,IMM_1,2,3,2,40-49,Male
1661,IMM_3,3,3,2,40-49,Male
1670,IMM_7,1,3,2,60-69,Male
1670,IMM_9,2,3,2,60-69,Male
1670,IMM_3,4,3,2,60-69,Male
1670,IMM_10,4,3,2,60-69,Male
1670,IMM_4,1,3,2,60-69,Male
1670,IMM_5,0,3,2,60-69,Male
1670,IMM_8,4,3,2,60-69,Male
1670,IMM_1,0,3,2,60-69,Male
1670,IMM_2,2,3,2,60-69,Male
1670,IMM_6,3,3,2,60-69,Male
1671,IMM_1,3,3,2,40-49,Male
1671,IMM_9,3,3,2,40-49,Male
1671,IMM_2,3,3,2,40-49,Male
1671,IMM_3,0,3,2,40-49,Male
1671,IMM_5,3,3,2,40-49,Male
1671,IMM_10,3,3,2,40-49,Male
1671,IMM_6,3,3,2,40-49,Male
1671,IMM_8,4,3,2,40-49,Male
1671,IMM_4,2,3,2,40-49,Male
1671,IMM_7,2,3,2,40-49,Male
1700,IMM_1,1,3,2,50-59,Male
1700,IMM_4,1,3,2,50-59,Male
1700,IMM_7,2,3,2,50-59,Male
1700,IMM_9,3,3,2,50-59,Male
1700,IMM_2,3,3,2,50-59,Male
1700,IMM_8,4,3,2,50-59,Male
1700,IMM_10,3,3,2,50-59,Male
1700,IMM_3,3,3,2,50-59,Male
1700,IMM_6,3,3,2,50-59,Male
1700,IMM_5,1,3,2,50-59,Male
1702,IMM_5,1,3,1,40-49,Female
1702,IMM_8,3,3,1,40-49,Female
1702,IMM_2,3,3,1,40-49,Female
1702,IMM_1,3,3,1,40-49,Female
1702,IMM_9,3,3,1,40-49,Female
1702,IMM_6,3,3,1,40-49,Female
1702,IMM_7,0,3,1,40-49,Female
1702,IMM_10,2,3,1,40-49,Female
1702,IMM_3,3,3,1,40-49,Female
1702,IMM_4,3,3,1,40-49,Female
1704,IMM_6,2,3,6,30-39,Male
1704,IMM_10,2,3,6,30-39,Male
1704,IMM_8,3,3,6,30-39,Male
1704,IMM_4,1,3,6,30-39,Male
1704,IMM_2,1,3,6,30-39,Male
1704,IMM_5,3,3,6,30-39,Male
1704,IMM_1,1,3,6,30-39,Male
1704,IMM_3,3,3,6,30-39,Male
1704,IMM_9,3,3,6,30-39,Male
1704,IMM_7,3,3,6,30-39,Male
1705,IMM_10,2,3,2,18-29,Female
1705,IMM_6,4,3,2,18-29,Female
1705,IMM_3,4,3,2,18-29,Female
1705,IMM_8,2,3,2,18-29,Female
1705,IMM_9,2,3,2,18-29,Female
1705,IMM_1,0,3,2,18-29,Female
1705,IMM_7,1,3,2,18-29,Female
1705,IMM_2,3,3,2,18-29,Female
1705,IMM_4,1,3,2,18-29,Female
1705,IMM_5,0,3,2,18-29,Female
1711,IMM_5,0,3,3,60-69,Female
1711,IMM_10,4,3,3,60-69,Female
1711,IMM_9,4,3,3,60-69,Female
1711,IMM_7,0,3,3,60-69,Female
1711,IMM_8,3,3,3,60-69,Female
1711,IMM_6,3,3,3,60-69,Female
1711,IMM_4,2,3,3,60-69,Female
1711,IMM_2,2,3,3,60-69,Female
1711,IMM_3,3,3,3,60-69,Female
1711,IMM_1,3,3,3,60-69,Female
1719,IMM_3,1,3,1,30-39,Male
1719,IMM_8,4,3,1,30-39,Male
1719,IMM_2,4,3,1,30-39,Male
1719,IMM_1,4,3,1,30-39,Male
1719,IMM_6,4,3,1,30-39,Male
1719,IMM_5,3,3,1,30-39,Male
1719,IMM_10,4,3,1,30-39,Male
1719,IMM_7,4,3,1,30-39,Male
1719,IMM_4,4,3,1,30-39,Male
1719,IMM_9,4,3,1,30-39,Male
1725,IMM_2,2,3,5,40-49,Female
1725,IMM_3,1,3,5,40-49,Female
1725,IMM_7,1,3,5,40-49,Female
1725,IMM_5,3,3,5,40-49,Female
1725,IMM_10,3,3,5,40-49,Female
1725,IMM_9,2,3,5,40-49,Female
1725,IMM_8,3,3,5,40-49,Female
1725,IMM_4,3,3,5,40-49,Female
1725,IMM_1,3,3,5,40-49,Female
1725,IMM_6,4,3,5,40-49,Female
1728,IMM_2,1,3,2,40-49,Female
1728,IMM_9,3,3,2,40-49,Female
1728,IMM_4,1,3,2,40-49,Female
1728,IMM_3,3,3,2,40-49,Female
1728,IMM_6,3,3,2,40-49,Female
1728,IMM_8,2,3,2,40-49,Female
1728,IMM_10,3,3,2,40-49,Female
1728,IMM_1,1,3,2,40-49,Female
1728,IMM_5,0,3,2,40-49,Female
1728,IMM_7,0,3,2,40-49,Female
1733,IMM_1,1,3,7,30-39,Male
1733,IMM_3,1,3,7,30-39,Male
1733,IMM_9,3,3,7,30-39,Male
1733,IMM_2,3,3,7,30-39,Male
1733,IMM_7,3,3,7,30-39,Male
1733,IMM_10,2,3,7,30-39,Male
1733,IMM_5,3,3,7,30-39,Male
1733,IMM_8,3,3,7,30-39,Male
1733,IMM_4,1,3,7,30-39,Male
1733,IMM_6,3,3,7,30-39,Male
1735,IMM_9,2,3,1,60-69,Male
1735,IMM_4,3,3,1,60-69,Male
1735,IMM_1,1,3,1,60-69,Male
1735,IMM_3,4,3,1,60-69,Male
1735,IMM_10,3,3,1,60-69,Male
1735,IMM_6,3,3,1,60-69,Male
1735,IMM_7,1,3,1,60-69,Male
1735,IMM_8,3,3,1,60-69,Male
1735,IMM_5,1,3,1,60-69,Male
1735,IMM_2,1,3,1,60-69,Male
1738,IMM_5,0,3,2,30-39,Female
1738,IMM_10,4,3,2,30-39,Female
1738,IMM_8,3,3,2,30-39,Female
1738,IMM_7,1,3,2,30-39,Female
1738,IMM_9,1,3,2,30-39,Female
1738,IMM_3,4,3,2,30-39,Female
1738,IMM_1,1,3,2,30-39,Female
1738,IMM_4,1,3,2,30-39,Female
1738,IMM_2,3,3,2,30-39,Female
1738,IMM_6,1,3,2,30-39,Female
1741,IMM_6,2,3,3,40-49,Female
1741,IMM_9,1,3,3,40-49,Female
1741,IMM_4,1,3,3,40-49,Female
1741,IMM_5,3,3,3,40-49,Female
1741,IMM_10,3,3,3,40-49,Female
1741,IMM_3,3,3,3,40-49,Female
1741,IMM_8,4,3,3,40-49,Female
1741,IMM_2,1,3,3,40-49,Female
1741,IMM_1,3,3,3,40-49,Female
1741,IMM_7,1,3,3,40-49,Female
1744,IMM_7,2,3,2,50-59,Female
1744,IMM_2,2,3,2,50-59,Female
1744,IMM_6,4,3,2,50-59,Female
1744,IMM_3,4,3,2,50-59,Female
1744,IMM_4,2,3,2,50-59,Female
1744,IMM_8,3,3,2,50-59,Female
1744,IMM_5,0,3,2,50-59,Female
1744,IMM_1,2,3,2,50-59,Female
1744,IMM_9,2,3,2,50-59,Female
1744,IMM_10,2,3,2,50-59,Female
1764,IMM_4,3,3,6,60-69,Female
1764,IMM_7,1,3,6,60-69,Female
1764,IMM_8,4,3,6,60-69,Female
1764,IMM_3,4,3,6,60-69,Female
1764,IMM_10,0,3,6,60-69,Female
1764,IMM_5,1,3,6,60-69,Female
1764,IMM_1,3,3,6,60-69,Female
1764,IMM_9,3,3,6,60-69,Female
1764,IMM_6,2,3,6,60-69,Female
1764,IMM_2,1,3,6,60-69,Female
1769,IMM_5,1,3,1,60-69,Male
1769,IMM_9,3,3,1,60-69,Male
1769,IMM_1,0,3,1,60-69,Male
1769,IMM_8,3,3,1,60-69,Male
1769,IMM_7,0,3,1,60-69,Male
1769,IMM_3,4,3,1,60-69,Male
1769,IMM_2,3,3,1,60-69,Male
1769,IMM_4,1,3,1,60-69,Male
1769,IMM_10,3,3,1,60-69,Male
1769,IMM_6,3,3,1,60-69,Male
1796,IMM_8,3,3,2,30-39,Male
1796,IMM_6,2,3,2,30-39,Male
1796,IMM_3,4,3,2,30-39,Male
1796,IMM_7,1,3,2,30-39,Male
1796,IMM_2,2,3,2,30-39,Male
1796,IMM_9,3,3,2,30-39,Male
1796,IMM_4,2,3,2,30-39,Male
1796,IMM_10,2,3,2,30-39,Male
1796,IMM_1,1,3,2,30-39,Male
1796,IMM_5,1,3,2,30-39,Male
1816,IMM_4,1,3,3,60-69,Male
1816,IMM_2,2,3,3,60-69,Male
1816,IMM_10,3,3,3,60-69,Male
1816,IMM_8,4,3,3,60-69,Male
1816,IMM_1,1,3,3,60-69,Male
1816,IMM_3,4,3,3,60-69,Male
1816,IMM_5,0,3,3,60-69,Male
1816,IMM_7,1,3,3,60-69,Male
1816,IMM_9,3,3,3,60-69,Male
1816,IMM_6,3,3,3,60-69,Male
1819,IMM_4,1,3,1,70-79,Male
1819,IMM_6,4,3,1,70-79,Male
1819,IMM_10,3,3,1,70-79,Male
1819,IMM_7,0,3,1,70-79,Male
1819,IMM_3,4,3,1,70-79,Male
1819,IMM_2,4,3,1,70-79,Male
1819,IMM_8,4,3,1,70-79,Male
1819,IMM_9,1,3,1,70-79,Male
1819,IMM_5,0,3,1,70-79,Male
1819,IMM_1,2,3,1,70-79,Male
1822,IMM_9,3,3,2,40-49,Male
1822,IMM_7,2,3,2,40-49,Male
1822,IMM_5,0,3,2,40-49,Male
1822,IMM_6,1,3,2,40-49,Male
1822,IMM_8,1,3,2,40-49,Male
1822,IMM_10,3,3,2,40-49,Male
1822,IMM_2,3,3,2,40-49,Male
1822,IMM_4,1,3,2,40-49,Male
1822,IMM_1,1,3,2,40-49,Male
1822,IMM_3,4,3,2,40-49,Male
1826,IMM_6,3,3,2,18-29,Male
1826,IMM_10,2,3,2,18-29,Male
1826,IMM_5,1,3,2,18-29,Male
1826,IMM_9,3,3,2,18-29,Male
1826,IMM_7,2,3,2,18-29,Male
1826,IMM_8,4,3,2,18-29,Male
1826,IMM_4,2,3,2,18-29,Male
1826,IMM_3,3,3,2,18-29,Male
1826,IMM_2,3,3,2,18-29,Male
1826,IMM_1,3,3,2,18-29,Male
1833,IMM_10,3,3,2,70-79,Male
1833,IMM_9,4,3,2,70-79,Male
1833,IMM_7,3,3,2,70-79,Male
1833,IMM_4,3,3,2,70-79,Male
1833,IMM_3,1,3,2,70-79,Male
1833,IMM_2,4,3,2,70-79,Male
1833,IMM_6,4,3,2,70-79,Male
1833,IMM_8,3,3,2,70-79,Male
1833,IMM_1,2,3,2,70-79,Male
1833,IMM_5,1,3,2,70-79,Male
1850,IMM_8,3,3,3,60-69,Male
1850,IMM_9,3,3,3,60-69,Male
1850,IMM_5,0,3,3,60-69,Male
1850,IMM_3,4,3,3,60-69,Male
1850,IMM_1,0,3,3,60-69,Male
1850,IMM_7,0,3,3,60-69,Male
1850,IMM_10,4,3,3,60-69,Male
1850,IMM_6,3,3,3,60-69,Male
1850,IMM_2,2,3,3,60-69,Male
1850,IMM_4,2,3,3,60-69,Male
1851,IMM_2,2,3,1,70-79,Male
1851,IMM_10,3,3,1,70-79,Male
1851,IMM_8,3,3,1,70-79,Male
1851,IMM_3,4,3,1,70-79,Male
1851,IMM_9,2,3,1,70-79,Male
1851,IMM_6,2,3,1,70-79,Male
1851,IMM_1,1,3,1,70-79,Male
1851,IMM_5,2,3,1,70-79,Male
1851,IMM_7,0,3,1,70-79,Male
1851,IMM_4,1,3,1,70-79,Male
1852,IMM_4,0,3,2,60-69,Male
1852,IMM_3,4,3,2,60-69,Male
1852,IMM_1,4,3,2,60-69,Male
1852,IMM_8,3,3,2,60-69,Male
1852,IMM_5,2,3,2,60-69,Male
1852,IMM_2,1,3,2,60-69,Male
1852,IMM_10,2,3,2,60-69,Male
1852,IMM_9,3,3,2,60-69,Male
1852,IMM_7,3,3,2,60-69,Male
1852,IMM_6,1,3,2,60-69,Male
1853,IMM_8,3,3,2,70-79,Male
1853,IMM_10,4,3,2,70-79,Male
1853,IMM_2,3,3,2,70-79,Male
1853,IMM_9,3,3,2,70-79,Male
1853,IMM_4,1,3,2,70-79,Male
1853,IMM_3,3,3,2,70-79,Male
1853,IMM_6,3,3,2,70-79,Male
1853,IMM_7,1,3,2,70-79,Male
1853,IMM_5,0,3,2,70-79,Male
1853,IMM_1,0,3,2,70-79,Male
1856,IMM_8,4,3,2,40-49,Male
1856,IMM_5,4,3,2,40-49,Male
1856,IMM_4,3,3,2,40-49,Male
1856,IMM_7,0,3,2,40-49,Male
1856,IMM_2,4,3,2,40-49,Male
1856,IMM_9,2,3,2,40-49,Male
1856,IMM_3,0,3,2,40-49,Male
1856,IMM_10,3,3,2,40-49,Male
1856,IMM_6,1,3,2,40-49,Male
1856,IMM_1,0,3,2,40-49,Male
1898,IMM_6,3,3,5,50-59,Male
1898,IMM_5,3,3,5,50-59,Male
1898,IMM_9,3,3,5,50-59,Male
1898,IMM_7,2,3,5,50-59,Male
1898,IMM_10,3,3,5,50-59,Male
1898,IMM_8,2,3,5,50-59,Male
1898,IMM_1,3,3,5,50-59,Male
1898,IMM_4,3,3,5,50-59,Male
1898,IMM_3,3,3,5,50-59,Male
1898,IMM_2,1,3,5,50-59,Male
1909,IMM_3,4,3,3,70-79,Male
1909,IMM_7,2,3,3,70-79,Male
1909,IMM_8,3,3,3,70-79,Male
1909,IMM_1,3,3,3,70-79,Male
1909,IMM_6,4,3,3,70-79,Male
1909,IMM_10,3,3,3,70-79,Male
1909,IMM_4,1,3,3,70-79,Male
1909,IMM_2,3,3,3,70-79,Male
1909,IMM_5,0,3,3,70-79,Male
1909,IMM_9,1,3,3,70-79,Male
1922,IMM_1,1,3,3,30-39,Male
1922,IMM_3,4,3,3,30-39,Male
1922,IMM_4,0,3,3,30-39,Male
1922,IMM_9,3,3,3,30-39,Male
1922,IMM_8,3,3,3,30-39,Male
1922,IMM_5,4,3,3,30-39,Male
1922,IMM_6,3,3,3,30-39,Male
1922,IMM_2,3,3,3,30-39,Male
1922,IMM_10,1,3,3,30-39,Male
1922,IMM_7,2,3,3,30-39,Male
1929,IMM_4,0,3,1,60-69,Male
1929,IMM_8,4,3,1,60-69,Male
1929,IMM_3,4,3,1,60-69,Male
1929,IMM_9,4,3,1,60-69,Male
1929,IMM_5,0,3,1,60-69,Male
1929,IMM_7,0,3,1,60-69,Male
1929,IMM_1,0,3,1,60-69,Male
1929,IMM_10,4,3,1,60-69,Male
1929,IMM_6,3,3,1,60-69,Male
1929,IMM_2,3,3,1,60-69,Male
1937,IMM_2,2,3,3,30-39,Male
1937,IMM_6,3,3,3,30-39,Male
1937,IMM_7,1,3,3,30-39,Male
1937,IMM_4,1,3,3,30-39,Male
1937,IMM_10,1,3,3,30-39,Male
1937,IMM_3,4,3,3,30-39,Male
1937,IMM_5,0,3,3,30-39,Male
1937,IMM_1,2,3,3,30-39,Male
1937,IMM_9,4,3,3,30-39,Male
1937,IMM_8,3,3,3,30-39,Male
1951,IMM_8,2,3,2,40-49,Male
1951,IMM_3,3,3,2,40-49,Male
1951,IMM_4,1,3,2,40-49,Male
1951,IMM_5,1,3,2,40-49,Male
1951,IMM_6,4,3,2,40-49,Male
1951,IMM_2,3,3,2,40-49,Male
1951,IMM_1,2,3,2,40-49,Male
1951,IMM_10,1,3,2,40-49,Male
1951,IMM_9,2,3,2,40-49,Male
1951,IMM_7,2,3,2,40-49,Male
1958,IMM_2,4,3,3,60-69,Male
1958,IMM_10,4,3,3,60-69,Male
1958,IMM_9,4,3,3,60-69,Male
1958,IMM_4,0,3,3,60-69,Male
1958,IMM_7,0,3,3,60-69,Male
1958,IMM_1,0,3,3,60-69,Male
1958,IMM_3,4,3,3,60-69,Male
1958,IMM_5,0,3,3,60-69,Male
1958,IMM_8,3,3,3,60-69,Male
1958,IMM_6,3,3,3,60-69,Male
1968,IMM_5,0,3,2,50-59,Male
1968,IMM_9,3,3,2,50-59,Male
1968,IMM_7,0,3,2,50-59,Male
1968,IMM_4,0,3,2,50-59,Male
1968,IMM_2,4,3,2,50-59,Male
1968,IMM_10,4,3,2,50-59,Male
1968,IMM_3,2,3,2,50-59,Male
1968,IMM_6,3,3,2,50-59,Male
1968,IMM_1,0,3,2,50-59,Male
1968,IMM_8,3,3,2,50-59,Male
2002,IMM_9,4,3,1,60-69,Male
2002,IMM_2,3,3,1,60-69,Male
2002,IMM_6,3,3,1,60-69,Male
2002,IMM_10,4,3,1,60-69,Male
2002,IMM_7,0,3,1,60-69,Male
2002,IMM_4,3,3,1,60-69,Male
2002,IMM_5,1,3,1,60-69,Male
2002,IMM_8,4,3,1,60-69,Male
2002,IMM_1,0,3,1,60-69,Male
2002,IMM_3,4,3,1,60-69,Male
2004,IMM_10,3,3,3,60-69,Male
2004,IMM_7,0,3,3,60-69,Male
2004,IMM_1,0,3,3,60-69,Male
2004,IMM_2,3,3,3,60-69,Male
2004,IMM_8,4,3,3,60-69,Male
2004,IMM_5,2,3,3,60-69,Male
2004,IMM_3,4,3,3,60-69,Male
2004,IMM_9,2,3,3,60-69,Male
2004,IMM_6,4,3,3,60-69,Male
2004,IMM_4,1,3,3,60-69,Male
2006,IMM_6,4,3,2,70-79,Male
2006,IMM_8,4,3,2,70-79,Male
2006,IMM_9,3,3,2,70-79,Male
2006,IMM_2,1,3,2,70-79,Male
2006,IMM_10,3,3,2,70-79,Male
2006,IMM_4,0,3,2,70-79,Male
2006,IMM_3,4,3,2,70-79,Male
2006,IMM_1,0,3,2,70-79,Male
2006,IMM_5,0,3,2,70-79,Male
2006,IMM_7,0,3,2,70-79,Male
2008,IMM_1,1,3,1,70-79,Male
2008,IMM_10,3,3,1,70-79,Male
2008,IMM_6,3,3,1,70-79,Male
2008,IMM_3,4,3,1,70-79,Male
2008,IMM_2,3,3,1,70-79,Male
2008,IMM_7,1,3,1,70-79,Male
2008,IMM_4,2,3,1,70-79,Male
2008,IMM_9,4,3,1,70-79,Male
2008,IMM_8,2,3,1,70-79,Male
2008,IMM_5,1,3,1,70-79,Male
2019,IMM_4,2,3,2,40-49,Male
2019,IMM_10,4,3,2,40-49,Male
2019,IMM_8,4,3,2,40-49,Male
2019,IMM_3,4,3,2,40-49,Male
2019,IMM_6,4,3,2,40-49,Male
2019,IMM_1,1,3,2,40-49,Male
2019,IMM_9,3,3,2,40-49,Male
2019,IMM_7,1,3,2,40-49,Male
2019,IMM_2,4,3,2,40-49,Male
2019,IMM_5,1,3,2,40-49,Male
2029,IMM_1,1,3,3,70-79,Male
2029,IMM_5,0,3,3,70-79,Male
2029,IMM_8,3,3,3,70-79,Male
2029,IMM_7,1,3,3,70-79,Male
2029,IMM_2,3,3,3,70-79,Male
2029,IMM_4,0,3,3,70-79,Male
2029,IMM_3,4,3,3,70-79,Male
2029,IMM_9,2,3,3,70-79,Male
2029,IMM_6,4,3,3,70-79,Male
2029,IMM_10,3,3,3,70-79,Male
2046,IMM_6,4,3,3,50-59,Male
2046,IMM_1,0,3,3,50-59,Male
2046,IMM_7,0,3,3,50-59,Male
2046,IMM_9,2,3,3,50-59,Male
2046,IMM_10,4,3,3,50-59,Male
2046,IMM_3,4,3,3,50-59,Male
2046,IMM_2,0,3,3,50-59,Male
2046,IMM_8,1,3,3,50-59,Male
2046,IMM_5,0,3,3,50-59,Male
2046,IMM_4,1,3,3,50-59,Male
2055,IMM_6,3,3,3,60-69,Male
2055,IMM_2,2,3,3,60-69,Male
2055,IMM_1,1,3,3,60-69,Male
2055,IMM_4,3,3,3,60-69,Male
2055,IMM_9,2,3,3,60-69,Male
2055,IMM_3,4,3,3,60-69,Male
2055,IMM_10,3,3,3,60-69,Male
2055,IMM_5,0,3,3,60-69,Male
2055,IMM_7,0,3,3,60-69,Male
2055,IMM_8,3,3,3,60-69,Male
2057,IMM_2,3,3,7,70-79,Male
2057,IMM_5,0,3,7,70-79,Male
2057,IMM_7,0,3,7,70-79,Male
2057,IMM_6,4,3,7,70-79,Male
2057,IMM_8,3,3,7,70-79,Male
2057,IMM_3,4,3,7,70-79,Male
2057,IMM_4,0,3,7,70-79,Male
2057,IMM_10,4,3,7,70-79,Male
2057,IMM_9,1,3,7,70-79,Male
2057,IMM_1,0,3,7,70-79,Male
2062,IMM_2,1,3,3,18-29,Male
2062,IMM_7,0,3,3,18-29,Male
2062,IMM_10,3,3,3,18-29,Male
2062,IMM_4,2,3,3,18-29,Male
2062,IMM_6,3,3,3,18-29,Male
2062,IMM_5,0,3,3,18-29,Male
2062,IMM_8,1,3,3,18-29,Male
2062,IMM_3,4,3,3,18-29,Male
2062,IMM_1,0,3,3,18-29,Male
2062,IMM_9,4,3,3,18-29,Male
2077,IMM_9,2,3,3,50-59,Male
2077,IMM_6,2,3,3,50-59,Male
2077,IMM_7,2,3,3,50-59,Male
2077,IMM_2,2,3,3,50-59,Male
2077,IMM_3,3,3,3,50-59,Male
2077,IMM_1,2,3,3,50-59,Male
2077,IMM_10,2,3,3,50-59,Male
2077,IMM_5,2,3,3,50-59,Male
2077,IMM_4,1,3,3,50-59,Male
2077,IMM_8,2,3,3,50-59,Male
2088,IMM_5,0,3,5,60-69,Male
2088,IMM_3,1,3,5,60-69,Male
2088,IMM_9,2,3,5,60-69,Male
2088,IMM_4,1,3,5,60-69,Male
2088,IMM_2,4,3,5,60-69,Male
2088,IMM_6,2,3,5,60-69,Male
2088,IMM_1,1,3,5,60-69,Male
2088,IMM_7,2,3,5,60-69,Male
2088,IMM_10,1,3,5,60-69,Male
2088,IMM_8,4,3,5,60-69,Male
2106,IMM_4,1,3,3,60-69,Male
2106,IMM_5,1,3,3,60-69,Male
2106,IMM_8,3,3,3,60-69,Male
2106,IMM_10,4,3,3,60-69,Male
2106,IMM_3,4,3,3,60-69,Male
2106,IMM_9,2,3,3,60-69,Male
2106,IMM_1,1,3,3,60-69,Male
2106,IMM_6,4,3,3,60-69,Male
2106,IMM_7,0,3,3,60-69,Male
2106,IMM_2,1,3,3,60-69,Male
2124,IMM_1,1,3,6,60-69,Male
2124,IMM_9,3,3,6,60-69,Male
2124,IMM_2,3,3,6,60-69,Male
2124,IMM_4,0,3,6,60-69,Male
2124,IMM_8,4,3,6,60-69,Male
2124,IMM_10,3,3,6,60-69,Male
2124,IMM_6,3,3,6,60-69,Male
2124,IMM_5,0,3,6,60-69,Male
2124,IMM_7,0,3,6,60-69,Male
2124,IMM_3,4,3,6,60-69,Male
2129,IMM_7,1,3,2,70-79,Male
2129,IMM_4,2,3,2,70-79,Male
2129,IMM_10,4,3,2,70-79,Male
2129,IMM_1,1,3,2,70-79,Male
2129,IMM_3,4,3,2,70-79,Male
2129,IMM_9,1,3,2,70-79,Male
2129,IMM_8,3,3,2,70-79,Male
2129,IMM_2,3,3,2,70-79,Male
2129,IMM_6,3,3,2,70-79,Male
2129,IMM_5,1,3,2,70-79,Male
2132,IMM_1,1,3,2,70-79,Male
2132,IMM_5,1,3,2,70-79,Male
2132,IMM_6,4,3,2,70-79,Male
2132,IMM_7,2,3,2,70-79,Male
2132,IMM_2,0,3,2,70-79,Male
2132,IMM_9,1,3,2,70-79,Male
2132,IMM_10,3,3,2,70-79,Male
2132,IMM_4,3,3,2,70-79,Male
2132,IMM_3,3,3,2,70-79,Male
2132,IMM_8,4,3,2,70-79,Male
2137,IMM_5,0,3,1,60-69,Male
2137,IMM_10,3,3,1,60-69,Male
2137,IMM_4,2,3,1,60-69,Male
2137,IMM_8,4,3,1,60-69,Male
2137,IMM_7,3,3,1,60-69,Male
2137,IMM_2,3,3,1,60-69,Male
2137,IMM_6,1,3,1,60-69,Male
2137,IMM_1,0,3,1,60-69,Male
2137,IMM_3,4,3,1,60-69,Male
2137,IMM_9,2,3,1,60-69,Male
2144,IMM_1,1,3,3,40-49,Male
2144,IMM_10,3,3,3,40-49,Male
2144,IMM_5,0,3,3,40-49,Male
2144,IMM_6,3,3,3,40-49,Male
2144,IMM_2,3,3,3,40-49,Male
2144,IMM_9,2,3,3,40-49,Male
2144,IMM_3,4,3,3,40-49,Male
2144,IMM_7,0,3,3,40-49,Male
2144,IMM_8,3,3,3,40-49,Male
2144,IMM_4,0,3,3,40-49,Male
2153,IMM_8,2,3,2,40-49,Male
2153,IMM_10,1,3,2,40-49,Male
2153,IMM_4,1,3,2,40-49,Male
2153,IMM_9,1,3,2,40-49,Male
2153,IMM_1,3,3,2,40-49,Male
2153,IMM_2,2,3,2,40-49,Male
2153,IMM_6,2,3,2,40-49,Male
2153,IMM_3,1,3,2,40-49,Male
2153,IMM_5,1,3,2,40-49,Male
2153,IMM_7,2,3,2,40-49,Male
2155,IMM_10,3,3,3,30-39,Male
2155,IMM_3,4,3,3,30-39,Male
2155,IMM_8,3,3,3,30-39,Male
2155,IMM_4,1,3,3,30-39,Male
2155,IMM_9,3,3,3,30-39,Male
2155,IMM_2,2,3,3,30-39,Male
2155,IMM_1,0,3,3,30-39,Male
2155,IMM_5,1,3,3,30-39,Male
2155,IMM_6,3,3,3,30-39,Male
2155,IMM_7,0,3,3,30-39,Male
2158,IMM_2,3,3,1,70-79,Male
2158,IMM_7,0,3,1,70-79,Male
2158,IMM_4,1,3,1,70-79,Male
2158,IMM_9,2,3,1,70-79,Male
2158,IMM_3,3,3,1,70-79,Male
2158,IMM_6,3,3,1,70-79,Male
2158,IMM_1,2,3,1,70-79,Male
2158,IMM_5,1,3,1,70-79,Male
2158,IMM_8,3,3,1,70-79,Male
2158,IMM_10,2,3,1,70-79,Male
2193,IMM_9,1,3,2,60-69,Male
2193,IMM_8,3,3,2,60-69,Male
2193,IMM_5,0,3,2,60-69,Male
2193,IMM_3,0,3,2,60-69,Male
2193,IMM_1,0,3,2,60-69,Male
2193,IMM_7,0,3,2,60-69,Male
2193,IMM_10,1,3,2,60-69,Male
2193,IMM_2,2,3,2,60-69,Male
2193,IMM_6,0,3,2,60-69,Male
2193,IMM_4,0,3,2,60-69,Male
2205,IMM_4,3,3,3,30-39,Male
2205,IMM_10,3,3,3,30-39,Male
2205,IMM_1,1,3,3,30-39,Male
2205,IMM_7,2,3,3,30-39,Male
2205,IMM_8,4,3,3,30-39,Male
2205,IMM_5,0,3,3,30-39,Male
2205,IMM_9,4,3,3,30-39,Male
2205,IMM_2,4,3,3,30-39,Male
2205,IMM_6,4,3,3,30-39,Male
2205,IMM_3,4,3,3,30-39,Male
2222,IMM_10,4,3,2,18-29,Male
2222,IMM_6,2,3,2,18-29,Male
2222,IMM_5,0,3,2,18-29,Male
2222,IMM_9,3,3,2,18-29,Male
2222,IMM_8,3,3,2,18-29,Male
2222,IMM_1,1,3,2,18-29,Male
2222,IMM_4,2,3,2,18-29,Male
2222,IMM_2,2,3,2,18-29,Male
2222,IMM_3,3,3,2,18-29,Male
2222,IMM_7,1,3,2,18-29,Male
2223,IMM_9,2,3,3,40-49,Male
2223,IMM_1,3,3,3,40-49,Male
2223,IMM_2,2,3,3,40-49,Male
2223,IMM_10,1,3,3,40-49,Male
2223,IMM_4,2,3,3,40-49,Male
2223,IMM_3,3,3,3,40-49,Male
2223,IMM_6,2,3,3,40-49,Male
2223,IMM_7,2,3,3,40-49,Male
2223,IMM_5,0,3,3,40-49,Male
2223,IMM_8,3,3,3,40-49,Male
2237,IMM_8,3,3,3,18-29,Male
2237,IMM_4,2,3,3,18-29,Male
2237,IMM_9,3,3,3,18-29,Male
2237,IMM_2,1,3,3,18-29,Male
2237,IMM_6,2,3,3,18-29,Male
2237,IMM_1,0,3,3,18-29,Male
2237,IMM_10,4,3,3,18-29,Male
2237,IMM_5,2,3,3,18-29,Male
2237,IMM_3,4,3,3,18-29,Male
2237,IMM_7,0,3,3,18-29,Male
2253,IMM_2,3,3,2,40-49,Male
2253,IMM_9,2,3,2,40-49,Male
2253,IMM_8,2,3,2,40-49,Male
2253,IMM_10,2,3,2,40-49,Male
2253,IMM_5,1,3,2,40-49,Male
2253,IMM_4,1,3,2,40-49,Male
2253,IMM_7,1,3,2,40-49,Male
2253,IMM_6,1,3,2,40-49,Male
2253,IMM_1,1,3,2,40-49,Male
2253,IMM_3,2,3,2,40-49,Male
2281,IMM_5,0,3,3,60-69,Male
2281,IMM_8,4,3,3,60-69,Male
2281,IMM_1,1,3,3,60-69,Male
2281,IMM_4,1,3,3,60-69,Male
2281,IMM_9,4,3,3,60-69,Male
2281,IMM_7,0,3,3,60-69,Male
2281,IMM_2,3,3,3,60-69,Male
2281,IMM_10,3,3,3,60-69,Male
2281,IMM_6,3,3,3,60-69,Male
2281,IMM_3,4,3,3,60-69,Male
2303,IMM_6,2,3,2,30-39,Male
2303,IMM_8,3,3,2,30-39,Male
2303,IMM_10,4,3,2,30-39,Male
2303,IMM_2,3,3,2,30-39,Male
2303,IMM_7,0,3,2,30-39,Male
2303,IMM_5,0,3,2,30-39,Male
2303,IMM_1,1,3,2,30-39,Male
2303,IMM_9,3,3,2,30-39,Male
2303,IMM_4,1,3,2,30-39,Male
2303,IMM_3,4,3,2,30-39,Male
2312,IMM_2,4,3,5,70-79,Male
2312,IMM_6,1,3,5,70-79,Male
2312,IMM_10,1,3,5,70-79,Male
2312,IMM_3,0,3,5,70-79,Male
2312,IMM_4,3,3,5,70-79,Male
2312,IMM_1,1,3,5,70-79,Male
2312,IMM_7,2,3,5,70-79,Male
2312,IMM_5,3,3,5,70-79,Male
2312,IMM_9,3,3,5,70-79,Male
2312,IMM_8,3,3,5,70-79,Male
2313,IMM_1,0,3,2,70-79,Male
2313,IMM_5,1,3,2,70-79,Male
2313,IMM_7,0,3,2,70-79,Male
2313,IMM_9,4,3,2,70-79,Male
2313,IMM_3,4,3,2,70-79,Male
2313,IMM_4,1,3,2,70-79,Male
2313,IMM_10,4,3,2,70-79,Male
2313,IMM_6,4,3,2,70-79,Male
2313,IMM_2,3,3,2,70-79,Male
2313,IMM_8,3,3,2,70-79,Male
2318,IMM_3,3,3,1,70-79,Male
2318,IMM_9,2,3,1,70-79,Male
2318,IMM_2,3,3,1,70-79,Male
2318,IMM_7,2,3,1,70-79,Male
2318,IMM_1,3,3,1,70-79,Male
2318,IMM_4,1,3,1,70-79,Male
2318,IMM_8,3,3,1,70-79,Male
2318,IMM_6,3,3,1,70-79,Male
2318,IMM_5,1,3,1,70-79,Male
2318,IMM_10,3,3,1,70-79,Male
2321,IMM_3,4,3,2,70-79,Male
2321,IMM_9,3,3,2,70-79,Male
2321,IMM_1,0,3,2,70-79,Male
2321,IMM_5,0,3,2,70-79,Male
2321,IMM_4,2,3,2,70-79,Male
2321,IMM_6,2,3,2,70-79,Male
2321,IMM_10,4,3,2,70-79,Male
2321,IMM_8,3,3,2,70-79,Male
2321,IMM_7,1,3,2,70-79,Male
2321,IMM_2,2,3,2,70-79,Male
2392,IMM_7,2,3,3,70-79,Male
2392,IMM_3,4,3,3,70-79,Male
2392,IMM_2,3,3,3,70-79,Male
2392,IMM_5,1,3,3,70-79,Male
2392,IMM_10,3,3,3,70-79,Male
2392,IMM_4,2,3,3,70-79,Male
2392,IMM_1,3,3,3,70-79,Male
2392,IMM_9,1,3,3,70-79,Male
2392,IMM_6,3,3,3,70-79,Male
2392,IMM_8,3,3,3,70-79,Male
2403,IMM_7,0,3,2,30-39,Male
2403,IMM_10,4,3,2,30-39,Male
2403,IMM_1,1,3,2,30-39,Male
2403,IMM_2,2,3,2,30-39,Male
2403,IMM_3,4,3,2,30-39,Male
2403,IMM_4,1,3,2,30-39,Male
2403,IMM_5,1,3,2,30-39,Male
2403,IMM_9,4,3,2,30-39,Male
2403,IMM_6,3,3,2,30-39,Male
2403,IMM_8,4,3,2,30-39,Male
2406,IMM_1,1,3,2,40-49,Male
2406,IMM_6,3,3,2,40-49,Male
2406,IMM_4,3,3,2,40-49,Male
2406,IMM_5,1,3,2,40-49,Male
2406,IMM_2,1,3,2,40-49,Male
2406,IMM_3,4,3,2,40-49,Male
2406,IMM_10,3,3,2,40-49,Male
2406,IMM_8,3,3,2,40-49,Male
2406,IMM_9,2,3,2,40-49,Male
2406,IMM_7,1,3,2,40-49,Male
2438,IMM_8,4,3,3,50-59,Male
2438,IMM_6,3,3,3,50-59,Male
2438,IMM_1,0,3,3,50-59,Male
2438,IMM_3,4,3,3,50-59,Male
2438,IMM_7,0,3,3,50-59,Male
2438,IMM_10,4,3,3,50-59,Male
2438,IMM_5,1,3,3,50-59,Male
2438,IMM_9,3,3,3,50-59,Male
2438,IMM_4,1,3,3,50-59,Male
2438,IMM_2,3,3,3,50-59,Male
2440,IMM_9,3,3,3,30-39,Male
2440,IMM_3,3,3,3,30-39,Male
2440,IMM_2,1,3,3,30-39,Male
2440,IMM_5,4,3,3,30-39,Male
2440,IMM_8,2,3,3,30-39,Male
2440,IMM_6,0,3,3,30-39,Male
2440,IMM_7,3,3,3,30-39,Male
2440,IMM_4,2,3,3,30-39,Male
2440,IMM_1,3,3,3,30-39,Male
2440,IMM_10,1,3,3,30-39,Male
2472,IMM_8,1,3,5,18-29,Male
2472,IMM_10,3,3,5,18-29,Male
2472,IMM_5,2,3,5,18-29,Male
2472,IMM_6,3,3,5,18-29,Male
2472,IMM_4,3,3,5,18-29,Male
2472,IMM_7,3,3,5,18-29,Male
2472,IMM_3,2,3,5,18-29,Male
2472,IMM_2,4,3,5,18-29,Male
2472,IMM_1,2,3,5,18-29,Male
2472,IMM_9,3,3,5,18-29,Male
2485,IMM_9,2,3,2,40-49,Male
2485,IMM_6,3,3,2,40-49,Male
2485,IMM_1,3,3,2,40-49,Male
2485,IMM_2,2,3,2,40-49,Male
2485,IMM_10,3,3,2,40-49,Male
2485,IMM_7,2,3,2,40-49,Male
2485,IMM_3,1,3,2,40-49,Male
2485,IMM_4,1,3,2,40-49,Male
2485,IMM_8,3,3,2,40-49,Male
2485,IMM_5,3,3,2,40-49,Male
2488,IMM_10,3,3,2,30-39,Male
2488,IMM_9,1,3,2,30-39,Male
2488,IMM_4,3,3,2,30-39,Male
2488,IMM_6,3,3,2,30-39,Male
2488,IMM_5,1,3,2,30-39,Male
2488,IMM_7,2,3,2,30-39,Male
2488,IMM_1,3,3,2,30-39,Male
2488,IMM_2,2,3,2,30-39,Male
2488,IMM_3,3,3,2,30-39,Male
2488,IMM_8,3,3,2,30-39,Male
2493,IMM_1,2,3,3,30-39,Male
2493,IMM_3,4,3,3,30-39,Male
2493,IMM_10,3,3,3,30-39,Male
2493,IMM_9,2,3,3,30-39,Male
2493,IMM_4,1,3,3,30-39,Male
2493,IMM_6,3,3,3,30-39,Male
2493,IMM_2,2,3,3,30-39,Male
2493,IMM_7,1,3,3,30-39,Male
2493,IMM_8,3,3,3,30-39,Male
2493,IMM_5,0,3,3,30-39,Male
2521,IMM_8,1,3,3,60-69,Male
2521,IMM_5,0,3,3,60-69,Male
2521,IMM_3,2,3,3,60-69,Male
2521,IMM_2,3,3,3,60-69,Male
2521,IMM_6,3,3,3,60-69,Male
2521,IMM_7,1,3,3,60-69,Male
2521,IMM_1,2,3,3,60-69,Male
2521,IMM_9,2,3,3,60-69,Male
2521,IMM_10,4,3,3,60-69,Male
2521,IMM_4,3,3,3,60-69,Male
2523,IMM_6,4,3,1,18-29,Male
2523,IMM_8,3,3,1,18-29,Male
2523,IMM_4,2,3,1,18-29,Male
2523,IMM_9,3,3,1,18-29,Male
2523,IMM_5,1,3,1,18-29,Male
2523,IMM_3,3,3,1,18-29,Male
2523,IMM_10,4,3,1,18-29,Male
2523,IMM_2,3,3,1,18-29,Male
2523,IMM_7,1,3,1,18-29,Male
2523,IMM_1,1,3,1,18-29,Male
2547,IMM_5,0,3,2,18-29,Male
2547,IMM_7,0,3,2,18-29,Male
2547,IMM_6,2,3,2,18-29,Male
2547,IMM_9,2,3,2,18-29,Male
2547,IMM_4,1,3,2,18-29,Male
2547,IMM_2,1,3,2,18-29,Male
2547,IMM_8,3,3,2,18-29,Male
2547,IMM_1,0,3,2,18-29,Male
2547,IMM_10,2,3,2,18-29,Male
2547,IMM_3,4,3,2,18-29,Male
2566,IMM_3,4,3,7,70-79,Male
2566,IMM_6,3,3,7,70-79,Male
2566,IMM_1,4,3,7,70-79,Male
2566,IMM_4,3,3,7,70-79,Male
2566,IMM_2,3,3,7,70-79,Male
2566,IMM_10,2,3,7,70-79,Male
2566,IMM_5,0,3,7,70-79,Male
2566,IMM_9,3,3,7,70-79,Male
2566,IMM_8,4,3,7,70-79,Male
2566,IMM_7,4,3,7,70-79,Male
2571,IMM_10,3,3,2,18-29,Male
2571,IMM_3,4,3,2,18-29,Male
2571,IMM_9,3,3,2,18-29,Male
2571,IMM_4,1,3,2,18-29,Male
2571,IMM_6,0,3,2,18-29,Male
2571,IMM_8,3,3,2,18-29,Male
2571,IMM_7,2,3,2,18-29,Male
2571,IMM_1,2,3,2,18-29,Male
2571,IMM_2,1,3,2,18-29,Male
2571,IMM_5,0,3,2,18-29,Male
2572,IMM_9,3,3,2,30-39,Male
2572,IMM_1,1,3,2,30-39,Male
2572,IMM_8,3,3,2,30-39,Male
2572,IMM_4,1,3,2,30-39,Male
2572,IMM_7,2,3,2,30-39,Male
2572,IMM_2,3,3,2,30-39,Male
2572,IMM_3,4,3,2,30-39,Male
2572,IMM_5,0,3,2,30-39,Male
2572,IMM_10,2,3,2,30-39,Male
2572,IMM_6,3,3,2,30-39,Male
2576,IMM_3,3,3,2,18-29,Male
2576,IMM_7,3,3,2,18-29,Male
2576,IMM_4,3,3,2,18-29,Male
2576,IMM_10,3,3,2,18-29,Male
2576,IMM_6,2,3,2,18-29,Male
2576,IMM_1,3,3,2,18-29,Male
2576,IMM_9,3,3,2,18-29,Male
2576,IMM_2,3,3,2,18-29,Male
2576,IMM_5,1,3,2,18-29,Male
2576,IMM_8,1,3,2,18-29,Male
2579,IMM_6,2,3,3,50-59,Male
2579,IMM_7,0,3,3,50-59,Male
2579,IMM_5,0,3,3,50-59,Male
2579,IMM_3,4,3,3,50-59,Male
2579,IMM_1,0,3,3,50-59,Male
2579,IMM_8,3,3,3,50-59,Male
2579,IMM_4,0,3,3,50-59,Male
2579,IMM_9,3,3,3,50-59,Male
2579,IMM_2,2,3,3,50-59,Male
2579,IMM_10,3,3,3,50-59,Male
2587,IMM_7,2,3,1,30-39,Male
2587,IMM_4,2,3,1,30-39,Male
2587,IMM_3,2,3,1,30-39,Male
2587,IMM_9,1,3,1,30-39,Male
2587,IMM_1,4,3,1,30-39,Male
2587,IMM_8,4,3,1,30-39,Male
2587,IMM_10,3,3,1,30-39,Male
2587,IMM_6,3,3,1,30-39,Male
2587,IMM_2,3,3,1,30-39,Male
2587,IMM_5,3,3,1,30-39,Male
2597,IMM_6,2,3,5,50-59,Male
2597,IMM_1,0,3,5,50-59,Male
2597,IMM_3,3,3,5,50-59,Male
2597,IMM_8,3,3,5,50-59,Male
2597,IMM_4,3,3,5,50-59,Male
2597,IMM_10,2,3,5,50-59,Male
2597,IMM_7,1,3,5,50-59,Male
2597,IMM_2,3,3,5,50-59,Male
2597,IMM_5,2,3,5,50-59,Male
2597,IMM_9,2,3,5,50-59,Male
2606,IMM_5,1,3,2,30-39,Male
2606,IMM_2,2,3,2,30-39,Male
2606,IMM_4,2,3,2,30-39,Male
2606,IMM_8,2,3,2,30-39,Male
2606,IMM_3,3,3,2,30-39,Male
2606,IMM_10,2,3,2,30-39,Male
2606,IMM_6,3,3,2,30-39,Male
2606,IMM_9,3,3,2,30-39,Male
2606,IMM_7,2,3,2,30-39,Male
2606,IMM_1,2,3,2,30-39,Male
2,IMM_10,3,4,3,40-49,Female
2,IMM_6,3,4,3,40-49,Female
2,IMM_9,3,4,3,40-49,Female
2,IMM_7,0,4,3,40-49,Female
2,IMM_2,3,4,3,40-49,Female
2,IMM_3,3,4,3,40-49,Female
2,IMM_8,3,4,3,40-49,Female
2,IMM_1,1,4,3,40-49,Female
2,IMM_4,2,4,3,40-49,Female
2,IMM_5,0,4,3,40-49,Female
10,IMM_2,2,4,1,70-79,Female
10,IMM_6,2,4,1,70-79,Female
10,IMM_5,1,4,1,70-79,Female
10,IMM_9,2,4,1,70-79,Female
10,IMM_7,1,4,1,70-79,Female
10,IMM_8,3,4,1,70-79,Female
10,IMM_4,1,4,1,70-79,Female
10,IMM_10,2,4,1,70-79,Female
10,IMM_1,2,4,1,70-79,Female
10,IMM_3,4,4,1,70-79,Female
14,IMM_4,2,4,1,60-69,Male
14,IMM_1,2,4,1,60-69,Male
14,IMM_7,1,4,1,60-69,Male
14,IMM_6,1,4,1,60-69,Male
14,IMM_9,3,4,1,60-69,Male
14,IMM_8,4,4,1,60-69,Male
14,IMM_3,1,4,1,60-69,Male
14,IMM_2,3,4,1,60-69,Male
14,IMM_10,3,4,1,60-69,Male
14,IMM_5,2,4,1,60-69,Male
22,IMM_4,4,4,2,18-29,Male
22,IMM_3,3,4,2,18-29,Male
22,IMM_8,4,4,2,18-29,Male
22,IMM_10,4,4,2,18-29,Male
22,IMM_6,4,4,2,18-29,Male
22,IMM_9,4,4,2,18-29,Male
22,IMM_2,4,4,2,18-29,Male
22,IMM_1,1,4,2,18-29,Male
22,IMM_5,0,4,2,18-29,Male
22,IMM_7,1,4,2,18-29,Male
23,IMM_3,4,4,3,70-79,Female
23,IMM_5,0,4,3,70-79,Female
23,IMM_4,1,4,3,70-79,Female
23,IMM_7,1,4,3,70-79,Female
23,IMM_9,3,4,3,70-79,Female
23,IMM_1,1,4,3,70-79,Female
23,IMM_6,3,4,3,70-79,Female
23,IMM_2,2,4,3,70-79,Female
23,IMM_10,3,4,3,70-79,Female
23,IMM_8,3,4,3,70-79,Female
24,IMM_3,2,4,1,70-79,Female
24,IMM_7,3,4,1,70-79,Female
24,IMM_2,3,4,1,70-79,Female
24,IMM_10,2,4,1,70-79,Female
24,IMM_4,1,4,1,70-79,Female
24,IMM_9,2,4,1,70-79,Female
24,IMM_5,1,4,1,70-79,Female
24,IMM_6,2,4,1,70-79,Female
24,IMM_1,2,4,1,70-79,Female
24,IMM_8,4,4,1,70-79,Female
27,IMM_2,0,4,5,50-59,Male
27,IMM_4,0,4,5,50-59,Male
27,IMM_7,4,4,5,50-59,Male
27,IMM_3,0,4,5,50-59,Male
27,IMM_8,0,4,5,50-59,Male
27,IMM_9,0,4,5,50-59,Male
27,IMM_6,0,4,5,50-59,Male
27,IMM_1,4,4,5,50-59,Male
27,IMM_5,2,4,5,50-59,Male
27,IMM_10,0,4,5,50-59,Male
31,IMM_8,3,4,3,70-79,Male
31,IMM_6,2,4,3,70-79,Male
31,IMM_4,1,4,3,70-79,Male
31,IMM_3,2,4,3,70-79,Male
31,IMM_5,1,4,3,70-79,Male
31,IMM_7,3,4,3,70-79,Male
31,IMM_9,4,4,3,70-79,Male
31,IMM_2,4,4,3,70-79,Male
31,IMM_10,4,4,3,70-79,Male
31,IMM_1,4,4,3,70-79,Male
34,IMM_9,1,4,1,50-59,Female
34,IMM_8,3,4,1,50-59,Female
34,IMM_7,1,4,1,50-59,Female
34,IMM_3,1,4,1,50-59,Female
34,IMM_4,3,4,1,50-59,Female
34,IMM_10,3,4,1,50-59,Female
34,IMM_2,3,4,1,50-59,Female
34,IMM_5,1,4,1,50-59,Female
34,IMM_1,2,4,1,50-59,Female
34,IMM_6,3,4,1,50-59,Female
38,IMM_2,3,4,2,60-69,Female
38,IMM_4,1,4,2,60-69,Female
38,IMM_6,3,4,2,60-69,Female
38,IMM_3,3,4,2,60-69,Female
38,IMM_10,1,4,2,60-69,Female
38,IMM_5,1,4,2,60-69,Female
38,IMM_8,3,4,2,60-69,Female
38,IMM_1,3,4,2,60-69,Female
38,IMM_7,2,4,2,60-69,Female
38,IMM_9,2,4,2,60-69,Female
41,IMM_1,2,4,3,18-29,Female
41,IMM_5,0,4,3,18-29,Female
41,IMM_8,2,4,3,18-29,Female
41,IMM_10,2,4,3,18-29,Female
41,IMM_3,4,4,3,18-29,Female
41,IMM_4,2,4,3,18-29,Female
41,IMM_7,2,4,3,18-29,Female
41,IMM_9,2,4,3,18-29,Female
41,IMM_6,2,4,3,18-29,Female
41,IMM_2,2,4,3,18-29,Female
43,IMM_2,4,4,7,18-29,Female
43,IMM_4,3,4,7,18-29,Female
43,IMM_10,2,4,7,18-29,Female
43,IMM_5,2,4,7,18-29,Female
43,IMM_9,4,4,7,18-29,Female
43,IMM_8,2,4,7,18-29,Female
43,IMM_7,2,4,7,18-29,Female
43,IMM_6,2,4,7,18-29,Female
43,IMM_3,0,4,7,18-29,Female
43,IMM_1,4,4,7,18-29,Female
47,IMM_5,2,4,5,60-69,Female
47,IMM_6,1,4,5,60-69,Female
47,IMM_7,2,4,5,60-69,Female
47,IMM_10,2,4,5,60-69,Female
47,IMM_4,2,4,5,60-69,Female
47,IMM_1,3,4,5,60-69,Female
47,IMM_3,1,4,5,60-69,Female
47,IMM_2,2,4,5,60-69,Female
47,IMM_9,2,4,5,60-69,Female
47,IMM_8,2,4,5,60-69,Female
50,IMM_5,0,4,3,30-39,Female
50,IMM_10,0,4,3,30-39,Female
50,IMM_4,0,4,3,30-39,Female
50,IMM_2,2,4,3,30-39,Female
50,IMM_3,4,4,3,30-39,Female
50,IMM_6,2,4,3,30-39,Female
50,IMM_8,0,4,3,30-39,Female
50,IMM_9,4,4,3,30-39,Female
50,IMM_7,0,4,3,30-39,Female
50,IMM_1,0,4,3,30-39,Female
51,IMM_10,3,4,6,70-79,Female
51,IMM_4,2,4,6,70-79,Female
51,IMM_6,3,4,6,70-79,Female
51,IMM_7,2,4,6,70-79,Female
51,IMM_1,2,4,6,70-79,Female
51,IMM_3,0,4,6,70-79,Female
51,IMM_5,2,4,6,70-79,Female
51,IMM_2,4,4,6,70-79,Female
51,IMM_9,2,4,6,70-79,Female
51,IMM_8,3,4,6,70-79,Female
56,IMM_7,2,4,3,70-79,Male
56,IMM_6,3,4,3,70-79,Male
56,IMM_3,1,4,3,70-79,Male
56,IMM_5,2,4,3,70-79,Male
56,IMM_2,2,4,3,70-79,Male
56,IMM_10,3,4,3,70-79,Male
56,IMM_8,4,4,3,70-79,Male
56,IMM_4,3,4,3,70-79,Male
56,IMM_9,3,4,3,70-79,Male
56,IMM_1,2,4,3,70-79,Male
57,IMM_9,0,4,1,40-49,Female
57,IMM_3,4,4,1,40-49,Female
57,IMM_10,0,4,1,40-49,Female
57,IMM_6,2,4,1,40-49,Female
57,IMM_5,1,4,1,40-49,Female
57,IMM_7,0,4,1,40-49,Female
57,IMM_1,0,4,1,40-49,Female
57,IMM_2,1,4,1,40-49,Female
57,IMM_4,1,4,1,40-49,Female
57,IMM_8,0,4,1,40-49,Female
58,IMM_3,2,4,2,40-49,Male
58,IMM_1,2,4,2,40-49,Male
58,IMM_6,2,4,2,40-49,Male
58,IMM_9,3,4,2,40-49,Male
58,IMM_2,3,4,2,40-49,Male
58,IMM_8,3,4,2,40-49,Male
58,IMM_7,3,4,2,40-49,Male
58,IMM_10,3,4,2,40-49,Male
58,IMM_5,3,4,2,40-49,Male
58,IMM_4,1,4,2,40-49,Male
60,IMM_2,2,4,3,40-49,Female
60,IMM_5,1,4,3,40-49,Female
60,IMM_3,2,4,3,40-49,Female
60,IMM_4,2,4,3,40-49,Female
60,IMM_9,4,4,3,40-49,Female
60,IMM_6,2,4,3,40-49,Female
60,IMM_1,0,4,3,40-49,Female
60,IMM_10,3,4,3,40-49,Female
60,IMM_7,1,4,3,40-49,Female
60,IMM_8,2,4,3,40-49,Female
66,IMM_1,0,4,2,18-29,Female
66,IMM_7,1,4,2,18-29,Female
66,IMM_5,1,4,2,18-29,Female
66,IMM_6,3,4,2,18-29,Female
66,IMM_3,1,4,2,18-29,Female
66,IMM_10,4,4,2,18-29,Female
66,IMM_9,2,4,2,18-29,Female
66,IMM_8,3,4,2,18-29,Female
66,IMM_4,2,4,2,18-29,Female
66,IMM_2,3,4,2,18-29,Female
67,IMM_4,2,4,2,60-69,Female
67,IMM_10,3,4,2,60-69,Female
67,IMM_9,3,4,2,60-69,Female
67,IMM_1,1,4,2,60-69,Female
67,IMM_6,3,4,2,60-69,Female
67,IMM_2,3,4,2,60-69,Female
67,IMM_3,3,4,2,60-69,Female
67,IMM_5,2,4,2,60-69,Female
67,IMM_7,1,4,2,60-69,Female
67,IMM_8,3,4,2,60-69,Female
69,IMM_6,3,4,3,30-39,Female
69,IMM_10,3,4,3,30-39,Female
69,IMM_5,0,4,3,30-39,Female
69,IMM_8,3,4,3,30-39,Female
69,IMM_9,4,4,3,30-39,Female
69,IMM_3,4,4,3,30-39,Female
69,IMM_1,0,4,3,30-39,Female
69,IMM_4,0,4,3,30-39,Female
69,IMM_7,0,4,3,30-39,Female
69,IMM_2,2,4,3,30-39,Female
75,IMM_3,4,4,3,18-29,Female
75,IMM_2,2,4,3,18-29,Female
75,IMM_10,4,4,3,18-29,Female
75,IMM_4,0,4,3,18-29,Female
75,IMM_6,4,4,3,18-29,Female
75,IMM_9,4,4,3,18-29,Female
75,IMM_5,0,4,3,18-29,Female
75,IMM_8,4,4,3,18-29,Female
75,IMM_7,0,4,3,18-29,Female
75,IMM_1,0,4,3,18-29,Female
81,IMM_1,1,4,3,30-39,Female
81,IMM_2,2,4,3,30-39,Female
81,IMM_6,2,4,3,30-39,Female
81,IMM_8,2,4,3,30-39,Female
81,IMM_7,1,4,3,30-39,Female
81,IMM_5,1,4,3,30-39,Female
81,IMM_4,1,4,3,30-39,Female
81,IMM_10,2,4,3,30-39,Female
81,IMM_3,3,4,3,30-39,Female
81,IMM_9,2,4,3,30-39,Female
84,IMM_4,3,4,5,18-29,Female
84,IMM_2,3,4,5,18-29,Female
84,IMM_3,1,4,5,18-29,Female
84,IMM_8,3,4,5,18-29,Female
84,IMM_10,1,4,5,18-29,Female
84,IMM_6,3,4,5,18-29,Female
84,IMM_9,2,4,5,18-29,Female
84,IMM_5,1,4,5,18-29,Female
84,IMM_7,1,4,5,18-29,Female
85,IMM_5,1,4,2,60-69,Female
85,IMM_1,2,4,2,60-69,Female
85,IMM_4,2,4,2,60-69,Female
85,IMM_2,2,4,2,60-69,Female
85,IMM_7,2,4,2,60-69,Female
85,IMM_9,3,4,2,60-69,Female
85,IMM_3,2,4,2,60-69,Female
85,IMM_6,2,4,2,60-69,Female
85,IMM_8,3,4,2,60-69,Female
85,IMM_10,1,4,2,60-69,Female
88,IMM_5,2,4,7,30-39,Male
88,IMM_3,4,4,7,30-39,Male
88,IMM_8,3,4,7,30-39,Male
88,IMM_2,2,4,7,30-39,Male
88,IMM_10,2,4,7,30-39,Male
88,IMM_9,3,4,7,30-39,Male
88,IMM_7,1,4,7,30-39,Male
88,IMM_6,2,4,7,30-39,Male
88,IMM_4,2,4,7,30-39,Male
88,IMM_1,2,4,7,30-39,Male
91,IMM_6,3,4,3,18-29,Male
91,IMM_8,1,4,3,18-29,Male
91,IMM_1,3,4,3,18-29,Male
91,IMM_10,3,4,3,18-29,Male
91,IMM_2,3,4,3,18-29,Male
91,IMM_3,3,4,3,18-29,Male
91,IMM_4,1,4,3,18-29,Male
91,IMM_7,1,4,3,18-29,Male
91,IMM_9,2,4,3,18-29,Male
91,IMM_5,1,4,3,18-29,Male
97,IMM_4,2,4,6,40-49,Female
97,IMM_7,2,4,6,40-49,Female
97,IMM_1,2,4,6,40-49,Female
97,IMM_3,0,4,6,40-49,Female
97,IMM_9,3,4,6,40-49,Female
97,IMM_5,3,4,6,40-49,Female
97,IMM_2,3,4,6,40-49,Female
97,IMM_8,1,4,6,40-49,Female
97,IMM_10,3,4,6,40-49,Female
97,IMM_6,3,4,6,40-49,Female
98,IMM_3,0,4,7,18-29,Female
98,IMM_1,4,4,7,18-29,Female
98,IMM_8,2,4,7,18-29,Female
98,IMM_10,0,4,7,18-29,Female
98,IMM_7,4,4,7,18-29,Female
98,IMM_2,2,4,7,18-29,Female
98,IMM_5,4,4,7,18-29,Female
98,IMM_6,0,4,7,18-29,Female
98,IMM_9,0,4,7,18-29,Female
98,IMM_4,0,4,7,18-29,Female
100,IMM_2,2,4,2,30-39,Male
100,IMM_1,2,4,2,30-39,Male
100,IMM_4,3,4,2,30-39,Male
100,IMM_6,3,4,2,30-39,Male
100,IMM_3,1,4,2,30-39,Male
100,IMM_9,2,4,2,30-39,Male
100,IMM_5,3,4,2,30-39,Male
100,IMM_10,2,4,2,30-39,Male
100,IMM_8,4,4,2,30-39,Male
100,IMM_7,1,4,2,30-39,Male
103,IMM_5,1,4,3,30-39,Female
103,IMM_6,2,4,3,30-39,Female
103,IMM_2,2,4,3,30-39,Female
103,IMM_10,4,4,3,30-39,Female
103,IMM_3,4,4,3,30-39,Female
103,IMM_1,1,4,3,30-39,Female
103,IMM_8,3,4,3,30-39,Female
103,IMM_4,2,4,3,30-39,Female
103,IMM_9,2,4,3,30-39,Female
103,IMM_7,1,4,3,30-39,Female
104,IMM_7,1,4,2,70-79,Male
104,IMM_3,1,4,2,70-79,Male
104,IMM_1,2,4,2,70-79,Male
104,IMM_9,2,4,2,70-79,Male
104,IMM_8,2,4,2,70-79,Male
104,IMM_4,1,4,2,70-79,Male
104,IMM_6,3,4,2,70-79,Male
104,IMM_5,2,4,2,70-79,Male
104,IMM_2,2,4,2,70-79,Male
104,IMM_10,3,4,2,70-79,Male
106,IMM_7,2,4,2,60-69,Female
106,IMM_6,2,4,2,60-69,Female
106,IMM_5,1,4,2,60-69,Female
106,IMM_2,4,4,2,60-69,Female
106,IMM_9,4,4,2,60-69,Female
106,IMM_3,4,4,2,60-69,Female
106,IMM_10,4,4,2,60-69,Female
106,IMM_1,0,4,2,60-69,Female
106,IMM_4,1,4,2,60-69,Female
106,IMM_8,3,4,2,60-69,Female
107,IMM_7,1,4,1,50-59,Female
107,IMM_1,0,4,1,50-59,Female
107,IMM_10,3,4,1,50-59,Female
107,IMM_4,1,4,1,50-59,Female
107,IMM_8,3,4,1,50-59,Female
107,IMM_2,3,4,1,50-59,Female
107,IMM_9,2,4,1,50-59,Female
107,IMM_3,4,4,1,50-59,Female
107,IMM_6,2,4,1,50-59,Female
107,IMM_5,0,4,1,50-59,Female
110,IMM_7,2,4,6,80+,Female
110,IMM_6,2,4,6,80+,Female
110,IMM_5,2,4,6,80+,Female
110,IMM_4,2,4,6,80+,Female
110,IMM_9,2,4,6,80+,Female
110,IMM_2,3,4,6,80+,Female
110,IMM_1,2,4,6,80+,Female
110,IMM_3,1,4,6,80+,Female
110,IMM_8,3,4,6,80+,Female
110,IMM_10,2,4,6,80+,Female
112,IMM_2,4,4,2,30-39,Female
112,IMM_9,0,4,2,30-39,Female
112,IMM_7,4,4,2,30-39,Female
112,IMM_3,1,4,2,30-39,Female
112,IMM_1,1,4,2,30-39,Female
112,IMM_4,1,4,2,30-39,Female
112,IMM_10,3,4,2,30-39,Female
112,IMM_5,0,4,2,30-39,Female
112,IMM_8,3,4,2,30-39,Female
112,IMM_6,4,4,2,30-39,Female
113,IMM_2,3,4,3,50-59,Male
113,IMM_4,1,4,3,50-59,Male
113,IMM_6,2,4,3,50-59,Male
113,IMM_5,3,4,3,50-59,Male
113,IMM_3,3,4,3,50-59,Male
113,IMM_8,1,4,3,50-59,Male
113,IMM_7,2,4,3,50-59,Male
113,IMM_10,0,4,3,50-59,Male
113,IMM_9,3,4,3,50-59,Male
113,IMM_1,1,4,3,50-59,Male
114,IMM_6,3,4,4,60-69,Male
114,IMM_5,1,4,4,60-69,Male
114,IMM_10,0,4,4,60-69,Male
114,IMM_9,0,4,4,60-69,Male
114,IMM_3,3,4,4,60-69,Male
114,IMM_1,4,4,4,60-69,Male
114,IMM_2,3,4,4,60-69,Male
114,IMM_8,2,4,4,60-69,Male
114,IMM_7,2,4,4,60-69,Male
114,IMM_4,0,4,4,60-69,Male
119,IMM_6,0,4,6,18-29,Female
119,IMM_3,1,4,6,18-29,Female
119,IMM_8,3,4,6,18-29,Female
119,IMM_10,2,4,6,18-29,Female
119,IMM_1,3,4,6,18-29,Female
119,IMM_5,3,4,6,18-29,Female
119,IMM_4,1,4,6,18-29,Female
119,IMM_9,2,4,6,18-29,Female
119,IMM_7,2,4,6,18-29,Female
119,IMM_2,2,4,6,18-29,Female
123,IMM_8,3,4,2,18-29,Female
123,IMM_1,1,4,2,18-29,Female
123,IMM_7,0,4,2,18-29,Female
123,IMM_5,0,4,2,18-29,Female
123,IMM_4,1,4,2,18-29,Female
123,IMM_2,3,4,2,18-29,Female
123,IMM_10,2,4,2,18-29,Female
123,IMM_3,3,4,2,18-29,Female
123,IMM_6,4,4,2,18-29,Female
123,IMM_9,2,4,2,18-29,Female
129,IMM_7,4,4,7,50-59,Male
129,IMM_9,4,4,7,50-59,Male
129,IMM_8,4,4,7,50-59,Male
129,IMM_3,0,4,7,50-59,Male
129,IMM_10,4,4,7,50-59,Male
129,IMM_5,2,4,7,50-59,Male
129,IMM_6,0,4,7,50-59,Male
129,IMM_4,4,4,7,50-59,Male
129,IMM_1,4,4,7,50-59,Male
129,IMM_2,4,4,7,50-59,Male
130,IMM_6,4,4,6,30-39,Female
130,IMM_5,1,4,6,30-39,Female
130,IMM_8,3,4,6,30-39,Female
130,IMM_4,1,4,6,30-39,Female
130,IMM_10,1,4,6,30-39,Female
130,IMM_2,3,4,6,30-39,Female
130,IMM_3,2,4,6,30-39,Female
130,IMM_7,1,4,6,30-39,Female
130,IMM_1,0,4,6,30-39,Female
130,IMM_9,1,4,6,30-39,Female
139,IMM_8,3,4,1,60-69,Male
139,IMM_1,2,4,1,60-69,Male
139,IMM_6,1,4,1,60-69,Male
139,IMM_7,2,4,1,60-69,Male
139,IMM_10,1,4,1,60-69,Male
139,IMM_9,3,4,1,60-69,Male
139,IMM_4,3,4,1,60-69,Male
139,IMM_3,4,4,1,60-69,Male
139,IMM_5,1,4,1,60-69,Male
139,IMM_2,1,4,1,60-69,Male
141,IMM_3,0,4,3,30-39,Female
141,IMM_4,1,4,3,30-39,Female
141,IMM_7,2,4,3,30-39,Female
141,IMM_1,4,4,3,30-39,Female
141,IMM_10,0,4,3,30-39,Female
141,IMM_5,3,4,3,30-39,Female
141,IMM_2,2,4,3,30-39,Female
141,IMM_8,3,4,3,30-39,Female
141,IMM_6,1,4,3,30-39,Female
141,IMM_9,0,4,3,30-39,Female
142,IMM_9,2,4,7,50-59,Male
142,IMM_7,2,4,7,50-59,Male
142,IMM_2,4,4,7,50-59,Male
142,IMM_5,3,4,7,50-59,Male
142,IMM_4,1,4,7,50-59,Male
142,IMM_8,1,4,7,50-59,Male
142,IMM_10,2,4,7,50-59,Male
142,IMM_6,4,4,7,50-59,Male
142,IMM_3,0,4,7,50-59,Male
142,IMM_1,4,4,7,50-59,Male
145,IMM_5,4,4,5,50-59,Male
145,IMM_1,4,4,5,50-59,Male
145,IMM_4,0,4,5,50-59,Male
145,IMM_7,4,4,5,50-59,Male
145,IMM_3,0,4,5,50-59,Male
145,IMM_6,0,4,5,50-59,Male
145,IMM_2,0,4,5,50-59,Male
145,IMM_9,0,4,5,50-59,Male
145,IMM_8,4,4,5,50-59,Male
145,IMM_10,0,4,5,50-59,Male
157,IMM_9,2,4,3,40-49,Female
157,IMM_3,2,4,3,40-49,Female
157,IMM_6,0,4,3,40-49,Female
157,IMM_4,2,4,3,40-49,Female
157,IMM_2,0,4,3,40-49,Female
157,IMM_7,2,4,3,40-49,Female
157,IMM_10,0,4,3,40-49,Female
157,IMM_5,2,4,3,40-49,Female
157,IMM_1,4,4,3,40-49,Female
157,IMM_8,3,4,3,40-49,Female
160,IMM_2,3,4,6,50-59,Female
160,IMM_8,3,4,6,50-59,Female
160,IMM_5,3,4,6,50-59,Female
160,IMM_1,1,4,6,50-59,Female
160,IMM_10,3,4,6,50-59,Female
160,IMM_4,2,4,6,50-59,Female
160,IMM_9,3,4,6,50-59,Female
160,IMM_3,2,4,6,50-59,Female
160,IMM_7,1,4,6,50-59,Female
160,IMM_6,2,4,6,50-59,Female
173,IMM_8,1,4,1,60-69,Female
173,IMM_9,1,4,1,60-69,Female
173,IMM_10,2,4,1,60-69,Female
173,IMM_2,1,4,1,60-69,Female
173,IMM_5,0,4,1,60-69,Female
173,IMM_3,4,4,1,60-69,Female
173,IMM_6,3,4,1,60-69,Female
173,IMM_7,0,4,1,60-69,Female
173,IMM_4,1,4,1,60-69,Female
173,IMM_1,0,4,1,60-69,Female
178,IMM_10,1,4,5,40-49,Female
178,IMM_1,3,4,5,40-49,Female
178,IMM_6,3,4,5,40-49,Female
178,IMM_2,1,4,5,40-49,Female
178,IMM_9,3,4,5,40-49,Female
178,IMM_7,2,4,5,40-49,Female
178,IMM_5,3,4,5,40-49,Female
178,IMM_4,1,4,5,40-49,Female
178,IMM_3,0,4,5,40-49,Female
178,IMM_8,4,4,5,40-49,Female
179,IMM_5,3,4,2,40-49,Female
179,IMM_7,0,4,2,40-49,Female
179,IMM_2,3,4,2,40-49,Female
179,IMM_3,4,4,2,40-49,Female
179,IMM_6,4,4,2,40-49,Female
179,IMM_8,0,4,2,40-49,Female
179,IMM_1,0,4,2,40-49,Female
179,IMM_9,2,4,2,40-49,Female
179,IMM_10,2,4,2,40-49,Female
179,IMM_4,4,4,2,40-49,Female
180,IMM_1,1,4,5,40-49,Female
180,IMM_10,3,4,5,40-49,Female
180,IMM_2,2,4,5,40-49,Female
180,IMM_4,1,4,5,40-49,Female
180,IMM_6,3,4,5,40-49,Female
180,IMM_9,3,4,5,40-49,Female
180,IMM_3,3,4,5,40-49,Female
180,IMM_8,3,4,5,40-49,Female
180,IMM_5,1,4,5,40-49,Female
180,IMM_7,2,4,5,40-49,Female
182,IMM_2,3,4,6,50-59,Female
182,IMM_3,0,4,6,50-59,Female
182,IMM_6,1,4,6,50-59,Female
182,IMM_4,3,4,6,50-59,Female
182,IMM_5,2,4,6,50-59,Female
182,IMM_1,3,4,6,50-59,Female
182,IMM_9,1,4,6,50-59,Female
182,IMM_8,4,4,6,50-59,Female
182,IMM_7,2,4,6,50-59,Female
182,IMM_10,0,4,6,50-59,Female
187,IMM_9,1,4,6,40-49,Female
187,IMM_4,1,4,6,40-49,Female
187,IMM_10,1,4,6,40-49,Female
187,IMM_7,3,4,6,40-49,Female
187,IMM_3,0,4,6,40-49,Female
187,IMM_2,3,4,6,40-49,Female
187,IMM_1,4,4,6,40-49,Female
187,IMM_8,3,4,6,40-49,Female
187,IMM_6,2,4,6,40-49,Female
187,IMM_5,2,4,6,40-49,Female
195,IMM_2,3,4,5,30-39,Female
195,IMM_3,1,4,5,30-39,Female
195,IMM_5,1,4,5,30-39,Female
195,IMM_9,2,4,5,30-39,Female
195,IMM_10,2,4,5,30-39,Female
195,IMM_1,1,4,5,30-39,Female
195,IMM_6,1,4,5,30-39,Female
195,IMM_4,2,4,5,30-39,Female
195,IMM_7,2,4,5,30-39,Female
195,IMM_8,3,4,5,30-39,Female
197,IMM_6,0,4,5,18-29,Female
197,IMM_9,3,4,5,18-29,Female
197,IMM_7,2,4,5,18-29,Female
197,IMM_2,3,4,5,18-29,Female
197,IMM_5,3,4,5,18-29,Female
197,IMM_4,0,4,5,18-29,Female
197,IMM_10,0,4,5,18-29,Female
197,IMM_3,4,4,5,18-29,Female
197,IMM_8,3,4,5,18-29,Female
197,IMM_1,4,4,5,18-29,Female
204,IMM_9,4,4,5,18-29,Female
204,IMM_8,4,4,5,18-29,Female
204,IMM_4,3,4,5,18-29,Female
204,IMM_10,4,4,5,18-29,Female
204,IMM_1,0,4,5,18-29,Female
204,IMM_2,4,4,5,18-29,Female
204,IMM_7,1,4,5,18-29,Female
204,IMM_5,3,4,5,18-29,Female
204,IMM_6,4,4,5,18-29,Female
204,IMM_3,3,4,5,18-29,Female
207,IMM_9,3,4,5,30-39,Female
207,IMM_1,3,4,5,30-39,Female
207,IMM_7,3,4,5,30-39,Female
207,IMM_4,0,4,5,30-39,Female
207,IMM_3,4,4,5,30-39,Female
207,IMM_6,2,4,5,30-39,Female
207,IMM_5,2,4,5,30-39,Female
207,IMM_10,2,4,5,30-39,Female
207,IMM_2,4,4,5,30-39,Female
207,IMM_8,3,4,5,30-39,Female
217,IMM_7,1,4,5,30-39,Male
217,IMM_3,4,4,5,30-39,Male
217,IMM_5,2,4,5,30-39,Male
217,IMM_6,2,4,5,30-39,Male
217,IMM_8,2,4,5,30-39,Male
217,IMM_10,0,4,5,30-39,Male
217,IMM_1,2,4,5,30-39,Male
217,IMM_4,2,4,5,30-39,Male
217,IMM_2,0,4,5,30-39,Male
217,IMM_9,4,4,5,30-39,Male
219,IMM_8,4,4,1,30-39,Female
219,IMM_10,3,4,1,30-39,Female
219,IMM_9,3,4,1,30-39,Female
219,IMM_2,4,4,1,30-39,Female
219,IMM_7,2,4,1,30-39,Female
219,IMM_6,3,4,1,30-39,Female
219,IMM_3,4,4,1,30-39,Female
219,IMM_1,2,4,1,30-39,Female
219,IMM_5,1,4,1,30-39,Female
219,IMM_4,3,4,1,30-39,Female
221,IMM_2,2,4,1,30-39,Female
221,IMM_5,0,4,1,30-39,Female
221,IMM_1,2,4,1,30-39,Female
221,IMM_4,2,4,1,30-39,Female
221,IMM_10,3,4,1,30-39,Female
221,IMM_6,3,4,1,30-39,Female
221,IMM_8,3,4,1,30-39,Female
221,IMM_7,2,4,1,30-39,Female
221,IMM_9,4,4,1,30-39,Female
221,IMM_3,4,4,1,30-39,Female
223,IMM_1,2,4,4,18-29,Male
223,IMM_6,3,4,4,18-29,Male
223,IMM_8,4,4,4,18-29,Male
223,IMM_2,2,4,4,18-29,Male
223,IMM_5,2,4,4,18-29,Male
223,IMM_9,2,4,4,18-29,Male
223,IMM_3,3,4,4,18-29,Male
223,IMM_4,2,4,4,18-29,Male
223,IMM_7,1,4,4,18-29,Male
223,IMM_10,2,4,4,18-29,Male
225,IMM_10,1,4,1,50-59,Female
225,IMM_5,0,4,1,50-59,Female
225,IMM_6,2,4,1,50-59,Female
225,IMM_3,2,4,1,50-59,Female
225,IMM_8,3,4,1,50-59,Female
225,IMM_9,2,4,1,50-59,Female
225,IMM_7,2,4,1,50-59,Female
225,IMM_4,2,4,1,50-59,Female
225,IMM_2,2,4,1,50-59,Female
225,IMM_1,2,4,1,50-59,Female
229,IMM_5,1,4,3,18-29,Female
229,IMM_7,1,4,3,18-29,Female
229,IMM_9,3,4,3,18-29,Female
229,IMM_10,4,4,3,18-29,Female
229,IMM_8,3,4,3,18-29,Female
229,IMM_6,3,4,3,18-29,Female
229,IMM_2,4,4,3,18-29,Female
229,IMM_1,1,4,3,18-29,Female
229,IMM_3,2,4,3,18-29,Female
229,IMM_4,3,4,3,18-29,Female
234,IMM_3,1,4,6,40-49,Female
234,IMM_5,2,4,6,40-49,Female
234,IMM_4,2,4,6,40-49,Female
234,IMM_6,2,4,6,40-49,Female
234,IMM_9,3,4,6,40-49,Female
234,IMM_2,2,4,6,40-49,Female
234,IMM_10,1,4,6,40-49,Female
234,IMM_8,2,4,6,40-49,Female
234,IMM_7,2,4,6,40-49,Female
234,IMM_1,1,4,6,40-49,Female
241,IMM_9,3,4,5,40-49,Female
241,IMM_4,2,4,5,40-49,Female
241,IMM_6,3,4,5,40-49,Female
241,IMM_7,0,4,5,40-49,Female
241,IMM_1,1,4,5,40-49,Female
241,IMM_5,1,4,5,40-49,Female
241,IMM_10,3,4,5,40-49,Female
241,IMM_3,2,4,5,40-49,Female
241,IMM_8,3,4,5,40-49,Female
241,IMM_2,3,4,5,40-49,Female
242,IMM_4,0,4,3,18-29,Female
242,IMM_1,0,4,3,18-29,Female
242,IMM_5,0,4,3,18-29,Female
242,IMM_7,1,4,3,18-29,Female
242,IMM_8,3,4,3,18-29,Female
242,IMM_9,0,4,3,18-29,Female
242,IMM_3,2,4,3,18-29,Female
242,IMM_6,2,4,3,18-29,Female
242,IMM_2,1,4,3,18-29,Female
242,IMM_10,3,4,3,18-29,Female
250,IMM_9,3,4,2,40-49,Female
250,IMM_3,4,4,2,40-49,Female
250,IMM_4,0,4,2,40-49,Female
250,IMM_2,4,4,2,40-49,Female
250,IMM_10,0,4,2,40-49,Female
250,IMM_1,4,4,2,40-49,Female
250,IMM_5,1,4,2,40-49,Female
250,IMM_6,4,4,2,40-49,Female
250,IMM_7,0,4,2,40-49,Female
250,IMM_8,0,4,2,40-49,Female
251,IMM_3,2,4,4,50-59,Female
251,IMM_6,1,4,4,50-59,Female
251,IMM_2,0,4,4,50-59,Female
251,IMM_5,0,4,4,50-59,Female
251,IMM_7,3,4,4,50-59,Female
251,IMM_8,0,4,4,50-59,Female
251,IMM_4,0,4,4,50-59,Female
251,IMM_10,1,4,4,50-59,Female
251,IMM_9,0,4,4,50-59,Female
251,IMM_1,4,4,4,50-59,Female
253,IMM_2,2,4,5,18-29,Female
253,IMM_7,2,4,5,18-29,Female
253,IMM_6,1,4,5,18-29,Female
253,IMM_5,2,4,5,18-29,Female
253,IMM_3,3,4,5,18-29,Female
253,IMM_1,2,4,5,18-29,Female
253,IMM_9,2,4,5,18-29,Female
253,IMM_8,2,4,5,18-29,Female
253,IMM_4,2,4,5,18-29,Female
253,IMM_10,2,4,5,18-29,Female
262,IMM_4,1,4,6,60-69,Female
262,IMM_9,4,4,6,60-69,Female
262,IMM_6,4,4,6,60-69,Female
262,IMM_1,1,4,6,60-69,Female
262,IMM_3,3,4,6,60-69,Female
262,IMM_7,0,4,6,60-69,Female
262,IMM_8,3,4,6,60-69,Female
262,IMM_10,3,4,6,60-69,Female
262,IMM_2,2,4,6,60-69,Female
262,IMM_5,3,4,6,60-69,Female
263,IMM_4,3,4,2,18-29,Female
263,IMM_6,1,4,2,18-29,Female
263,IMM_2,3,4,2,18-29,Female
263,IMM_3,3,4,2,18-29,Female
263,IMM_5,3,4,2,18-29,Female
263,IMM_10,4,4,2,18-29,Female
263,IMM_1,1,4,2,18-29,Female
263,IMM_9,2,4,2,18-29,Female
263,IMM_8,2,4,2,18-29,Female
263,IMM_7,1,4,2,18-29,Female
264,IMM_2,3,4,6,50-59,Male
264,IMM_7,2,4,6,50-59,Male
264,IMM_3,3,4,6,50-59,Male
264,IMM_5,1,4,6,50-59,Male
264,IMM_9,3,4,6,50-59,Male
264,IMM_4,3,4,6,50-59,Male
264,IMM_10,3,4,6,50-59,Male
264,IMM_8,3,4,6,50-59,Male
264,IMM_6,3,4,6,50-59,Male
264,IMM_1,1,4,6,50-59,Male
268,IMM_3,4,4,3,50-59,Female
268,IMM_6,3,4,3,50-59,Female
268,IMM_5,0,4,3,50-59,Female
268,IMM_10,3,4,3,50-59,Female
268,IMM_8,4,4,3,50-59,Female
268,IMM_1,1,4,3,50-59,Female
268,IMM_4,1,4,3,50-59,Female
268,IMM_7,2,4,3,50-59,Female
268,IMM_9,3,4,3,50-59,Female
268,IMM_2,4,4,3,50-59,Female
274,IMM_10,4,4,5,18-29,Female
274,IMM_1,0,4,5,18-29,Female
274,IMM_6,4,4,5,18-29,Female
274,IMM_9,2,4,5,18-29,Female
274,IMM_3,4,4,5,18-29,Female
274,IMM_2,4,4,5,18-29,Female
274,IMM_5,0,4,5,18-29,Female
274,IMM_4,0,4,5,18-29,Female
274,IMM_7,0,4,5,18-29,Female
274,IMM_8,0,4,5,18-29,Female
276,IMM_5,0,4,5,18-29,Female
276,IMM_1,2,4,5,18-29,Female
276,IMM_3,2,4,5,18-29,Female
276,IMM_6,0,4,5,18-29,Female
276,IMM_2,0,4,5,18-29,Female
276,IMM_10,2,4,5,18-29,Female
276,IMM_9,2,4,5,18-29,Female
276,IMM_4,3,4,5,18-29,Female
276,IMM_7,3,4,5,18-29,Female
276,IMM_8,1,4,5,18-29,Female
281,IMM_9,3,4,5,18-29,Female
281,IMM_5,1,4,5,18-29,Female
281,IMM_4,1,4,5,18-29,Female
281,IMM_10,3,4,5,18-29,Female
281,IMM_3,1,4,5,18-29,Female
281,IMM_6,4,4,5,18-29,Female
281,IMM_1,1,4,5,18-29,Female
281,IMM_8,4,4,5,18-29,Female
281,IMM_2,3,4,5,18-29,Female
281,IMM_7,3,4,5,18-29,Female
282,IMM_2,2,4,4,30-39,Female
282,IMM_9,2,4,4,30-39,Female
282,IMM_3,4,4,4,30-39,Female
282,IMM_1,0,4,4,30-39,Female
282,IMM_7,2,4,4,30-39,Female
282,IMM_6,3,4,4,30-39,Female
282,IMM_8,1,4,4,30-39,Female
282,IMM_10,2,4,4,30-39,Female
282,IMM_5,2,4,4,30-39,Female
282,IMM_4,2,4,4,30-39,Female
284,IMM_9,1,4,2,40-49,Female
284,IMM_1,2,4,2,40-49,Female
284,IMM_3,1,4,2,40-49,Female
284,IMM_8,3,4,2,40-49,Female
284,IMM_10,2,4,2,40-49,Female
284,IMM_5,3,4,2,40-49,Female
284,IMM_6,1,4,2,40-49,Female
284,IMM_2,3,4,2,40-49,Female
284,IMM_7,3,4,2,40-49,Female
284,IMM_4,3,4,2,40-49,Female
285,IMM_8,4,4,3,60-69,Female
285,IMM_5,0,4,3,60-69,Female
285,IMM_4,2,4,3,60-69,Female
285,IMM_2,3,4,3,60-69,Female
285,IMM_9,2,4,3,60-69,Female
285,IMM_7,0,4,3,60-69,Female
285,IMM_3,4,4,3,60-69,Female
285,IMM_10,4,4,3,60-69,Female
285,IMM_1,0,4,3,60-69,Female
285,IMM_6,4,4,3,60-69,Female
291,IMM_8,3,4,1,60-69,Female
291,IMM_2,3,4,1,60-69,Female
291,IMM_5,0,4,1,60-69,Female
291,IMM_7,0,4,1,60-69,Female
291,IMM_3,4,4,1,60-69,Female
291,IMM_6,4,4,1,60-69,Female
291,IMM_4,1,4,1,60-69,Female
291,IMM_10,4,4,1,60-69,Female
291,IMM_1,1,4,1,60-69,Female
291,IMM_9,2,4,1,60-69,Female
293,IMM_10,2,4,5,60-69,Female
293,IMM_5,2,4,5,60-69,Female
293,IMM_6,1,4,5,60-69,Female
293,IMM_1,2,4,5,60-69,Female
293,IMM_4,1,4,5,60-69,Female
293,IMM_3,0,4,5,60-69,Female
293,IMM_7,2,4,5,60-69,Female
293,IMM_2,3,4,5,60-69,Female
293,IMM_8,4,4,5,60-69,Female
293,IMM_9,3,4,5,60-69,Female
295,IMM_7,0,4,3,18-29,Female
295,IMM_3,4,4,3,18-29,Female
295,IMM_5,0,4,3,18-29,Female
295,IMM_9,4,4,3,18-29,Female
295,IMM_2,3,4,3,18-29,Female
295,IMM_4,0,4,3,18-29,Female
295,IMM_8,1,4,3,18-29,Female
295,IMM_1,0,4,3,18-29,Female
295,IMM_10,4,4,3,18-29,Female
295,IMM_6,4,4,3,18-29,Female
296,IMM_1,4,4,5,30-39,Male
296,IMM_10,4,4,5,30-39,Male
296,IMM_4,3,4,5,30-39,Male
296,IMM_7,0,4,5,30-39,Male
296,IMM_8,2,4,5,30-39,Male
296,IMM_6,4,4,5,30-39,Male
296,IMM_5,3,4,5,30-39,Male
296,IMM_3,2,4,5,30-39,Male
296,IMM_9,4,4,5,30-39,Male
296,IMM_2,4,4,5,30-39,Male
298,IMM_3,4,4,1,60-69,Female
298,IMM_8,3,4,1,60-69,Female
298,IMM_2,3,4,1,60-69,Female
298,IMM_10,3,4,1,60-69,Female
298,IMM_7,0,4,1,60-69,Female
298,IMM_9,2,4,1,60-69,Female
298,IMM_5,1,4,1,60-69,Female
298,IMM_4,1,4,1,60-69,Female
298,IMM_1,1,4,1,60-69,Female
298,IMM_6,3,4,1,60-69,Female
299,IMM_2,3,4,6,40-49,Male
299,IMM_4,2,4,6,40-49,Male
299,IMM_7,1,4,6,40-49,Male
299,IMM_1,1,4,6,40-49,Male
299,IMM_9,2,4,6,40-49,Male
299,IMM_3,3,4,6,40-49,Male
299,IMM_5,3,4,6,40-49,Male
299,IMM_6,1,4,6,40-49,Male
299,IMM_8,3,4,6,40-49,Male
299,IMM_10,0,4,6,40-49,Male
302,IMM_10,4,4,5,30-39,Male
302,IMM_8,4,4,5,30-39,Male
302,IMM_2,4,4,5,30-39,Male
302,IMM_3,0,4,5,30-39,Male
302,IMM_1,4,4,5,30-39,Male
302,IMM_7,4,4,5,30-39,Male
302,IMM_6,4,4,5,30-39,Male
302,IMM_4,4,4,5,30-39,Male
302,IMM_5,4,4,5,30-39,Male
302,IMM_9,4,4,5,30-39,Male
306,IMM_1,4,4,7,40-49,Female
306,IMM_4,0,4,7,40-49,Female
306,IMM_2,0,4,7,40-49,Female
306,IMM_7,0,4,7,40-49,Female
306,IMM_3,0,4,7,40-49,Female
306,IMM_9,1,4,7,40-49,Female
306,IMM_6,2,4,7,40-49,Female
306,IMM_10,2,4,7,40-49,Female
306,IMM_8,2,4,7,40-49,Female
306,IMM_5,2,4,7,40-49,Female
314,IMM_6,2,4,3,40-49,Female
314,IMM_2,4,4,3,40-49,Female
314,IMM_4,3,4,3,40-49,Female
314,IMM_8,1,4,3,40-49,Female
314,IMM_1,4,4,3,40-49,Female
314,IMM_9,2,4,3,40-49,Female
314,IMM_3,4,4,3,40-49,Female
314,IMM_10,2,4,3,40-49,Female
314,IMM_7,1,4,3,40-49,Female
314,IMM_5,2,4,3,40-49,Female
321,IMM_8,3,4,1,18-29,Male
321,IMM_2,3,4,1,18-29,Male
321,IMM_7,1,4,1,18-29,Male
321,IMM_1,1,4,1,18-29,Male
321,IMM_3,3,4,1,18-29,Male
321,IMM_4,2,4,1,18-29,Male
321,IMM_10,3,4,1,18-29,Male
321,IMM_6,3,4,1,18-29,Male
321,IMM_9,3,4,1,18-29,Male
321,IMM_5,1,4,1,18-29,Male
325,IMM_7,0,4,2,18-29,Female
325,IMM_3,4,4,2,18-29,Female
325,IMM_9,3,4,2,18-29,Female
325,IMM_6,4,4,2,18-29,Female
325,IMM_2,3,4,2,18-29,Female
325,IMM_4,3,4,2,18-29,Female
325,IMM_8,3,4,2,18-29,Female
325,IMM_5,0,4,2,18-29,Female
325,IMM_10,4,4,2,18-29,Female
325,IMM_1,0,4,2,18-29,Female
326,IMM_1,3,4,7,18-29,Female
326,IMM_7,3,4,7,18-29,Female
326,IMM_10,2,4,7,18-29,Female
326,IMM_6,2,4,7,18-29,Female
326,IMM_3,0,4,7,18-29,Female
326,IMM_2,2,4,7,18-29,Female
326,IMM_4,1,4,7,18-29,Female
326,IMM_5,1,4,7,18-29,Female
326,IMM_8,1,4,7,18-29,Female
326,IMM_9,2,4,7,18-29,Female
330,IMM_10,4,4,5,40-49,Female
330,IMM_9,1,4,5,40-49,Female
330,IMM_5,1,4,5,40-49,Female
330,IMM_2,3,4,5,40-49,Female
330,IMM_7,0,4,5,40-49,Female
330,IMM_1,0,4,5,40-49,Female
330,IMM_3,4,4,5,40-49,Female
330,IMM_4,1,4,5,40-49,Female
330,IMM_6,4,4,5,40-49,Female
330,IMM_8,3,4,5,40-49,Female
337,IMM_10,4,4,2,30-39,Male
337,IMM_8,3,4,2,30-39,Male
337,IMM_4,1,4,2,30-39,Male
337,IMM_5,3,4,2,30-39,Male
337,IMM_9,3,4,2,30-39,Male
337,IMM_3,3,4,2,30-39,Male
337,IMM_2,3,4,2,30-39,Male
337,IMM_1,1,4,2,30-39,Male
337,IMM_6,3,4,2,30-39,Male
337,IMM_7,3,4,2,30-39,Male
338,IMM_2,4,4,7,60-69,Female
338,IMM_8,4,4,7,60-69,Female
338,IMM_3,1,4,7,60-69,Female
338,IMM_5,2,4,7,60-69,Female
338,IMM_6,3,4,7,60-69,Female
338,IMM_1,3,4,7,60-69,Female
338,IMM_4,2,4,7,60-69,Female
338,IMM_10,2,4,7,60-69,Female
338,IMM_9,3,4,7,60-69,Female
338,IMM_7,3,4,7,60-69,Female
341,IMM_7,2,4,5,60-69,Male
341,IMM_1,2,4,5,60-69,Male
341,IMM_4,0,4,5,60-69,Male
341,IMM_5,3,4,5,60-69,Male
341,IMM_2,4,4,5,60-69,Male
341,IMM_9,2,4,5,60-69,Male
341,IMM_6,4,4,5,60-69,Male
341,IMM_10,2,4,5,60-69,Male
341,IMM_3,1,4,5,60-69,Male
341,IMM_8,4,4,5,60-69,Male
348,IMM_8,4,4,3,30-39,Male
348,IMM_5,0,4,3,30-39,Male
348,IMM_1,2,4,3,30-39,Male
348,IMM_3,4,4,3,30-39,Male
348,IMM_7,2,4,3,30-39,Male
348,IMM_4,2,4,3,30-39,Male
348,IMM_10,4,4,3,30-39,Male
348,IMM_9,2,4,3,30-39,Male
348,IMM_2,2,4,3,30-39,Male
348,IMM_6,2,4,3,30-39,Male
349,IMM_2,3,4,1,60-69,Female
349,IMM_3,0,4,1,60-69,Female
349,IMM_9,3,4,1,60-69,Female
349,IMM_6,2,4,1,60-69,Female
349,IMM_7,1,4,1,60-69,Female
349,IMM_5,1,4,1,60-69,Female
349,IMM_1,4,4,1,60-69,Female
349,IMM_8,4,4,1,60-69,Female
349,IMM_10,3,4,1,60-69,Female
349,IMM_4,0,4,1,60-69,Female
350,IMM_7,0,4,1,50-59,Female
350,IMM_5,0,4,1,50-59,Female
350,IMM_4,2,4,1,50-59,Female
350,IMM_2,1,4,1,50-59,Female
350,IMM_9,2,4,1,50-59,Female
350,IMM_3,4,4,1,50-59,Female
350,IMM_10,4,4,1,50-59,Female
350,IMM_6,3,4,1,50-59,Female
350,IMM_1,0,4,1,50-59,Female
350,IMM_8,2,4,1,50-59,Female
360,IMM_6,2,4,3,18-29,Female
360,IMM_1,0,4,3,18-29,Female
360,IMM_7,2,4,3,18-29,Female
360,IMM_10,2,4,3,18-29,Female
360,IMM_2,3,4,3,18-29,Female
360,IMM_3,0,4,3,18-29,Female
360,IMM_8,2,4,3,18-29,Female
360,IMM_4,0,4,3,18-29,Female
360,IMM_9,2,4,3,18-29,Female
360,IMM_5,3,4,3,18-29,Female
362,IMM_2,4,4,6,40-49,Male
362,IMM_10,4,4,6,40-49,Male
362,IMM_1,4,4,6,40-49,Male
362,IMM_7,0,4,6,40-49,Male
362,IMM_8,4,4,6,40-49,Male
362,IMM_3,0,4,6,40-49,Male
362,IMM_9,4,4,6,40-49,Male
362,IMM_6,4,4,6,40-49,Male
362,IMM_5,4,4,6,40-49,Male
362,IMM_4,4,4,6,40-49,Male
363,IMM_5,1,4,5,18-29,Female
363,IMM_8,2,4,5,18-29,Female
363,IMM_4,0,4,5,18-29,Female
363,IMM_1,4,4,5,18-29,Female
363,IMM_10,1,4,5,18-29,Female
363,IMM_6,0,4,5,18-29,Female
363,IMM_9,1,4,5,18-29,Female
363,IMM_7,3,4,5,18-29,Female
363,IMM_2,1,4,5,18-29,Female
363,IMM_3,0,4,5,18-29,Female
366,IMM_3,0,4,5,40-49,Female
366,IMM_8,1,4,5,40-49,Female
366,IMM_7,3,4,5,40-49,Female
366,IMM_5,4,4,5,40-49,Female
366,IMM_2,3,4,5,40-49,Female
366,IMM_4,1,4,5,40-49,Female
366,IMM_10,0,4,5,40-49,Female
366,IMM_6,1,4,5,40-49,Female
366,IMM_1,4,4,5,40-49,Female
366,IMM_9,0,4,5,40-49,Female
368,IMM_4,3,4,3,70-79,Female
368,IMM_6,3,4,3,70-79,Female
368,IMM_5,4,4,3,70-79,Female
368,IMM_9,2,4,3,70-79,Female
368,IMM_1,4,4,3,70-79,Female
368,IMM_10,3,4,3,70-79,Female
368,IMM_3,1,4,3,70-79,Female
368,IMM_2,3,4,3,70-79,Female
368,IMM_7,2,4,3,70-79,Female
368,IMM_8,3,4,3,70-79,Female
369,IMM_7,2,4,6,40-49,Female
369,IMM_10,2,4,6,40-49,Female
369,IMM_2,3,4,6,40-49,Female
369,IMM_5,3,4,6,40-49,Female
369,IMM_1,4,4,6,40-49,Female
369,IMM_4,3,4,6,40-49,Female
369,IMM_3,1,4,6,40-49,Female
369,IMM_6,1,4,6,40-49,Female
369,IMM_8,0,4,6,40-49,Female
369,IMM_9,1,4,6,40-49,Female
385,IMM_9,3,4,6,18-29,Female
385,IMM_7,3,4,6,18-29,Female
385,IMM_10,3,4,6,18-29,Female
385,IMM_8,3,4,6,18-29,Female
385,IMM_2,3,4,6,18-29,Female
385,IMM_6,1,4,6,18-29,Female
385,IMM_3,4,4,6,18-29,Female
385,IMM_1,1,4,6,18-29,Female
385,IMM_5,0,4,6,18-29,Female
385,IMM_4,1,4,6,18-29,Female
388,IMM_2,4,4,3,18-29,Female
388,IMM_8,3,4,3,18-29,Female
388,IMM_5,1,4,3,18-29,Female
388,IMM_7,0,4,3,18-29,Female
388,IMM_9,2,4,3,18-29,Female
388,IMM_3,4,4,3,18-29,Female
388,IMM_6,3,4,3,18-29,Female
388,IMM_10,3,4,3,18-29,Female
388,IMM_4,1,4,3,18-29,Female
388,IMM_1,2,4,3,18-29,Female
395,IMM_10,3,4,1,50-59,Female
395,IMM_5,1,4,1,50-59,Female
395,IMM_3,4,4,1,50-59,Female
395,IMM_9,2,4,1,50-59,Female
395,IMM_6,2,4,1,50-59,Female
395,IMM_4,2,4,1,50-59,Female
395,IMM_7,1,4,1,50-59,Female
395,IMM_2,2,4,1,50-59,Female
395,IMM_8,2,4,1,50-59,Female
395,IMM_1,2,4,1,50-59,Female
397,IMM_10,2,4,2,30-39,Female
397,IMM_9,2,4,2,30-39,Female
397,IMM_2,3,4,2,30-39,Female
397,IMM_1,1,4,2,30-39,Female
397,IMM_6,2,4,2,30-39,Female
397,IMM_7,1,4,2,30-39,Female
397,IMM_5,1,4,2,30-39,Female
397,IMM_8,2,4,2,30-39,Female
397,IMM_4,1,4,2,30-39,Female
397,IMM_3,3,4,2,30-39,Female
398,IMM_10,3,4,3,70-79,Male
398,IMM_5,1,4,3,70-79,Male
398,IMM_4,3,4,3,70-79,Male
398,IMM_6,0,4,3,70-79,Male
398,IMM_9,4,4,3,70-79,Male
398,IMM_7,1,4,3,70-79,Male
398,IMM_3,3,4,3,70-79,Male
398,IMM_1,1,4,3,70-79,Male
398,IMM_8,4,4,3,70-79,Male
398,IMM_2,0,4,3,70-79,Male
401,IMM_2,2,4,2,70-79,Female
401,IMM_9,2,4,2,70-79,Female
401,IMM_7,2,4,2,70-79,Female
401,IMM_3,1,4,2,70-79,Female
401,IMM_10,1,4,2,70-79,Female
401,IMM_6,3,4,2,70-79,Female
401,IMM_5,3,4,2,70-79,Female
401,IMM_1,3,4,2,70-79,Female
401,IMM_4,2,4,2,70-79,Female
401,IMM_8,3,4,2,70-79,Female
405,IMM_1,3,4,2,18-29,Male
405,IMM_7,1,4,2,18-29,Male
405,IMM_9,1,4,2,18-29,Male
405,IMM_2,2,4,2,18-29,Male
405,IMM_10,1,4,2,18-29,Male
405,IMM_5,3,4,2,18-29,Male
405,IMM_3,3,4,2,18-29,Male
405,IMM_4,1,4,2,18-29,Male
405,IMM_8,1,4,2,18-29,Male
405,IMM_6,2,4,2,18-29,Male
407,IMM_3,3,4,1,50-59,Female
407,IMM_8,3,4,1,50-59,Female
407,IMM_4,1,4,1,50-59,Female
407,IMM_7,1,4,1,50-59,Female
407,IMM_10,4,4,1,50-59,Female
407,IMM_1,1,4,1,50-59,Female
407,IMM_9,2,4,1,50-59,Female
407,IMM_5,1,4,1,50-59,Female
407,IMM_6,4,4,1,50-59,Female
407,IMM_2,4,4,1,50-59,Female
408,IMM_6,2,4,3,50-59,Female
408,IMM_3,2,4,3,50-59,Female
408,IMM_10,1,4,3,50-59,Female
408,IMM_9,1,4,3,50-59,Female
408,IMM_4,2,4,3,50-59,Female
408,IMM_5,2,4,3,50-59,Female
408,IMM_8,2,4,3,50-59,Female
408,IMM_7,3,4,3,50-59,Female
408,IMM_1,3,4,3,50-59,Female
408,IMM_2,3,4,3,50-59,Female
412,IMM_7,2,4,7,40-49,Male
412,IMM_9,3,4,7,40-49,Male
412,IMM_1,1,4,7,40-49,Male
412,IMM_4,3,4,7,40-49,Male
412,IMM_6,3,4,7,40-49,Male
412,IMM_3,0,4,7,40-49,Male
412,IMM_8,4,4,7,40-49,Male
412,IMM_10,3,4,7,40-49,Male
412,IMM_2,3,4,7,40-49,Male
412,IMM_5,3,4,7,40-49,Male
417,IMM_1,2,4,7,40-49,Female
417,IMM_8,4,4,7,40-49,Female
417,IMM_4,1,4,7,40-49,Female
417,IMM_2,2,4,7,40-49,Female
417,IMM_3,0,4,7,40-49,Female
417,IMM_5,3,4,7,40-49,Female
417,IMM_7,3,4,7,40-49,Female
417,IMM_6,1,4,7,40-49,Female
417,IMM_10,2,4,7,40-49,Female
417,IMM_9,2,4,7,40-49,Female
418,IMM_5,1,4,1,60-69,Female
418,IMM_8,4,4,1,60-69,Female
418,IMM_7,0,4,1,60-69,Female
418,IMM_6,4,4,1,60-69,Female
418,IMM_4,1,4,1,60-69,Female
418,IMM_3,4,4,1,60-69,Female
418,IMM_9,4,4,1,60-69,Female
418,IMM_10,4,4,1,60-69,Female
418,IMM_1,0,4,1,60-69,Female
418,IMM_2,1,4,1,60-69,Female
432,IMM_7,4,4,5,70-79,Female
432,IMM_1,2,4,5,70-79,Female
432,IMM_6,2,4,5,70-79,Female
432,IMM_9,3,4,5,70-79,Female
432,IMM_8,4,4,5,70-79,Female
432,IMM_3,0,4,5,70-79,Female
432,IMM_10,0,4,5,70-79,Female
432,IMM_5,2,4,5,70-79,Female
432,IMM_2,4,4,5,70-79,Female
432,IMM_4,1,4,5,70-79,Female
443,IMM_7,2,4,6,50-59,Male
443,IMM_9,2,4,6,50-59,Male
443,IMM_4,1,4,6,50-59,Male
443,IMM_3,3,4,6,50-59,Male
443,IMM_8,3,4,6,50-59,Male
443,IMM_2,3,4,6,50-59,Male
443,IMM_10,0,4,6,50-59,Male
443,IMM_6,2,4,6,50-59,Male
443,IMM_5,1,4,6,50-59,Male
443,IMM_1,2,4,6,50-59,Male
444,IMM_7,4,4,5,60-69,Male
444,IMM_5,4,4,5,60-69,Male
444,IMM_8,4,4,5,60-69,Male
444,IMM_3,0,4,5,60-69,Male
444,IMM_1,4,4,5,60-69,Male
444,IMM_9,3,4,5,60-69,Male
444,IMM_10,2,4,5,60-69,Male
444,IMM_6,2,4,5,60-69,Male
444,IMM_2,4,4,5,60-69,Male
444,IMM_4,3,4,5,60-69,Male
450,IMM_9,2,4,6,40-49,Female
450,IMM_6,3,4,6,40-49,Female
450,IMM_4,1,4,6,40-49,Female
450,IMM_3,0,4,6,40-49,Female
450,IMM_7,2,4,6,40-49,Female
450,IMM_8,2,4,6,40-49,Female
450,IMM_2,3,4,6,40-49,Female
450,IMM_5,1,4,6,40-49,Female
450,IMM_10,0,4,6,40-49,Female
450,IMM_1,3,4,6,40-49,Female
455,IMM_9,1,4,6,50-59,Male
455,IMM_6,0,4,6,50-59,Male
455,IMM_8,4,4,6,50-59,Male
455,IMM_1,4,4,6,50-59,Male
455,IMM_10,0,4,6,50-59,Male
455,IMM_3,0,4,6,50-59,Male
455,IMM_5,2,4,6,50-59,Male
455,IMM_7,3,4,6,50-59,Male
455,IMM_4,1,4,6,50-59,Male
455,IMM_2,2,4,6,50-59,Male
458,IMM_9,2,4,6,60-69,Male
458,IMM_3,3,4,6,60-69,Male
458,IMM_6,0,4,6,60-69,Male
458,IMM_5,3,4,6,60-69,Male
458,IMM_7,1,4,6,60-69,Male
458,IMM_1,4,4,6,60-69,Male
458,IMM_8,2,4,6,60-69,Male
458,IMM_2,3,4,6,60-69,Male
458,IMM_10,1,4,6,60-69,Male
458,IMM_4,2,4,6,60-69,Male
459,IMM_3,3,4,1,40-49,Male
459,IMM_1,0,4,1,40-49,Male
459,IMM_6,2,4,1,40-49,Male
459,IMM_7,1,4,1,40-49,Male
459,IMM_4,2,4,1,40-49,Male
459,IMM_9,3,4,1,40-49,Male
459,IMM_5,1,4,1,40-49,Male
459,IMM_8,2,4,1,40-49,Male
459,IMM_2,2,4,1,40-49,Male
459,IMM_10,4,4,1,40-49,Male
470,IMM_3,2,4,7,50-59,Male
470,IMM_4,1,4,7,50-59,Male
470,IMM_2,1,4,7,50-59,Male
470,IMM_6,1,4,7,50-59,Male
470,IMM_1,4,4,7,50-59,Male
470,IMM_8,1,4,7,50-59,Male
470,IMM_9,1,4,7,50-59,Male
470,IMM_10,1,4,7,50-59,Male
470,IMM_7,3,4,7,50-59,Male
470,IMM_5,1,4,7,50-59,Male
474,IMM_8,3,4,5,50-59,Male
474,IMM_9,2,4,5,50-59,Male
474,IMM_5,1,4,5,50-59,Male
474,IMM_6,1,4,5,50-59,Male
474,IMM_10,3,4,5,50-59,Male
474,IMM_7,2,4,5,50-59,Male
474,IMM_2,3,4,5,50-59,Male
474,IMM_3,1,4,5,50-59,Male
474,IMM_4,3,4,5,50-59,Male
474,IMM_1,1,4,5,50-59,Male
477,IMM_9,2,4,1,70-79,Male
477,IMM_7,1,4,1,70-79,Male
477,IMM_2,1,4,1,70-79,Male
477,IMM_5,1,4,1,70-79,Male
477,IMM_1,1,4,1,70-79,Male
477,IMM_4,1,4,1,70-79,Male
477,IMM_10,3,4,1,70-79,Male
477,IMM_3,3,4,1,70-79,Male
477,IMM_6,3,4,1,70-79,Male
477,IMM_8,2,4,1,70-79,Male
479,IMM_5,2,4,3,50-59,Female
479,IMM_3,3,4,3,50-59,Female
479,IMM_9,3,4,3,50-59,Female
479,IMM_2,1,4,3,50-59,Female
479,IMM_10,1,4,3,50-59,Female
479,IMM_6,1,4,3,50-59,Female
479,IMM_1,1,4,3,50-59,Female
479,IMM_7,3,4,3,50-59,Female
479,IMM_4,2,4,3,50-59,Female
479,IMM_8,3,4,3,50-59,Female
481,IMM_6,3,4,3,60-69,Male
481,IMM_3,4,4,3,60-69,Male
481,IMM_5,0,4,3,60-69,Male
481,IMM_2,1,4,3,60-69,Male
481,IMM_9,2,4,3,60-69,Male
481,IMM_7,0,4,3,60-69,Male
481,IMM_10,4,4,3,60-69,Male
481,IMM_1,1,4,3,60-69,Male
481,IMM_4,0,4,3,60-69,Male
481,IMM_8,3,4,3,60-69,Male
486,IMM_9,4,4,3,70-79,Male
486,IMM_8,3,4,3,70-79,Male
486,IMM_6,4,4,3,70-79,Male
486,IMM_7,1,4,3,70-79,Male
486,IMM_3,4,4,3,70-79,Male
486,IMM_1,0,4,3,70-79,Male
486,IMM_10,4,4,3,70-79,Male
486,IMM_5,0,4,3,70-79,Male
486,IMM_2,2,4,3,70-79,Male
486,IMM_4,1,4,3,70-79,Male
496,IMM_1,1,4,3,30-39,Female
496,IMM_8,2,4,3,30-39,Female
496,IMM_4,2,4,3,30-39,Female
496,IMM_6,2,4,3,30-39,Female
496,IMM_2,4,4,3,30-39,Female
496,IMM_10,2,4,3,30-39,Female
496,IMM_3,2,4,3,30-39,Female
496,IMM_7,2,4,3,30-39,Female
496,IMM_5,1,4,3,30-39,Female
496,IMM_9,2,4,3,30-39,Female
500,IMM_10,3,4,6,30-39,Female
500,IMM_1,2,4,6,30-39,Female
500,IMM_9,3,4,6,30-39,Female
500,IMM_7,2,4,6,30-39,Female
500,IMM_2,4,4,6,30-39,Female
500,IMM_5,2,4,6,30-39,Female
500,IMM_4,1,4,6,30-39,Female
500,IMM_8,3,4,6,30-39,Female
500,IMM_3,1,4,6,30-39,Female
500,IMM_6,2,4,6,30-39,Female
501,IMM_5,1,4,2,80+,Female
501,IMM_10,1,4,2,80+,Female
501,IMM_8,3,4,2,80+,Female
501,IMM_3,3,4,2,80+,Female
501,IMM_6,3,4,2,80+,Female
501,IMM_4,1,4,2,80+,Female
501,IMM_7,1,4,2,80+,Female
501,IMM_9,3,4,2,80+,Female
501,IMM_2,3,4,2,80+,Female
501,IMM_1,3,4,2,80+,Female
503,IMM_5,0,4,2,50-59,Female
503,IMM_10,4,4,2,50-59,Female
503,IMM_8,4,4,2,50-59,Female
503,IMM_3,4,4,2,50-59,Female
503,IMM_6,3,4,2,50-59,Female
503,IMM_1,1,4,2,50-59,Female
503,IMM_9,2,4,2,50-59,Female
503,IMM_2,3,4,2,50-59,Female
503,IMM_4,0,4,2,50-59,Female
503,IMM_7,1,4,2,50-59,Female
504,IMM_6,0,4,5,70-79,Female
504,IMM_4,0,4,5,70-79,Female
504,IMM_10,2,4,5,70-79,Female
504,IMM_7,3,4,5,70-79,Female
504,IMM_9,2,4,5,70-79,Female
504,IMM_3,0,4,5,70-79,Female
504,IMM_1,3,4,5,70-79,Female
504,IMM_5,2,4,5,70-79,Female
504,IMM_2,0,4,5,70-79,Female
504,IMM_8,1,4,5,70-79,Female
505,IMM_5,3,4,1,30-39,Female
505,IMM_4,1,4,1,30-39,Female
505,IMM_9,2,4,1,30-39,Female
505,IMM_2,1,4,1,30-39,Female
505,IMM_8,3,4,1,30-39,Female
505,IMM_3,0,4,1,30-39,Female
505,IMM_7,1,4,1,30-39,Female
505,IMM_1,0,4,1,30-39,Female
505,IMM_6,2,4,1,30-39,Female
505,IMM_10,0,4,1,30-39,Female
506,IMM_5,1,4,4,60-69,Male
506,IMM_10,1,4,4,60-69,Male
506,IMM_6,2,4,4,60-69,Male
506,IMM_7,3,4,4,60-69,Male
506,IMM_9,2,4,4,60-69,Male
506,IMM_3,3,4,4,60-69,Male
506,IMM_8,3,4,4,60-69,Male
506,IMM_1,2,4,4,60-69,Male
506,IMM_4,1,4,4,60-69,Male
506,IMM_2,3,4,4,60-69,Male
510,IMM_1,1,4,5,60-69,Male
510,IMM_6,0,4,5,60-69,Male
510,IMM_4,3,4,5,60-69,Male
510,IMM_3,4,4,5,60-69,Male
510,IMM_8,3,4,5,60-69,Male
510,IMM_5,1,4,5,60-69,Male
510,IMM_2,1,4,5,60-69,Male
510,IMM_7,2,4,5,60-69,Male
510,IMM_10,3,4,5,60-69,Male
510,IMM_9,4,4,5,60-69,Male
514,IMM_3,0,4,6,50-59,Female
514,IMM_10,2,4,6,50-59,Female
514,IMM_7,2,4,6,50-59,Female
514,IMM_9,2,4,6,50-59,Female
514,IMM_8,2,4,6,50-59,Female
514,IMM_2,1,4,6,50-59,Female
514,IMM_6,3,4,6,50-59,Female
514,IMM_1,3,4,6,50-59,Female
514,IMM_5,2,4,6,50-59,Female
514,IMM_4,2,4,6,50-59,Female
519,IMM_7,1,4,6,50-59,Female
519,IMM_5,0,4,6,50-59,Female
519,IMM_10,1,4,6,50-59,Female
519,IMM_6,3,4,6,50-59,Female
519,IMM_8,2,4,6,50-59,Female
519,IMM_9,3,4,6,50-59,Female
519,IMM_3,4,4,6,50-59,Female
519,IMM_1,3,4,6,50-59,Female
519,IMM_2,1,4,6,50-59,Female
519,IMM_4,3,4,6,50-59,Female
521,IMM_3,4,4,4,40-49,Female
521,IMM_2,3,4,4,40-49,Female
521,IMM_10,3,4,4,40-49,Female
521,IMM_8,3,4,4,40-49,Female
521,IMM_4,1,4,4,40-49,Female
521,IMM_7,1,4,4,40-49,Female
521,IMM_5,1,4,4,40-49,Female
521,IMM_9,3,4,4,40-49,Female
521,IMM_1,0,4,4,40-49,Female
521,IMM_6,3,4,4,40-49,Female
525,IMM_5,3,4,2,40-49,Female
525,IMM_3,1,4,2,40-49,Female
525,IMM_6,1,4,2,40-49,Female
525,IMM_7,3,4,2,40-49,Female
525,IMM_9,2,4,2,40-49,Female
525,IMM_1,2,4,2,40-49,Female
525,IMM_10,2,4,2,40-49,Female
525,IMM_2,4,4,2,40-49,Female
525,IMM_8,1,4,2,40-49,Female
525,IMM_4,3,4,2,40-49,Female
526,IMM_8,4,4,1,60-69,Female
526,IMM_10,2,4,1,60-69,Female
526,IMM_5,0,4,1,60-69,Female
526,IMM_2,0,4,1,60-69,Female
526,IMM_4,1,4,1,60-69,Female
526,IMM_6,3,4,1,60-69,Female
526,IMM_9,2,4,1,60-69,Female
526,IMM_3,4,4,1,60-69,Female
526,IMM_7,1,4,1,60-69,Female
526,IMM_1,0,4,1,60-69,Female
527,IMM_6,4,4,3,30-39,Male
527,IMM_3,4,4,3,30-39,Male
527,IMM_5,4,4,3,30-39,Male
527,IMM_10,4,4,3,30-39,Male
527,IMM_8,4,4,3,30-39,Male
527,IMM_7,3,4,3,30-39,Male
527,IMM_1,0,4,3,30-39,Male
527,IMM_9,4,4,3,30-39,Male
527,IMM_2,4,4,3,30-39,Male
527,IMM_4,2,4,3,30-39,Male
528,IMM_5,2,4,2,18-29,Female
528,IMM_6,2,4,2,18-29,Female
528,IMM_4,1,4,2,18-29,Female
528,IMM_8,3,4,2,18-29,Female
528,IMM_3,4,4,2,18-29,Female
528,IMM_2,4,4,2,18-29,Female
528,IMM_10,3,4,2,18-29,Female
528,IMM_1,1,4,2,18-29,Female
528,IMM_9,2,4,2,18-29,Female
528,IMM_7,1,4,2,18-29,Female
531,IMM_2,4,4,1,30-39,Male
531,IMM_6,3,4,1,30-39,Male
531,IMM_1,0,4,1,30-39,Male
531,IMM_10,4,4,1,30-39,Male
531,IMM_4,1,4,1,30-39,Male
531,IMM_3,3,4,1,30-39,Male
531,IMM_9,4,4,1,30-39,Male
531,IMM_5,1,4,1,30-39,Male
531,IMM_7,2,4,1,30-39,Male
531,IMM_8,3,4,1,30-39,Male
533,IMM_4,1,4,5,40-49,Male
533,IMM_8,4,4,5,40-49,Male
533,IMM_1,0,4,5,40-49,Male
533,IMM_2,4,4,5,40-49,Male
533,IMM_3,1,4,5,40-49,Male
533,IMM_6,4,4,5,40-49,Male
533,IMM_9,3,4,5,40-49,Male
533,IMM_7,2,4,5,40-49,Male
533,IMM_5,1,4,5,40-49,Male
533,IMM_10,1,4,5,40-49,Male
535,IMM_4,1,4,6,40-49,Female
535,IMM_1,4,4,6,40-49,Female
535,IMM_3,0,4,6,40-49,Female
535,IMM_9,0,4,6,40-49,Female
535,IMM_2,2,4,6,40-49,Female
535,IMM_5,2,4,6,40-49,Female
535,IMM_10,1,4,6,40-49,Female
535,IMM_8,4,4,6,40-49,Female
535,IMM_6,3,4,6,40-49,Female
535,IMM_7,3,4,6,40-49,Female
537,IMM_8,0,4,7,50-59,Female
537,IMM_4,2,4,7,50-59,Female
537,IMM_10,0,4,7,50-59,Female
537,IMM_2,0,4,7,50-59,Female
537,IMM_6,0,4,7,50-59,Female
537,IMM_5,1,4,7,50-59,Female
537,IMM_7,2,4,7,50-59,Female
537,IMM_3,0,4,7,50-59,Female
537,IMM_1,3,4,7,50-59,Female
537,IMM_9,0,4,7,50-59,Female
540,IMM_10,3,4,1,50-59,Female
540,IMM_6,4,4,1,50-59,Female
540,IMM_5,0,4,1,50-59,Female
540,IMM_1,0,4,1,50-59,Female
540,IMM_8,3,4,1,50-59,Female
540,IMM_7,0,4,1,50-59,Female
540,IMM_2,1,4,1,50-59,Female
540,IMM_9,4,4,1,50-59,Female
540,IMM_4,0,4,1,50-59,Female
540,IMM_3,4,4,1,50-59,Female
541,IMM_5,0,4,1,70-79,Female
541,IMM_4,2,4,1,70-79,Female
541,IMM_7,1,4,1,70-79,Female
541,IMM_10,4,4,1,70-79,Female
541,IMM_2,3,4,1,70-79,Female
541,IMM_3,3,4,1,70-79,Female
541,IMM_8,4,4,1,70-79,Female
541,IMM_1,0,4,1,70-79,Female
541,IMM_6,4,4,1,70-79,Female
541,IMM_9,1,4,1,70-79,Female
542,IMM_5,0,4,2,50-59,Female
542,IMM_1,2,4,2,50-59,Female
542,IMM_8,3,4,2,50-59,Female
542,IMM_3,4,4,2,50-59,Female
542,IMM_6,2,4,2,50-59,Female
542,IMM_10,0,4,2,50-59,Female
542,IMM_2,3,4,2,50-59,Female
542,IMM_9,0,4,2,50-59,Female
542,IMM_4,0,4,2,50-59,Female
542,IMM_7,0,4,2,50-59,Female
543,IMM_2,3,4,7,40-49,Male
543,IMM_6,1,4,7,40-49,Male
543,IMM_10,1,4,7,40-49,Male
543,IMM_1,1,4,7,40-49,Male
543,IMM_7,3,4,7,40-49,Male
543,IMM_8,4,4,7,40-49,Male
543,IMM_9,2,4,7,40-49,Male
543,IMM_4,3,4,7,40-49,Male
543,IMM_5,2,4,7,40-49,Male
543,IMM_3,0,4,7,40-49,Male
547,IMM_3,1,4,7,60-69,Female
547,IMM_8,2,4,7,60-69,Female
547,IMM_4,1,4,7,60-69,Female
547,IMM_9,2,4,7,60-69,Female
547,IMM_7,4,4,7,60-69,Female
547,IMM_2,1,4,7,60-69,Female
547,IMM_6,2,4,7,60-69,Female
547,IMM_5,4,4,7,60-69,Female
547,IMM_10,3,4,7,60-69,Female
547,IMM_1,3,4,7,60-69,Female
550,IMM_4,3,4,6,40-49,Female
550,IMM_9,2,4,6,40-49,Female
550,IMM_6,2,4,6,40-49,Female
550,IMM_5,1,4,6,40-49,Female
550,IMM_1,2,4,6,40-49,Female
550,IMM_2,3,4,6,40-49,Female
550,IMM_8,3,4,6,40-49,Female
550,IMM_10,2,4,6,40-49,Female
550,IMM_7,2,4,6,40-49,Female
550,IMM_3,4,4,6,40-49,Female
553,IMM_10,0,4,6,30-39,Female
553,IMM_3,1,4,6,30-39,Female
553,IMM_7,2,4,6,30-39,Female
553,IMM_2,3,4,6,30-39,Female
553,IMM_1,3,4,6,30-39,Female
553,IMM_6,1,4,6,30-39,Female
553,IMM_4,1,4,6,30-39,Female
553,IMM_8,1,4,6,30-39,Female
553,IMM_9,2,4,6,30-39,Female
553,IMM_5,1,4,6,30-39,Female
558,IMM_8,3,4,2,70-79,Female
558,IMM_10,3,4,2,70-79,Female
558,IMM_7,1,4,2,70-79,Female
558,IMM_9,3,4,2,70-79,Female
558,IMM_6,3,4,2,70-79,Female
558,IMM_1,0,4,2,70-79,Female
558,IMM_3,1,4,2,70-79,Female
558,IMM_2,1,4,2,70-79,Female
558,IMM_5,0,4,2,70-79,Female
558,IMM_4,1,4,2,70-79,Female
563,IMM_5,2,4,3,50-59,Male
563,IMM_8,3,4,3,50-59,Male
563,IMM_7,1,4,3,50-59,Male
563,IMM_1,2,4,3,50-59,Male
563,IMM_10,2,4,3,50-59,Male
563,IMM_4,2,4,3,50-59,Male
563,IMM_2,2,4,3,50-59,Male
563,IMM_9,2,4,3,50-59,Male
563,IMM_6,3,4,3,50-59,Male
563,IMM_3,3,4,3,50-59,Male
566,IMM_7,4,4,1,18-29,Male
566,IMM_2,4,4,1,18-29,Male
566,IMM_4,4,4,1,18-29,Male
566,IMM_5,3,4,1,18-29,Male
566,IMM_1,4,4,1,18-29,Male
566,IMM_9,1,4,1,18-29,Male
566,IMM_10,4,4,1,18-29,Male
566,IMM_6,0,4,1,18-29,Male
566,IMM_8,2,4,1,18-29,Male
568,IMM_2,1,4,3,40-49,Female
568,IMM_3,3,4,3,40-49,Female
568,IMM_10,2,4,3,40-49,Female
568,IMM_9,1,4,3,40-49,Female
568,IMM_4,3,4,3,40-49,Female
568,IMM_1,3,4,3,40-49,Female
568,IMM_8,3,4,3,40-49,Female
568,IMM_5,1,4,3,40-49,Female
568,IMM_6,3,4,3,40-49,Female
568,IMM_7,2,4,3,40-49,Female
569,IMM_3,0,4,5,50-59,Female
569,IMM_7,2,4,5,50-59,Female
569,IMM_6,3,4,5,50-59,Female
569,IMM_8,0,4,5,50-59,Female
569,IMM_10,0,4,5,50-59,Female
569,IMM_2,4,4,5,50-59,Female
569,IMM_1,4,4,5,50-59,Female
569,IMM_5,4,4,5,50-59,Female
569,IMM_9,2,4,5,50-59,Female
569,IMM_4,0,4,5,50-59,Female
572,IMM_10,0,4,1,18-29,Female
572,IMM_1,4,4,1,18-29,Female
572,IMM_6,3,4,1,18-29,Female
572,IMM_9,2,4,1,18-29,Female
572,IMM_2,1,4,1,18-29,Female
572,IMM_3,1,4,1,18-29,Female
572,IMM_8,4,4,1,18-29,Female
572,IMM_7,2,4,1,18-29,Female
572,IMM_5,1,4,1,18-29,Female
572,IMM_4,3,4,1,18-29,Female
576,IMM_10,2,4,6,30-39,Male
576,IMM_5,3,4,6,30-39,Male
576,IMM_7,3,4,6,30-39,Male
576,IMM_1,4,4,6,30-39,Male
576,IMM_9,1,4,6,30-39,Male
576,IMM_4,2,4,6,30-39,Male
576,IMM_2,4,4,6,30-39,Male
576,IMM_3,0,4,6,30-39,Male
576,IMM_8,1,4,6,30-39,Male
576,IMM_6,3,4,6,30-39,Male
579,IMM_6,4,4,3,50-59,Female
579,IMM_8,4,4,3,50-59,Female
579,IMM_10,4,4,3,50-59,Female
579,IMM_2,4,4,3,50-59,Female
579,IMM_3,4,4,3,50-59,Female
579,IMM_9,3,4,3,50-59,Female
579,IMM_4,0,4,3,50-59,Female
579,IMM_5,0,4,3,50-59,Female
579,IMM_1,0,4,3,50-59,Female
579,IMM_7,0,4,3,50-59,Female
587,IMM_3,4,4,5,18-29,Female
587,IMM_7,0,4,5,18-29,Female
587,IMM_6,3,4,5,18-29,Female
587,IMM_1,1,4,5,18-29,Female
587,IMM_9,1,4,5,18-29,Female
587,IMM_5,1,4,5,18-29,Female
587,IMM_10,1,4,5,18-29,Female
587,IMM_8,4,4,5,18-29,Female
587,IMM_2,3,4,5,18-29,Female
587,IMM_4,3,4,5,18-29,Female
588,IMM_10,3,4,3,50-59,Female
588,IMM_5,1,4,3,50-59,Female
588,IMM_2,1,4,3,50-59,Female
588,IMM_3,4,4,3,50-59,Female
588,IMM_8,3,4,3,50-59,Female
588,IMM_1,0,4,3,50-59,Female
588,IMM_6,4,4,3,50-59,Female
588,IMM_4,1,4,3,50-59,Female
588,IMM_9,2,4,3,50-59,Female
588,IMM_7,1,4,3,50-59,Female
592,IMM_6,4,4,5,30-39,Female
592,IMM_4,1,4,5,30-39,Female
592,IMM_3,1,4,5,30-39,Female
592,IMM_2,3,4,5,30-39,Female
592,IMM_9,3,4,5,30-39,Female
592,IMM_1,1,4,5,30-39,Female
592,IMM_10,2,4,5,30-39,Female
592,IMM_7,0,4,5,30-39,Female
592,IMM_8,4,4,5,30-39,Female
592,IMM_5,2,4,5,30-39,Female
594,IMM_10,0,4,2,30-39,Female
594,IMM_2,0,4,2,30-39,Female
594,IMM_5,1,4,2,30-39,Female
594,IMM_8,3,4,2,30-39,Female
594,IMM_9,2,4,2,30-39,Female
594,IMM_7,2,4,2,30-39,Female
594,IMM_6,0,4,2,30-39,Female
594,IMM_3,3,4,2,30-39,Female
594,IMM_1,3,4,2,30-39,Female
594,IMM_4,0,4,2,30-39,Female
597,IMM_5,1,4,1,30-39,Female
597,IMM_10,3,4,1,30-39,Female
597,IMM_2,4,4,1,30-39,Female
597,IMM_3,3,4,1,30-39,Female
597,IMM_6,3,4,1,30-39,Female
597,IMM_4,3,4,1,30-39,Female
597,IMM_9,2,4,1,30-39,Female
597,IMM_1,0,4,1,30-39,Female
597,IMM_7,0,4,1,30-39,Female
597,IMM_8,0,4,1,30-39,Female
600,IMM_4,1,4,2,30-39,Female
600,IMM_3,3,4,2,30-39,Female
600,IMM_8,4,4,2,30-39,Female
600,IMM_6,3,4,2,30-39,Female
600,IMM_10,1,4,2,30-39,Female
600,IMM_2,3,4,2,30-39,Female
600,IMM_5,1,4,2,30-39,Female
600,IMM_9,2,4,2,30-39,Female
600,IMM_7,0,4,2,30-39,Female
600,IMM_1,1,4,2,30-39,Female
601,IMM_6,3,4,6,40-49,Female
601,IMM_4,1,4,6,40-49,Female
601,IMM_10,3,4,6,40-49,Female
601,IMM_8,4,4,6,40-49,Female
601,IMM_9,2,4,6,40-49,Female
601,IMM_5,3,4,6,40-49,Female
601,IMM_7,0,4,6,40-49,Female
601,IMM_1,0,4,6,40-49,Female
601,IMM_2,1,4,6,40-49,Female
601,IMM_3,0,4,6,40-49,Female
603,IMM_6,2,4,2,30-39,Female
603,IMM_3,4,4,2,30-39,Female
603,IMM_1,1,4,2,30-39,Female
603,IMM_2,3,4,2,30-39,Female
603,IMM_4,2,4,2,30-39,Female
603,IMM_7,1,4,2,30-39,Female
603,IMM_9,3,4,2,30-39,Female
603,IMM_5,3,4,2,30-39,Female
603,IMM_10,3,4,2,30-39,Female
603,IMM_8,4,4,2,30-39,Female
606,IMM_4,1,4,6,50-59,Male
606,IMM_3,3,4,6,50-59,Male
606,IMM_1,2,4,6,50-59,Male
606,IMM_5,1,4,6,50-59,Male
606,IMM_2,3,4,6,50-59,Male
606,IMM_7,1,4,6,50-59,Male
606,IMM_9,2,4,6,50-59,Male
606,IMM_8,3,4,6,50-59,Male
606,IMM_6,2,4,6,50-59,Male
606,IMM_10,0,4,6,50-59,Male
609,IMM_3,4,4,2,50-59,Female
609,IMM_4,0,4,2,50-59,Female
609,IMM_8,4,4,2,50-59,Female
609,IMM_9,3,4,2,50-59,Female
609,IMM_6,2,4,2,50-59,Female
609,IMM_10,3,4,2,50-59,Female
609,IMM_7,1,4,2,50-59,Female
609,IMM_5,0,4,2,50-59,Female
609,IMM_1,1,4,2,50-59,Female
609,IMM_2,3,4,2,50-59,Female
610,IMM_2,4,4,2,30-39,Male
610,IMM_1,0,4,2,30-39,Male
610,IMM_5,0,4,2,30-39,Male
610,IMM_6,4,4,2,30-39,Male
610,IMM_8,2,4,2,30-39,Male
610,IMM_10,3,4,2,30-39,Male
610,IMM_9,3,4,2,30-39,Male
610,IMM_7,2,4,2,30-39,Male
610,IMM_4,1,4,2,30-39,Male
610,IMM_3,4,4,2,30-39,Male
613,IMM_5,1,4,2,70-79,Female
613,IMM_10,2,4,2,70-79,Female
613,IMM_8,3,4,2,70-79,Female
613,IMM_3,3,4,2,70-79,Female
613,IMM_6,3,4,2,70-79,Female
613,IMM_9,3,4,2,70-79,Female
613,IMM_4,1,4,2,70-79,Female
613,IMM_7,1,4,2,70-79,Female
613,IMM_1,1,4,2,70-79,Female
613,IMM_2,1,4,2,70-79,Female
614,IMM_9,0,4,1,50-59,Female
614,IMM_7,0,4,1,50-59,Female
614,IMM_2,0,4,1,50-59,Female
614,IMM_8,4,4,1,50-59,Female
614,IMM_1,0,4,1,50-59,Female
614,IMM_3,4,4,1,50-59,Female
614,IMM_10,4,4,1,50-59,Female
614,IMM_4,2,4,1,50-59,Female
614,IMM_5,0,4,1,50-59,Female
614,IMM_6,4,4,1,50-59,Female
618,IMM_7,3,4,2,40-49,Female
618,IMM_3,1,4,2,40-49,Female
618,IMM_5,4,4,2,40-49,Female
618,IMM_8,3,4,2,40-49,Female
618,IMM_6,1,4,2,40-49,Female
618,IMM_9,2,4,2,40-49,Female
618,IMM_2,3,4,2,40-49,Female
618,IMM_4,2,4,2,40-49,Female
618,IMM_1,3,4,2,40-49,Female
618,IMM_10,2,4,2,40-49,Female
620,IMM_7,1,4,2,60-69,Male
620,IMM_2,2,4,2,60-69,Male
620,IMM_3,4,4,2,60-69,Male
620,IMM_6,3,4,2,60-69,Male
620,IMM_9,3,4,2,60-69,Male
620,IMM_10,3,4,2,60-69,Male
620,IMM_1,2,4,2,60-69,Male
620,IMM_5,1,4,2,60-69,Male
620,IMM_8,3,4,2,60-69,Male
620,IMM_4,3,4,2,60-69,Male
624,IMM_2,2,4,1,30-39,Male
624,IMM_10,1,4,1,30-39,Male
624,IMM_5,1,4,1,30-39,Male
624,IMM_1,1,4,1,30-39,Male
624,IMM_8,2,4,1,30-39,Male
624,IMM_6,1,4,1,30-39,Male
624,IMM_3,3,4,1,30-39,Male
624,IMM_4,2,4,1,30-39,Male
624,IMM_7,1,4,1,30-39,Male
624,IMM_9,1,4,1,30-39,Male
626,IMM_3,0,4,5,50-59,Female
626,IMM_9,1,4,5,50-59,Female
626,IMM_10,0,4,5,50-59,Female
626,IMM_6,0,4,5,50-59,Female
626,IMM_1,4,4,5,50-59,Female
626,IMM_4,2,4,5,50-59,Female
626,IMM_8,1,4,5,50-59,Female
626,IMM_7,3,4,5,50-59,Female
626,IMM_5,2,4,5,50-59,Female
626,IMM_2,1,4,5,50-59,Female
627,IMM_6,1,4,6,40-49,Female
627,IMM_1,2,4,6,40-49,Female
627,IMM_4,3,4,6,40-49,Female
627,IMM_2,3,4,6,40-49,Female
627,IMM_9,3,4,6,40-49,Female
627,IMM_8,3,4,6,40-49,Female
627,IMM_10,2,4,6,40-49,Female
627,IMM_5,2,4,6,40-49,Female
627,IMM_7,2,4,6,40-49,Female
627,IMM_3,2,4,6,40-49,Female
628,IMM_7,2,4,1,30-39,Female
628,IMM_5,0,4,1,30-39,Female
628,IMM_1,0,4,1,30-39,Female
628,IMM_2,1,4,1,30-39,Female
628,IMM_6,4,4,1,30-39,Female
628,IMM_8,3,4,1,30-39,Female
628,IMM_10,4,4,1,30-39,Female
628,IMM_4,1,4,1,30-39,Female
628,IMM_9,0,4,1,30-39,Female
628,IMM_3,3,4,1,30-39,Female
637,IMM_5,1,4,2,30-39,Male
637,IMM_4,1,4,2,30-39,Male
637,IMM_8,4,4,2,30-39,Male
637,IMM_1,1,4,2,30-39,Male
637,IMM_10,3,4,2,30-39,Male
637,IMM_6,3,4,2,30-39,Male
637,IMM_7,3,4,2,30-39,Male
637,IMM_9,4,4,2,30-39,Male
637,IMM_3,3,4,2,30-39,Male
637,IMM_2,3,4,2,30-39,Male
638,IMM_7,1,4,2,18-29,Female
638,IMM_8,2,4,2,18-29,Female
638,IMM_10,3,4,2,18-29,Female
638,IMM_5,0,4,2,18-29,Female
638,IMM_9,2,4,2,18-29,Female
638,IMM_6,2,4,2,18-29,Female
638,IMM_4,2,4,2,18-29,Female
638,IMM_2,1,4,2,18-29,Female
638,IMM_3,2,4,2,18-29,Female
638,IMM_1,3,4,2,18-29,Female
639,IMM_4,1,4,5,50-59,Female
639,IMM_1,3,4,5,50-59,Female
639,IMM_9,2,4,5,50-59,Female
639,IMM_5,0,4,5,50-59,Female
639,IMM_8,3,4,5,50-59,Female
639,IMM_10,1,4,5,50-59,Female
639,IMM_7,3,4,5,50-59,Female
639,IMM_6,3,4,5,50-59,Female
639,IMM_3,3,4,5,50-59,Female
639,IMM_2,3,4,5,50-59,Female
641,IMM_6,2,4,3,18-29,Female
641,IMM_9,1,4,3,18-29,Female
641,IMM_4,1,4,3,18-29,Female
641,IMM_8,1,4,3,18-29,Female
641,IMM_10,2,4,3,18-29,Female
641,IMM_2,2,4,3,18-29,Female
641,IMM_5,2,4,3,18-29,Female
641,IMM_3,3,4,3,18-29,Female
641,IMM_1,1,4,3,18-29,Female
641,IMM_7,2,4,3,18-29,Female
646,IMM_4,2,4,3,30-39,Female
646,IMM_6,2,4,3,30-39,Female
646,IMM_1,0,4,3,30-39,Female
646,IMM_2,1,4,3,30-39,Female
646,IMM_5,2,4,3,30-39,Female
646,IMM_9,2,4,3,30-39,Female
646,IMM_10,4,4,3,30-39,Female
646,IMM_3,2,4,3,30-39,Female
646,IMM_7,2,4,3,30-39,Female
646,IMM_8,3,4,3,30-39,Female
647,IMM_3,0,4,2,60-69,Female
647,IMM_10,0,4,2,60-69,Female
647,IMM_9,0,4,2,60-69,Female
647,IMM_8,0,4,2,60-69,Female
647,IMM_1,4,4,2,60-69,Female
647,IMM_2,0,4,2,60-69,Female
647,IMM_4,0,4,2,60-69,Female
647,IMM_5,4,4,2,60-69,Female
647,IMM_7,4,4,2,60-69,Female
647,IMM_6,0,4,2,60-69,Female
648,IMM_4,1,4,1,40-49,Male
648,IMM_3,1,4,1,40-49,Male
648,IMM_5,1,4,1,40-49,Male
648,IMM_8,4,4,1,40-49,Male
648,IMM_6,1,4,1,40-49,Male
648,IMM_1,1,4,1,40-49,Male
648,IMM_7,2,4,1,40-49,Male
648,IMM_10,1,4,1,40-49,Male
648,IMM_9,3,4,1,40-49,Male
648,IMM_2,3,4,1,40-49,Male
649,IMM_3,4,4,1,18-29,Female
649,IMM_8,4,4,1,18-29,Female
649,IMM_6,3,4,1,18-29,Female
649,IMM_5,0,4,1,18-29,Female
649,IMM_7,0,4,1,18-29,Female
649,IMM_1,3,4,1,18-29,Female
649,IMM_2,2,4,1,18-29,Female
649,IMM_10,4,4,1,18-29,Female
649,IMM_9,4,4,1,18-29,Female
649,IMM_4,0,4,1,18-29,Female
656,IMM_4,2,4,3,40-49,Female
656,IMM_3,0,4,3,40-49,Female
656,IMM_7,1,4,3,40-49,Female
656,IMM_9,2,4,3,40-49,Female
656,IMM_10,2,4,3,40-49,Female
656,IMM_2,0,4,3,40-49,Female
656,IMM_5,2,4,3,40-49,Female
656,IMM_6,1,4,3,40-49,Female
656,IMM_1,4,4,3,40-49,Female
656,IMM_8,0,4,3,40-49,Female
659,IMM_9,1,4,3,70-79,Female
659,IMM_6,3,4,3,70-79,Female
659,IMM_4,1,4,3,70-79,Female
659,IMM_8,4,4,3,70-79,Female
659,IMM_1,0,4,3,70-79,Female
659,IMM_3,4,4,3,70-79,Female
659,IMM_10,4,4,3,70-79,Female
659,IMM_2,2,4,3,70-79,Female
659,IMM_7,0,4,3,70-79,Female
659,IMM_5,0,4,3,70-79,Female
665,IMM_1,0,4,6,70-79,Female
665,IMM_8,3,4,6,70-79,Female
665,IMM_7,0,4,6,70-79,Female
665,IMM_3,3,4,6,70-79,Female
665,IMM_4,1,4,6,70-79,Female
665,IMM_5,1,4,6,70-79,Female
665,IMM_10,3,4,6,70-79,Female
665,IMM_2,1,4,6,70-79,Female
665,IMM_6,3,4,6,70-79,Female
665,IMM_9,2,4,6,70-79,Female
667,IMM_1,0,4,2,50-59,Female
667,IMM_8,1,4,2,50-59,Female
667,IMM_10,2,4,2,50-59,Female
667,IMM_5,1,4,2,50-59,Female
667,IMM_6,4,4,2,50-59,Female
667,IMM_4,2,4,2,50-59,Female
667,IMM_7,2,4,2,50-59,Female
667,IMM_9,1,4,2,50-59,Female
667,IMM_3,4,4,2,50-59,Female
667,IMM_2,3,4,2,50-59,Female
670,IMM_9,2,4,3,50-59,Female
670,IMM_2,3,4,3,50-59,Female
670,IMM_10,2,4,3,50-59,Female
670,IMM_1,2,4,3,50-59,Female
670,IMM_7,1,4,3,50-59,Female
670,IMM_6,3,4,3,50-59,Female
670,IMM_3,4,4,3,50-59,Female
670,IMM_4,1,4,3,50-59,Female
670,IMM_8,2,4,3,50-59,Female
670,IMM_5,0,4,3,50-59,Female
673,IMM_10,2,4,7,50-59,Male
673,IMM_7,2,4,7,50-59,Male
673,IMM_9,3,4,7,50-59,Male
673,IMM_5,3,4,7,50-59,Male
673,IMM_4,3,4,7,50-59,Male
673,IMM_8,0,4,7,50-59,Male
673,IMM_3,1,4,7,50-59,Male
673,IMM_1,3,4,7,50-59,Male
673,IMM_2,1,4,7,50-59,Male
673,IMM_6,1,4,7,50-59,Male
674,IMM_6,1,4,2,18-29,Female
674,IMM_10,1,4,2,18-29,Female
674,IMM_1,1,4,2,18-29,Female
674,IMM_5,3,4,2,18-29,Female
674,IMM_4,4,4,2,18-29,Female
674,IMM_3,3,4,2,18-29,Female
674,IMM_7,2,4,2,18-29,Female
674,IMM_8,2,4,2,18-29,Female
674,IMM_9,2,4,2,18-29,Female
674,IMM_2,1,4,2,18-29,Female
678,IMM_8,1,4,6,70-79,Female
678,IMM_5,3,4,6,70-79,Female
678,IMM_10,0,4,6,70-79,Female
678,IMM_1,3,4,6,70-79,Female
678,IMM_9,3,4,6,70-79,Female
678,IMM_3,4,4,6,70-79,Female
678,IMM_4,1,4,6,70-79,Female
678,IMM_6,4,4,6,70-79,Female
678,IMM_7,1,4,6,70-79,Female
678,IMM_2,1,4,6,70-79,Female
680,IMM_5,0,4,1,40-49,Female
680,IMM_3,4,4,1,40-49,Female
680,IMM_1,1,4,1,40-49,Female
680,IMM_6,3,4,1,40-49,Female
680,IMM_8,3,4,1,40-49,Female
680,IMM_10,1,4,1,40-49,Female
680,IMM_2,3,4,1,40-49,Female
680,IMM_7,1,4,1,40-49,Female
680,IMM_4,1,4,1,40-49,Female
680,IMM_9,2,4,1,40-49,Female
682,IMM_7,1,4,6,40-49,Female
682,IMM_1,3,4,6,40-49,Female
682,IMM_2,2,4,6,40-49,Female
682,IMM_5,2,4,6,40-49,Female
682,IMM_3,0,4,6,40-49,Female
682,IMM_10,3,4,6,40-49,Female
682,IMM_4,1,4,6,40-49,Female
682,IMM_8,3,4,6,40-49,Female
682,IMM_6,4,4,6,40-49,Female
682,IMM_9,2,4,6,40-49,Female
687,IMM_5,2,4,3,40-49,Female
687,IMM_1,2,4,3,40-49,Female
687,IMM_8,3,4,3,40-49,Female
687,IMM_9,2,4,3,40-49,Female
687,IMM_10,3,4,3,40-49,Female
687,IMM_7,2,4,3,40-49,Female
687,IMM_6,4,4,3,40-49,Female
687,IMM_4,1,4,3,40-49,Female
687,IMM_3,3,4,3,40-49,Female
687,IMM_2,3,4,3,40-49,Female
688,IMM_10,0,4,5,30-39,Male
688,IMM_8,1,4,5,30-39,Male
688,IMM_5,3,4,5,30-39,Male
688,IMM_1,3,4,5,30-39,Male
688,IMM_3,1,4,5,30-39,Male
688,IMM_7,2,4,5,30-39,Male
688,IMM_6,3,4,5,30-39,Male
688,IMM_9,3,4,5,30-39,Male
688,IMM_2,3,4,5,30-39,Male
688,IMM_4,1,4,5,30-39,Male
689,IMM_5,3,4,5,60-69,Female
689,IMM_2,1,4,5,60-69,Female
689,IMM_3,3,4,5,60-69,Female
689,IMM_10,3,4,5,60-69,Female
689,IMM_7,1,4,5,60-69,Female
689,IMM_4,1,4,5,60-69,Female
689,IMM_9,1,4,5,60-69,Female
689,IMM_6,2,4,5,60-69,Female
689,IMM_1,3,4,5,60-69,Female
689,IMM_8,3,4,5,60-69,Female
690,IMM_4,1,4,1,60-69,Female
690,IMM_10,1,4,1,60-69,Female
690,IMM_3,0,4,1,60-69,Female
690,IMM_1,0,4,1,60-69,Female
690,IMM_2,4,4,1,60-69,Female
690,IMM_7,3,4,1,60-69,Female
690,IMM_8,4,4,1,60-69,Female
690,IMM_6,3,4,1,60-69,Female
690,IMM_9,1,4,1,60-69,Female
690,IMM_5,4,4,1,60-69,Female
696,IMM_1,4,4,7,60-69,Female
696,IMM_8,0,4,7,60-69,Female
696,IMM_2,4,4,7,60-69,Female
696,IMM_5,0,4,7,60-69,Female
696,IMM_6,0,4,7,60-69,Female
696,IMM_7,4,4,7,60-69,Female
696,IMM_9,0,4,7,60-69,Female
696,IMM_4,0,4,7,60-69,Female
696,IMM_3,0,4,7,60-69,Female
696,IMM_10,0,4,7,60-69,Female
700,IMM_7,0,4,3,70-79,Female
700,IMM_10,3,4,3,70-79,Female
700,IMM_4,1,4,3,70-79,Female
700,IMM_9,4,4,3,70-79,Female
700,IMM_6,4,4,3,70-79,Female
700,IMM_8,3,4,3,70-79,Female
700,IMM_1,2,4,3,70-79,Female
700,IMM_3,3,4,3,70-79,Female
700,IMM_5,0,4,3,70-79,Female
700,IMM_2,3,4,3,70-79,Female
703,IMM_7,1,4,5,60-69,Female
703,IMM_10,0,4,5,60-69,Female
703,IMM_6,1,4,5,60-69,Female
703,IMM_2,3,4,5,60-69,Female
703,IMM_9,2,4,5,60-69,Female
703,IMM_1,2,4,5,60-69,Female
703,IMM_8,3,4,5,60-69,Female
703,IMM_5,3,4,5,60-69,Female
703,IMM_3,3,4,5,60-69,Female
703,IMM_4,0,4,5,60-69,Female
707,IMM_8,4,4,6,30-39,Male
707,IMM_1,0,4,6,30-39,Male
707,IMM_7,1,4,6,30-39,Male
707,IMM_5,1,4,6,30-39,Male
707,IMM_10,4,4,6,30-39,Male
707,IMM_3,2,4,6,30-39,Male
707,IMM_2,3,4,6,30-39,Male
707,IMM_4,3,4,6,30-39,Male
707,IMM_6,3,4,6,30-39,Male
707,IMM_9,3,4,6,30-39,Male
709,IMM_3,2,4,3,60-69,Male
709,IMM_6,3,4,3,60-69,Male
709,IMM_2,2,4,3,60-69,Male
709,IMM_10,2,4,3,60-69,Male
709,IMM_9,2,4,3,60-69,Male
709,IMM_8,3,4,3,60-69,Male
709,IMM_4,2,4,3,60-69,Male
709,IMM_5,1,4,3,60-69,Male
709,IMM_7,2,4,3,60-69,Male
709,IMM_1,2,4,3,60-69,Male
711,IMM_1,4,4,3,60-69,Female
711,IMM_9,1,4,3,60-69,Female
711,IMM_3,0,4,3,60-69,Female
711,IMM_7,3,4,3,60-69,Female
711,IMM_8,0,4,3,60-69,Female
711,IMM_6,2,4,3,60-69,Female
711,IMM_4,0,4,3,60-69,Female
711,IMM_10,0,4,3,60-69,Female
711,IMM_5,2,4,3,60-69,Female
711,IMM_2,4,4,3,60-69,Female
712,IMM_5,2,4,3,30-39,Female
712,IMM_7,0,4,3,30-39,Female
712,IMM_1,2,4,3,30-39,Female
712,IMM_8,2,4,3,30-39,Female
712,IMM_10,2,4,3,30-39,Female
712,IMM_3,0,4,3,30-39,Female
712,IMM_4,3,4,3,30-39,Female
712,IMM_6,2,4,3,30-39,Female
712,IMM_2,2,4,3,30-39,Female
712,IMM_9,2,4,3,30-39,Female
713,IMM_4,2,4,3,40-49,Female
713,IMM_9,2,4,3,40-49,Female
713,IMM_6,4,4,3,40-49,Female
713,IMM_3,0,4,3,40-49,Female
713,IMM_8,4,4,3,40-49,Female
713,IMM_1,4,4,3,40-49,Female
713,IMM_5,2,4,3,40-49,Female
713,IMM_2,0,4,3,40-49,Female
713,IMM_7,2,4,3,40-49,Female
713,IMM_10,0,4,3,40-49,Female
714,IMM_8,0,4,6,60-69,Male
714,IMM_7,4,4,6,60-69,Male
714,IMM_5,4,4,6,60-69,Male
714,IMM_3,2,4,6,60-69,Male
714,IMM_4,4,4,6,60-69,Male
714,IMM_9,0,4,6,60-69,Male
714,IMM_2,2,4,6,60-69,Male
714,IMM_6,0,4,6,60-69,Male
714,IMM_1,4,4,6,60-69,Male
714,IMM_10,0,4,6,60-69,Male
719,IMM_6,3,4,5,50-59,Female
719,IMM_9,2,4,5,50-59,Female
719,IMM_8,3,4,5,50-59,Female
719,IMM_10,3,4,5,50-59,Female
719,IMM_1,1,4,5,50-59,Female
719,IMM_3,1,4,5,50-59,Female
719,IMM_7,2,4,5,50-59,Female
719,IMM_2,3,4,5,50-59,Female
719,IMM_4,1,4,5,50-59,Female
719,IMM_5,2,4,5,50-59,Female
720,IMM_1,2,4,5,30-39,Female
720,IMM_5,2,4,5,30-39,Female
720,IMM_6,1,4,5,30-39,Female
720,IMM_9,3,4,5,30-39,Female
720,IMM_3,2,4,5,30-39,Female
720,IMM_10,2,4,5,30-39,Female
720,IMM_4,1,4,5,30-39,Female
720,IMM_7,2,4,5,30-39,Female
720,IMM_8,3,4,5,30-39,Female
720,IMM_2,3,4,5,30-39,Female
724,IMM_4,1,4,1,40-49,Female
724,IMM_9,4,4,1,40-49,Female
724,IMM_2,0,4,1,40-49,Female
724,IMM_1,0,4,1,40-49,Female
724,IMM_7,0,4,1,40-49,Female
724,IMM_10,4,4,1,40-49,Female
724,IMM_6,3,4,1,40-49,Female
724,IMM_5,0,4,1,40-49,Female
724,IMM_8,3,4,1,40-49,Female
724,IMM_3,4,4,1,40-49,Female
729,IMM_6,2,4,3,30-39,Male
729,IMM_4,2,4,3,30-39,Male
729,IMM_9,4,4,3,30-39,Male
729,IMM_1,2,4,3,30-39,Male
729,IMM_5,0,4,3,30-39,Male
729,IMM_8,4,4,3,30-39,Male
729,IMM_3,4,4,3,30-39,Male
729,IMM_2,2,4,3,30-39,Male
729,IMM_7,2,4,3,30-39,Male
729,IMM_10,2,4,3,30-39,Male
730,IMM_3,0,4,7,60-69,Female
730,IMM_2,0,4,7,60-69,Female
730,IMM_8,0,4,7,60-69,Female
730,IMM_6,0,4,7,60-69,Female
730,IMM_4,1,4,7,60-69,Female
730,IMM_9,1,4,7,60-69,Female
730,IMM_10,0,4,7,60-69,Female
730,IMM_7,2,4,7,60-69,Female
730,IMM_1,4,4,7,60-69,Female
730,IMM_5,3,4,7,60-69,Female
732,IMM_9,4,4,6,60-69,Female
732,IMM_8,3,4,6,60-69,Female
732,IMM_7,1,4,6,60-69,Female
732,IMM_6,4,4,6,60-69,Female
732,IMM_4,3,4,6,60-69,Female
732,IMM_5,3,4,6,60-69,Female
732,IMM_1,0,4,6,60-69,Female
732,IMM_10,1,4,6,60-69,Female
732,IMM_2,3,4,6,60-69,Female
732,IMM_3,4,4,6,60-69,Female
735,IMM_2,2,4,5,50-59,Female
735,IMM_8,0,4,5,50-59,Female
735,IMM_5,4,4,5,50-59,Female
735,IMM_9,1,4,5,50-59,Female
735,IMM_3,0,4,5,50-59,Female
735,IMM_7,1,4,5,50-59,Female
735,IMM_10,2,4,5,50-59,Female
735,IMM_1,4,4,5,50-59,Female
735,IMM_6,0,4,5,50-59,Female
735,IMM_4,0,4,5,50-59,Female
737,IMM_1,3,4,6,40-49,Female
737,IMM_2,3,4,6,40-49,Female
737,IMM_5,1,4,6,40-49,Female
737,IMM_7,2,4,6,40-49,Female
737,IMM_6,3,4,6,40-49,Female
737,IMM_8,2,4,6,40-49,Female
737,IMM_10,2,4,6,40-49,Female
737,IMM_4,2,4,6,40-49,Female
737,IMM_3,1,4,6,40-49,Female
737,IMM_9,2,4,6,40-49,Female
739,IMM_10,1,4,2,40-49,Female
739,IMM_3,3,4,2,40-49,Female
739,IMM_1,4,4,2,40-49,Female
739,IMM_4,1,4,2,40-49,Female
739,IMM_6,3,4,2,40-49,Female
739,IMM_5,2,4,2,40-49,Female
739,IMM_9,1,4,2,40-49,Female
739,IMM_7,0,4,2,40-49,Female
739,IMM_8,3,4,2,40-49,Female
739,IMM_2,0,4,2,40-49,Female
740,IMM_8,3,4,3,60-69,Male
740,IMM_5,0,4,3,60-69,Male
740,IMM_10,3,4,3,60-69,Male
740,IMM_2,3,4,3,60-69,Male
740,IMM_9,2,4,3,60-69,Male
740,IMM_4,1,4,3,60-69,Male
740,IMM_6,4,4,3,60-69,Male
740,IMM_1,0,4,3,60-69,Male
740,IMM_3,4,4,3,60-69,Male
740,IMM_7,1,4,3,60-69,Male
741,IMM_4,0,4,3,60-69,Male
741,IMM_3,4,4,3,60-69,Male
741,IMM_7,1,4,3,60-69,Male
741,IMM_5,0,4,3,60-69,Male
741,IMM_10,3,4,3,60-69,Male
741,IMM_9,4,4,3,60-69,Male
741,IMM_1,0,4,3,60-69,Male
741,IMM_2,0,4,3,60-69,Male
741,IMM_8,3,4,3,60-69,Male
741,IMM_6,2,4,3,60-69,Male
749,IMM_8,0,4,1,40-49,Female
749,IMM_4,2,4,1,40-49,Female
749,IMM_5,0,4,1,40-49,Female
749,IMM_7,0,4,1,40-49,Female
749,IMM_2,1,4,1,40-49,Female
749,IMM_1,4,4,1,40-49,Female
749,IMM_10,1,4,1,40-49,Female
749,IMM_3,4,4,1,40-49,Female
749,IMM_9,0,4,1,40-49,Female
749,IMM_6,0,4,1,40-49,Female
754,IMM_8,2,4,1,60-69,Female
754,IMM_10,3,4,1,60-69,Female
754,IMM_4,0,4,1,60-69,Female
754,IMM_5,1,4,1,60-69,Female
754,IMM_9,2,4,1,60-69,Female
754,IMM_7,1,4,1,60-69,Female
754,IMM_6,3,4,1,60-69,Female
754,IMM_2,2,4,1,60-69,Female
754,IMM_1,4,4,1,60-69,Female
754,IMM_3,4,4,1,60-69,Female
772,IMM_5,2,4,3,40-49,Female
772,IMM_4,1,4,3,40-49,Female
772,IMM_10,3,4,3,40-49,Female
772,IMM_2,3,4,3,40-49,Female
772,IMM_1,2,4,3,40-49,Female
772,IMM_3,1,4,3,40-49,Female
772,IMM_9,2,4,3,40-49,Female
772,IMM_8,3,4,3,40-49,Female
772,IMM_7,2,4,3,40-49,Female
772,IMM_6,4,4,3,40-49,Female
774,IMM_8,2,4,5,30-39,Female
774,IMM_5,2,4,5,30-39,Female
774,IMM_7,2,4,5,30-39,Female
774,IMM_10,1,4,5,30-39,Female
774,IMM_9,2,4,5,30-39,Female
774,IMM_4,4,4,5,30-39,Female
774,IMM_3,3,4,5,30-39,Female
774,IMM_1,3,4,5,30-39,Female
774,IMM_2,2,4,5,30-39,Female
774,IMM_6,2,4,5,30-39,Female
781,IMM_7,2,4,7,30-39,Female
781,IMM_9,1,4,7,30-39,Female
781,IMM_10,2,4,7,30-39,Female
781,IMM_3,0,4,7,30-39,Female
781,IMM_1,3,4,7,30-39,Female
781,IMM_2,3,4,7,30-39,Female
781,IMM_5,2,4,7,30-39,Female
781,IMM_8,1,4,7,30-39,Female
781,IMM_6,2,4,7,30-39,Female
781,IMM_4,1,4,7,30-39,Female
784,IMM_3,0,4,2,70-79,Male
784,IMM_5,2,4,2,70-79,Male
784,IMM_8,3,4,2,70-79,Male
784,IMM_9,1,4,2,70-79,Male
784,IMM_4,2,4,2,70-79,Male
784,IMM_7,2,4,2,70-79,Male
784,IMM_6,1,4,2,70-79,Male
784,IMM_1,2,4,2,70-79,Male
784,IMM_10,3,4,2,70-79,Male
784,IMM_2,2,4,2,70-79,Male
788,IMM_9,1,4,5,40-49,Female
788,IMM_4,0,4,5,40-49,Female
788,IMM_8,2,4,5,40-49,Female
788,IMM_3,0,4,5,40-49,Female
788,IMM_6,3,4,5,40-49,Female
788,IMM_7,2,4,5,40-49,Female
788,IMM_2,0,4,5,40-49,Female
788,IMM_10,0,4,5,40-49,Female
788,IMM_1,4,4,5,40-49,Female
788,IMM_5,3,4,5,40-49,Female
794,IMM_8,0,4,2,70-79,Female
794,IMM_4,0,4,2,70-79,Female
794,IMM_3,2,4,2,70-79,Female
794,IMM_10,0,4,2,70-79,Female
794,IMM_9,0,4,2,70-79,Female
794,IMM_2,0,4,2,70-79,Female
794,IMM_1,4,4,2,70-79,Female
794,IMM_6,2,4,2,70-79,Female
794,IMM_7,4,4,2,70-79,Female
794,IMM_5,3,4,2,70-79,Female
800,IMM_8,1,4,1,60-69,Male
800,IMM_2,2,4,1,60-69,Male
800,IMM_6,2,4,1,60-69,Male
800,IMM_9,1,4,1,60-69,Male
800,IMM_5,1,4,1,60-69,Male
800,IMM_3,3,4,1,60-69,Male
800,IMM_4,0,4,1,60-69,Male
800,IMM_10,3,4,1,60-69,Male
800,IMM_7,1,4,1,60-69,Male
800,IMM_1,3,4,1,60-69,Male
810,IMM_10,4,4,1,60-69,Female
810,IMM_5,0,4,1,60-69,Female
810,IMM_4,2,4,1,60-69,Female
810,IMM_8,3,4,1,60-69,Female
810,IMM_3,4,4,1,60-69,Female
810,IMM_1,0,4,1,60-69,Female
810,IMM_2,3,4,1,60-69,Female
810,IMM_6,3,4,1,60-69,Female
810,IMM_7,0,4,1,60-69,Female
810,IMM_9,2,4,1,60-69,Female
811,IMM_9,2,4,1,18-29,Male
811,IMM_10,3,4,1,18-29,Male
811,IMM_1,0,4,1,18-29,Male
811,IMM_5,4,4,1,18-29,Male
811,IMM_6,4,4,1,18-29,Male
811,IMM_2,3,4,1,18-29,Male
811,IMM_7,2,4,1,18-29,Male
811,IMM_8,4,4,1,18-29,Male
811,IMM_4,3,4,1,18-29,Male
811,IMM_3,2,4,1,18-29,Male
815,IMM_5,2,4,5,60-69,Female
815,IMM_10,2,4,5,60-69,Female
815,IMM_4,0,4,5,60-69,Female
815,IMM_8,0,4,5,60-69,Female
815,IMM_7,3,4,5,60-69,Female
815,IMM_6,0,4,5,60-69,Female
815,IMM_9,2,4,5,60-69,Female
815,IMM_3,4,4,5,60-69,Female
815,IMM_2,4,4,5,60-69,Female
815,IMM_1,4,4,5,60-69,Female
816,IMM_2,3,4,1,60-69,Female
816,IMM_5,1,4,1,60-69,Female
816,IMM_10,2,4,1,60-69,Female
816,IMM_1,1,4,1,60-69,Female
816,IMM_6,3,4,1,60-69,Female
816,IMM_9,3,4,1,60-69,Female
816,IMM_8,2,4,1,60-69,Female
816,IMM_7,1,4,1,60-69,Female
816,IMM_4,0,4,1,60-69,Female
816,IMM_3,4,4,1,60-69,Female
820,IMM_9,2,4,3,18-29,Female
820,IMM_3,0,4,3,18-29,Female
820,IMM_4,1,4,3,18-29,Female
820,IMM_5,2,4,3,18-29,Female
820,IMM_1,2,4,3,18-29,Female
820,IMM_6,1,4,3,18-29,Female
820,IMM_8,4,4,3,18-29,Female
820,IMM_2,2,4,3,18-29,Female
820,IMM_7,3,4,3,18-29,Female
820,IMM_10,2,4,3,18-29,Female
822,IMM_6,3,4,3,70-79,Female
822,IMM_2,1,4,3,70-79,Female
822,IMM_8,4,4,3,70-79,Female
822,IMM_5,0,4,3,70-79,Female
822,IMM_3,0,4,3,70-79,Female
822,IMM_10,1,4,3,70-79,Female
822,IMM_4,1,4,3,70-79,Female
822,IMM_1,2,4,3,70-79,Female
822,IMM_9,2,4,3,70-79,Female
822,IMM_7,2,4,3,70-79,Female
826,IMM_2,3,4,7,50-59,Male
826,IMM_6,1,4,7,50-59,Male
826,IMM_1,2,4,7,50-59,Male
826,IMM_3,2,4,7,50-59,Male
826,IMM_10,1,4,7,50-59,Male
826,IMM_7,3,4,7,50-59,Male
826,IMM_5,3,4,7,50-59,Male
826,IMM_8,3,4,7,50-59,Male
826,IMM_4,3,4,7,50-59,Male
826,IMM_9,2,4,7,50-59,Male
831,IMM_2,3,4,1,70-79,Male
831,IMM_1,1,4,1,70-79,Male
831,IMM_10,4,4,1,70-79,Male
831,IMM_8,3,4,1,70-79,Male
831,IMM_3,4,4,1,70-79,Male
831,IMM_7,2,4,1,70-79,Male
831,IMM_4,1,4,1,70-79,Male
831,IMM_5,0,4,1,70-79,Male
831,IMM_6,3,4,1,70-79,Male
831,IMM_9,4,4,1,70-79,Male
833,IMM_10,3,4,3,18-29,Female
833,IMM_6,1,4,3,18-29,Female
833,IMM_1,1,4,3,18-29,Female
833,IMM_9,4,4,3,18-29,Female
833,IMM_4,2,4,3,18-29,Female
833,IMM_7,2,4,3,18-29,Female
833,IMM_8,3,4,3,18-29,Female
833,IMM_5,4,4,3,18-29,Female
833,IMM_3,4,4,3,18-29,Female
833,IMM_2,4,4,3,18-29,Female
835,IMM_9,3,4,2,30-39,Female
835,IMM_6,1,4,2,30-39,Female
835,IMM_2,2,4,2,30-39,Female
835,IMM_8,3,4,2,30-39,Female
835,IMM_1,1,4,2,30-39,Female
835,IMM_10,4,4,2,30-39,Female
835,IMM_4,1,4,2,30-39,Female
835,IMM_5,1,4,2,30-39,Female
835,IMM_7,1,4,2,30-39,Female
835,IMM_3,4,4,2,30-39,Female
837,IMM_4,4,4,3,40-49,Female
837,IMM_1,4,4,3,40-49,Female
837,IMM_9,1,4,3,40-49,Female
837,IMM_6,1,4,3,40-49,Female
837,IMM_2,3,4,3,40-49,Female
837,IMM_7,4,4,3,40-49,Female
837,IMM_10,2,4,3,40-49,Female
837,IMM_5,4,4,3,40-49,Female
837,IMM_3,4,4,3,40-49,Female
837,IMM_8,1,4,3,40-49,Female
839,IMM_9,2,4,1,40-49,Female
839,IMM_8,4,4,1,40-49,Female
839,IMM_4,1,4,1,40-49,Female
839,IMM_10,4,4,1,40-49,Female
839,IMM_2,2,4,1,40-49,Female
839,IMM_1,4,4,1,40-49,Female
839,IMM_6,2,4,1,40-49,Female
839,IMM_3,4,4,1,40-49,Female
839,IMM_7,0,4,1,40-49,Female
844,IMM_2,3,4,3,70-79,Female
844,IMM_8,3,4,3,70-79,Female
844,IMM_7,0,4,3,70-79,Female
844,IMM_1,0,4,3,70-79,Female
844,IMM_6,3,4,3,70-79,Female
844,IMM_10,3,4,3,70-79,Female
844,IMM_9,4,4,3,70-79,Female
844,IMM_4,1,4,3,70-79,Female
844,IMM_5,0,4,3,70-79,Female
844,IMM_3,4,4,3,70-79,Female
848,IMM_5,2,4,3,30-39,Female
848,IMM_4,1,4,3,30-39,Female
848,IMM_3,3,4,3,30-39,Female
848,IMM_7,1,4,3,30-39,Female
848,IMM_10,1,4,3,30-39,Female
848,IMM_8,3,4,3,30-39,Female
848,IMM_2,3,4,3,30-39,Female
848,IMM_1,2,4,3,30-39,Female
848,IMM_6,3,4,3,30-39,Female
848,IMM_9,1,4,3,30-39,Female
851,IMM_10,2,4,5,60-69,Female
851,IMM_5,2,4,5,60-69,Female
851,IMM_2,2,4,5,60-69,Female
851,IMM_3,2,4,5,60-69,Female
851,IMM_4,2,4,5,60-69,Female
851,IMM_1,3,4,5,60-69,Female
851,IMM_7,1,4,5,60-69,Female
851,IMM_8,3,4,5,60-69,Female
851,IMM_9,2,4,5,60-69,Female
851,IMM_6,2,4,5,60-69,Female
852,IMM_6,0,4,7,70-79,Female
852,IMM_10,0,4,7,70-79,Female
852,IMM_1,4,4,7,70-79,Female
852,IMM_5,0,4,7,70-79,Female
852,IMM_2,0,4,7,70-79,Female
852,IMM_3,0,4,7,70-79,Female
852,IMM_4,0,4,7,70-79,Female
852,IMM_8,4,4,7,70-79,Female
852,IMM_7,4,4,7,70-79,Female
852,IMM_9,0,4,7,70-79,Female
853,IMM_9,1,4,2,60-69,Female
853,IMM_4,1,4,2,60-69,Female
853,IMM_7,2,4,2,60-69,Female
853,IMM_2,3,4,2,60-69,Female
853,IMM_1,2,4,2,60-69,Female
853,IMM_10,2,4,2,60-69,Female
853,IMM_6,3,4,2,60-69,Female
853,IMM_5,1,4,2,60-69,Female
853,IMM_3,3,4,2,60-69,Female
853,IMM_8,4,4,2,60-69,Female
860,IMM_4,1,4,3,50-59,Male
860,IMM_6,4,4,3,50-59,Male
860,IMM_3,4,4,3,50-59,Male
860,IMM_2,3,4,3,50-59,Male
860,IMM_7,0,4,3,50-59,Male
860,IMM_8,0,4,3,50-59,Male
860,IMM_10,4,4,3,50-59,Male
860,IMM_1,0,4,3,50-59,Male
860,IMM_9,4,4,3,50-59,Male
860,IMM_5,0,4,3,50-59,Male
863,IMM_5,2,4,5,40-49,Female
863,IMM_8,1,4,5,40-49,Female
863,IMM_4,2,4,5,40-49,Female
863,IMM_6,0,4,5,40-49,Female
863,IMM_1,4,4,5,40-49,Female
863,IMM_9,1,4,5,40-49,Female
863,IMM_2,1,4,5,40-49,Female
863,IMM_10,2,4,5,40-49,Female
863,IMM_3,0,4,5,40-49,Female
863,IMM_7,2,4,5,40-49,Female
865,IMM_3,3,4,2,40-49,Female
865,IMM_2,1,4,2,40-49,Female
865,IMM_7,0,4,2,40-49,Female
865,IMM_9,4,4,2,40-49,Female
865,IMM_1,0,4,2,40-49,Female
865,IMM_6,4,4,2,40-49,Female
865,IMM_8,4,4,2,40-49,Female
865,IMM_5,0,4,2,40-49,Female
865,IMM_10,3,4,2,40-49,Female
865,IMM_4,1,4,2,40-49,Female
871,IMM_6,3,4,5,50-59,Female
871,IMM_7,3,4,5,50-59,Female
871,IMM_2,2,4,5,50-59,Female
871,IMM_4,2,4,5,50-59,Female
871,IMM_9,2,4,5,50-59,Female
871,IMM_8,1,4,5,50-59,Female
871,IMM_5,1,4,5,50-59,Female
871,IMM_10,2,4,5,50-59,Female
871,IMM_3,1,4,5,50-59,Female
871,IMM_1,1,4,5,50-59,Female
873,IMM_8,2,4,4,50-59,Female
873,IMM_6,2,4,4,50-59,Female
873,IMM_7,0,4,4,50-59,Female
873,IMM_4,2,4,4,50-59,Female
873,IMM_9,2,4,4,50-59,Female
873,IMM_3,4,4,4,50-59,Female
873,IMM_2,2,4,4,50-59,Female
873,IMM_10,2,4,4,50-59,Female
873,IMM_1,1,4,4,50-59,Female
873,IMM_5,2,4,4,50-59,Female
874,IMM_4,2,4,5,70-79,Male
874,IMM_1,1,4,5,70-79,Male
874,IMM_3,3,4,5,70-79,Male
874,IMM_2,3,4,5,70-79,Male
874,IMM_7,1,4,5,70-79,Male
874,IMM_10,1,4,5,70-79,Male
874,IMM_9,3,4,5,70-79,Male
874,IMM_8,3,4,5,70-79,Male
874,IMM_6,1,4,5,70-79,Male
874,IMM_5,3,4,5,70-79,Male
878,IMM_5,2,4,3,18-29,Female
878,IMM_1,1,4,3,18-29,Female
878,IMM_3,3,4,3,18-29,Female
878,IMM_9,2,4,3,18-29,Female
878,IMM_2,3,4,3,18-29,Female
878,IMM_4,2,4,3,18-29,Female
878,IMM_8,1,4,3,18-29,Female
878,IMM_7,0,4,3,18-29,Female
878,IMM_10,3,4,3,18-29,Female
878,IMM_6,2,4,3,18-29,Female
879,IMM_8,3,4,2,18-29,Female
879,IMM_1,0,4,2,18-29,Female
879,IMM_10,3,4,2,18-29,Female
879,IMM_4,3,4,2,18-29,Female
879,IMM_5,0,4,2,18-29,Female
879,IMM_3,2,4,2,18-29,Female
879,IMM_9,3,4,2,18-29,Female
879,IMM_7,1,4,2,18-29,Female
879,IMM_6,3,4,2,18-29,Female
879,IMM_2,4,4,2,18-29,Female
884,IMM_9,2,4,6,40-49,Female
884,IMM_1,3,4,6,40-49,Female
884,IMM_10,1,4,6,40-49,Female
884,IMM_5,2,4,6,40-49,Female
884,IMM_2,3,4,6,40-49,Female
884,IMM_3,1,4,6,40-49,Female
884,IMM_4,1,4,6,40-49,Female
884,IMM_8,3,4,6,40-49,Female
884,IMM_6,1,4,6,40-49,Female
884,IMM_7,2,4,6,40-49,Female
886,IMM_8,0,4,2,50-59,Female
886,IMM_6,4,4,2,50-59,Female
886,IMM_1,4,4,2,50-59,Female
886,IMM_9,0,4,2,50-59,Female
886,IMM_3,4,4,2,50-59,Female
886,IMM_5,4,4,2,50-59,Female
886,IMM_7,3,4,2,50-59,Female
886,IMM_4,1,4,2,50-59,Female
886,IMM_10,0,4,2,50-59,Female
886,IMM_2,0,4,2,50-59,Female
891,IMM_10,0,4,7,60-69,Female
891,IMM_5,3,4,7,60-69,Female
891,IMM_4,0,4,7,60-69,Female
891,IMM_9,2,4,7,60-69,Female
891,IMM_7,4,4,7,60-69,Female
891,IMM_8,1,4,7,60-69,Female
891,IMM_3,0,4,7,60-69,Female
891,IMM_2,4,4,7,60-69,Female
891,IMM_1,4,4,7,60-69,Female
891,IMM_6,0,4,7,60-69,Female
895,IMM_9,3,4,2,40-49,Female
895,IMM_5,0,4,2,40-49,Female
895,IMM_1,2,4,2,40-49,Female
895,IMM_7,3,4,2,40-49,Female
895,IMM_3,4,4,2,40-49,Female
895,IMM_10,4,4,2,40-49,Female
895,IMM_6,4,4,2,40-49,Female
895,IMM_8,4,4,2,40-49,Female
895,IMM_4,0,4,2,40-49,Female
895,IMM_2,4,4,2,40-49,Female
896,IMM_5,3,4,3,40-49,Female
896,IMM_10,0,4,3,40-49,Female
896,IMM_1,3,4,3,40-49,Female
896,IMM_2,4,4,3,40-49,Female
896,IMM_3,1,4,3,40-49,Female
896,IMM_7,1,4,3,40-49,Female
896,IMM_6,1,4,3,40-49,Female
896,IMM_4,3,4,3,40-49,Female
896,IMM_8,1,4,3,40-49,Female
896,IMM_9,1,4,3,40-49,Female
897,IMM_1,2,4,2,50-59,Female
897,IMM_2,2,4,2,50-59,Female
897,IMM_10,0,4,2,50-59,Female
897,IMM_8,1,4,2,50-59,Female
897,IMM_5,0,4,2,50-59,Female
897,IMM_9,2,4,2,50-59,Female
897,IMM_6,4,4,2,50-59,Female
897,IMM_7,2,4,2,50-59,Female
897,IMM_3,3,4,2,50-59,Female
897,IMM_4,1,4,2,50-59,Female
899,IMM_1,2,4,1,50-59,Female
899,IMM_7,0,4,1,50-59,Female
899,IMM_10,2,4,1,50-59,Female
899,IMM_4,4,4,1,50-59,Female
899,IMM_6,2,4,1,50-59,Female
899,IMM_9,2,4,1,50-59,Female
899,IMM_2,3,4,1,50-59,Female
899,IMM_5,0,4,1,50-59,Female
899,IMM_3,4,4,1,50-59,Female
899,IMM_8,3,4,1,50-59,Female
900,IMM_2,3,4,3,60-69,Female
900,IMM_8,3,4,3,60-69,Female
900,IMM_7,2,4,3,60-69,Female
900,IMM_9,2,4,3,60-69,Female
900,IMM_3,0,4,3,60-69,Female
900,IMM_5,3,4,3,60-69,Female
900,IMM_10,1,4,3,60-69,Female
900,IMM_4,3,4,3,60-69,Female
900,IMM_6,1,4,3,60-69,Female
900,IMM_1,2,4,3,60-69,Female
906,IMM_1,2,4,2,50-59,Female
906,IMM_3,4,4,2,50-59,Female
906,IMM_6,3,4,2,50-59,Female
906,IMM_10,2,4,2,50-59,Female
906,IMM_8,3,4,2,50-59,Female
906,IMM_4,1,4,2,50-59,Female
906,IMM_7,1,4,2,50-59,Female
906,IMM_5,1,4,2,50-59,Female
906,IMM_2,2,4,2,50-59,Female
906,IMM_9,2,4,2,50-59,Female
919,IMM_1,1,4,2,50-59,Female
919,IMM_5,0,4,2,50-59,Female
919,IMM_9,2,4,2,50-59,Female
919,IMM_8,4,4,2,50-59,Female
919,IMM_4,0,4,2,50-59,Female
919,IMM_7,2,4,2,50-59,Female
919,IMM_10,3,4,2,50-59,Female
919,IMM_2,2,4,2,50-59,Female
919,IMM_3,3,4,2,50-59,Female
919,IMM_6,1,4,2,50-59,Female
922,IMM_10,1,4,6,40-49,Female
922,IMM_6,1,4,6,40-49,Female
922,IMM_9,3,4,6,40-49,Female
922,IMM_3,2,4,6,40-49,Female
922,IMM_2,3,4,6,40-49,Female
922,IMM_5,3,4,6,40-49,Female
922,IMM_8,3,4,6,40-49,Female
922,IMM_4,3,4,6,40-49,Female
922,IMM_7,1,4,6,40-49,Female
922,IMM_1,1,4,6,40-49,Female
925,IMM_3,3,4,3,60-69,Male
925,IMM_6,2,4,3,60-69,Male
925,IMM_9,1,4,3,60-69,Male
925,IMM_10,4,4,3,60-69,Male
925,IMM_8,2,4,3,60-69,Male
925,IMM_4,2,4,3,60-69,Male
925,IMM_5,0,4,3,60-69,Male
925,IMM_1,1,4,3,60-69,Male
925,IMM_7,3,4,3,60-69,Male
925,IMM_2,2,4,3,60-69,Male
926,IMM_3,1,4,6,40-49,Female
926,IMM_10,4,4,6,40-49,Female
926,IMM_5,1,4,6,40-49,Female
926,IMM_6,3,4,6,40-49,Female
926,IMM_4,1,4,6,40-49,Female
926,IMM_1,2,4,6,40-49,Female
926,IMM_7,1,4,6,40-49,Female
926,IMM_2,3,4,6,40-49,Female
926,IMM_9,3,4,6,40-49,Female
926,IMM_8,3,4,6,40-49,Female
928,IMM_2,0,4,2,40-49,Female
928,IMM_10,0,4,2,40-49,Female
928,IMM_5,3,4,2,40-49,Female
928,IMM_8,0,4,2,40-49,Female
928,IMM_1,4,4,2,40-49,Female
928,IMM_3,0,4,2,40-49,Female
928,IMM_6,0,4,2,40-49,Female
928,IMM_7,4,4,2,40-49,Female
928,IMM_4,0,4,2,40-49,Female
928,IMM_9,1,4,2,40-49,Female
931,IMM_7,0,4,6,50-59,Female
931,IMM_10,3,4,6,50-59,Female
931,IMM_8,3,4,6,50-59,Female
931,IMM_9,2,4,6,50-59,Female
931,IMM_6,3,4,6,50-59,Female
931,IMM_1,1,4,6,50-59,Female
931,IMM_2,3,4,6,50-59,Female
931,IMM_5,0,4,6,50-59,Female
931,IMM_4,1,4,6,50-59,Female
931,IMM_3,2,4,6,50-59,Female
933,IMM_10,3,4,7,60-69,Female
933,IMM_1,2,4,7,60-69,Female
933,IMM_3,1,4,7,60-69,Female
933,IMM_2,1,4,7,60-69,Female
933,IMM_9,1,4,7,60-69,Female
933,IMM_4,1,4,7,60-69,Female
933,IMM_8,1,4,7,60-69,Female
933,IMM_6,1,4,7,60-69,Female
933,IMM_5,1,4,7,60-69,Female
933,IMM_7,3,4,7,60-69,Female
934,IMM_5,0,4,2,60-69,Female
934,IMM_1,2,4,2,60-69,Female
934,IMM_10,2,4,2,60-69,Female
934,IMM_9,0,4,2,60-69,Female
934,IMM_4,1,4,2,60-69,Female
934,IMM_2,2,4,2,60-69,Female
934,IMM_3,4,4,2,60-69,Female
934,IMM_6,2,4,2,60-69,Female
934,IMM_8,4,4,2,60-69,Female
934,IMM_7,0,4,2,60-69,Female
937,IMM_3,4,4,1,60-69,Female
937,IMM_5,0,4,1,60-69,Female
937,IMM_4,0,4,1,60-69,Female
937,IMM_6,3,4,1,60-69,Female
937,IMM_1,0,4,1,60-69,Female
937,IMM_10,4,4,1,60-69,Female
937,IMM_9,4,4,1,60-69,Female
937,IMM_8,4,4,1,60-69,Female
937,IMM_7,0,4,1,60-69,Female
937,IMM_2,3,4,1,60-69,Female
938,IMM_9,4,4,5,60-69,Male
938,IMM_4,2,4,5,60-69,Male
938,IMM_10,3,4,5,60-69,Male
938,IMM_5,0,4,5,60-69,Male
938,IMM_2,3,4,5,60-69,Male
938,IMM_8,3,4,5,60-69,Male
938,IMM_1,0,4,5,60-69,Male
938,IMM_7,0,4,5,60-69,Male
938,IMM_3,4,4,5,60-69,Male
938,IMM_6,3,4,5,60-69,Male
947,IMM_9,2,4,3,70-79,Male
947,IMM_10,3,4,3,70-79,Male
947,IMM_8,3,4,3,70-79,Male
947,IMM_2,3,4,3,70-79,Male
947,IMM_4,3,4,3,70-79,Male
947,IMM_3,2,4,3,70-79,Male
947,IMM_1,2,4,3,70-79,Male
947,IMM_5,3,4,3,70-79,Male
947,IMM_7,0,4,3,70-79,Male
947,IMM_6,2,4,3,70-79,Male
949,IMM_4,3,4,5,40-49,Female
949,IMM_2,2,4,5,40-49,Female
949,IMM_9,2,4,5,40-49,Female
949,IMM_7,0,4,5,40-49,Female
949,IMM_6,1,4,5,40-49,Female
949,IMM_10,1,4,5,40-49,Female
949,IMM_5,2,4,5,40-49,Female
949,IMM_8,2,4,5,40-49,Female
949,IMM_1,3,4,5,40-49,Female
949,IMM_3,0,4,5,40-49,Female
955,IMM_8,3,4,3,70-79,Male
955,IMM_10,3,4,3,70-79,Male
955,IMM_6,2,4,3,70-79,Male
955,IMM_9,3,4,3,70-79,Male
955,IMM_2,2,4,3,70-79,Male
955,IMM_7,1,4,3,70-79,Male
955,IMM_1,1,4,3,70-79,Male
955,IMM_5,0,4,3,70-79,Male
955,IMM_4,3,4,3,70-79,Male
955,IMM_3,4,4,3,70-79,Male
956,IMM_3,4,4,6,40-49,Female
956,IMM_6,3,4,6,40-49,Female
956,IMM_8,3,4,6,40-49,Female
956,IMM_5,1,4,6,40-49,Female
956,IMM_7,0,4,6,40-49,Female
956,IMM_4,2,4,6,40-49,Female
956,IMM_1,1,4,6,40-49,Female
956,IMM_9,1,4,6,40-49,Female
956,IMM_2,2,4,6,40-49,Female
956,IMM_10,1,4,6,40-49,Female
961,IMM_5,4,4,7,18-29,Female
961,IMM_4,4,4,7,18-29,Female
961,IMM_2,3,4,7,18-29,Female
961,IMM_9,1,4,7,18-29,Female
961,IMM_8,2,4,7,18-29,Female
961,IMM_10,3,4,7,18-29,Female
961,IMM_6,2,4,7,18-29,Female
961,IMM_3,4,4,7,18-29,Female
961,IMM_1,3,4,7,18-29,Female
961,IMM_7,2,4,7,18-29,Female
970,IMM_2,4,4,2,30-39,Female
970,IMM_4,2,4,2,30-39,Female
970,IMM_8,4,4,2,30-39,Female
970,IMM_10,4,4,2,30-39,Female
970,IMM_5,3,4,2,30-39,Female
970,IMM_1,1,4,2,30-39,Female
970,IMM_3,4,4,2,30-39,Female
970,IMM_9,4,4,2,30-39,Female
970,IMM_6,3,4,2,30-39,Female
970,IMM_7,1,4,2,30-39,Female
974,IMM_1,1,4,3,70-79,Female
974,IMM_2,2,4,3,70-79,Female
974,IMM_5,1,4,3,70-79,Female
974,IMM_9,2,4,3,70-79,Female
974,IMM_4,0,4,3,70-79,Female
974,IMM_3,4,4,3,70-79,Female
974,IMM_6,3,4,3,70-79,Female
974,IMM_10,1,4,3,70-79,Female
974,IMM_8,2,4,3,70-79,Female
974,IMM_7,1,4,3,70-79,Female
978,IMM_3,2,4,3,30-39,Female
978,IMM_2,2,4,3,30-39,Female
978,IMM_5,3,4,3,30-39,Female
978,IMM_6,2,4,3,30-39,Female
978,IMM_7,2,4,3,30-39,Female
978,IMM_10,2,4,3,30-39,Female
978,IMM_8,1,4,3,30-39,Female
978,IMM_9,1,4,3,30-39,Female
978,IMM_1,3,4,3,30-39,Female
978,IMM_4,2,4,3,30-39,Female
981,IMM_5,1,4,6,40-49,Female
981,IMM_2,4,4,6,40-49,Female
981,IMM_10,2,4,6,40-49,Female
981,IMM_8,0,4,6,40-49,Female
981,IMM_7,1,4,6,40-49,Female
981,IMM_4,2,4,6,40-49,Female
981,IMM_6,2,4,6,40-49,Female
981,IMM_3,4,4,6,40-49,Female
981,IMM_9,2,4,6,40-49,Female
981,IMM_1,3,4,6,40-49,Female
986,IMM_6,4,4,1,70-79,Female
986,IMM_1,0,4,1,70-79,Female
986,IMM_7,1,4,1,70-79,Female
986,IMM_2,3,4,1,70-79,Female
986,IMM_10,4,4,1,70-79,Female
986,IMM_8,3,4,1,70-79,Female
986,IMM_5,0,4,1,70-79,Female
986,IMM_9,3,4,1,70-79,Female
986,IMM_3,4,4,1,70-79,Female
986,IMM_4,0,4,1,70-79,Female
989,IMM_10,0,4,1,60-69,Female
989,IMM_5,1,4,1,60-69,Female
989,IMM_1,0,4,1,60-69,Female
989,IMM_7,0,4,1,60-69,Female
989,IMM_8,4,4,1,60-69,Female
989,IMM_6,4,4,1,60-69,Female
989,IMM_3,4,4,1,60-69,Female
989,IMM_9,4,4,1,60-69,Female
989,IMM_2,3,4,1,60-69,Female
989,IMM_4,1,4,1,60-69,Female
991,IMM_6,3,4,3,30-39,Female
991,IMM_5,1,4,3,30-39,Female
991,IMM_4,2,4,3,30-39,Female
991,IMM_10,3,4,3,30-39,Female
991,IMM_3,2,4,3,30-39,Female
991,IMM_9,3,4,3,30-39,Female
991,IMM_8,1,4,3,30-39,Female
991,IMM_2,3,4,3,30-39,Female
991,IMM_1,1,4,3,30-39,Female
991,IMM_7,2,4,3,30-39,Female
999,IMM_8,3,4,1,60-69,Female
999,IMM_7,1,4,1,60-69,Female
999,IMM_2,3,4,1,60-69,Female
999,IMM_10,3,4,1,60-69,Female
999,IMM_1,1,4,1,60-69,Female
999,IMM_4,1,4,1,60-69,Female
999,IMM_3,4,4,1,60-69,Female
999,IMM_6,4,4,1,60-69,Female
999,IMM_5,0,4,1,60-69,Female
999,IMM_9,2,4,1,60-69,Female
1003,IMM_4,2,4,5,40-49,Female
1003,IMM_10,0,4,5,40-49,Female
1003,IMM_8,0,4,5,40-49,Female
1003,IMM_5,1,4,5,40-49,Female
1003,IMM_7,2,4,5,40-49,Female
1003,IMM_6,2,4,5,40-49,Female
1003,IMM_3,3,4,5,40-49,Female
1003,IMM_2,3,4,5,40-49,Female
1003,IMM_1,1,4,5,40-49,Female
1003,IMM_9,1,4,5,40-49,Female
1005,IMM_4,2,4,3,18-29,Female
1005,IMM_3,4,4,3,18-29,Female
1005,IMM_10,1,4,3,18-29,Female
1005,IMM_1,0,4,3,18-29,Female
1005,IMM_5,0,4,3,18-29,Female
1005,IMM_7,0,4,3,18-29,Female
1005,IMM_2,1,4,3,18-29,Female
1005,IMM_9,2,4,3,18-29,Female
1005,IMM_8,3,4,3,18-29,Female
1005,IMM_6,3,4,3,18-29,Female
1006,IMM_6,0,4,3,50-59,Female
1006,IMM_5,2,4,3,50-59,Female
1006,IMM_1,1,4,3,50-59,Female
1006,IMM_4,0,4,3,50-59,Female
1006,IMM_7,2,4,3,50-59,Female
1006,IMM_9,0,4,3,50-59,Female
1006,IMM_8,0,4,3,50-59,Female
1006,IMM_2,3,4,3,50-59,Female
1006,IMM_3,0,4,3,50-59,Female
1006,IMM_10,0,4,3,50-59,Female
1007,IMM_4,2,4,5,30-39,Female
1007,IMM_10,3,4,5,30-39,Female
1007,IMM_9,2,4,5,30-39,Female
1007,IMM_1,1,4,5,30-39,Female
1007,IMM_5,1,4,5,30-39,Female
1007,IMM_6,3,4,5,30-39,Female
1007,IMM_3,3,4,5,30-39,Female
1007,IMM_7,1,4,5,30-39,Female
1007,IMM_8,3,4,5,30-39,Female
1007,IMM_2,3,4,5,30-39,Female
1011,IMM_10,2,4,6,30-39,Female
1011,IMM_3,1,4,6,30-39,Female
1011,IMM_6,3,4,6,30-39,Female
1011,IMM_9,1,4,6,30-39,Female
1011,IMM_1,3,4,6,30-39,Female
1011,IMM_7,2,4,6,30-39,Female
1011,IMM_2,3,4,6,30-39,Female
1011,IMM_5,2,4,6,30-39,Female
1011,IMM_4,1,4,6,30-39,Female
1011,IMM_8,1,4,6,30-39,Female
1012,IMM_5,1,4,1,60-69,Female
1012,IMM_1,3,4,1,60-69,Female
1012,IMM_9,2,4,1,60-69,Female
1012,IMM_6,3,4,1,60-69,Female
1012,IMM_2,3,4,1,60-69,Female
1012,IMM_10,3,4,1,60-69,Female
1012,IMM_3,2,4,1,60-69,Female
1012,IMM_7,2,4,1,60-69,Female
1012,IMM_4,1,4,1,60-69,Female
1012,IMM_8,4,4,1,60-69,Female
1015,IMM_3,4,4,5,60-69,Female
1015,IMM_2,3,4,5,60-69,Female
1015,IMM_10,3,4,5,60-69,Female
1015,IMM_9,2,4,5,60-69,Female
1015,IMM_7,0,4,5,60-69,Female
1015,IMM_4,1,4,5,60-69,Female
1015,IMM_8,3,4,5,60-69,Female
1015,IMM_5,2,4,5,60-69,Female
1015,IMM_6,4,4,5,60-69,Female
1015,IMM_1,0,4,5,60-69,Female
1020,IMM_6,1,4,7,40-49,Female
1020,IMM_4,1,4,7,40-49,Female
1020,IMM_5,2,4,7,40-49,Female
1020,IMM_1,4,4,7,40-49,Female
1020,IMM_9,1,4,7,40-49,Female
1020,IMM_2,0,4,7,40-49,Female
1020,IMM_10,1,4,7,40-49,Female
1020,IMM_3,0,4,7,40-49,Female
1020,IMM_8,4,4,7,40-49,Female
1020,IMM_7,2,4,7,40-49,Female
1023,IMM_2,3,4,2,30-39,Female
1023,IMM_5,4,4,2,30-39,Female
1023,IMM_10,4,4,2,30-39,Female
1023,IMM_3,3,4,2,30-39,Female
1023,IMM_1,1,4,2,30-39,Female
1023,IMM_8,3,4,2,30-39,Female
1023,IMM_9,4,4,2,30-39,Female
1023,IMM_7,0,4,2,30-39,Female
1023,IMM_4,3,4,2,30-39,Female
1023,IMM_6,3,4,2,30-39,Female
1024,IMM_1,2,4,1,60-69,Female
1024,IMM_6,2,4,1,60-69,Female
1024,IMM_4,2,4,1,60-69,Female
1024,IMM_7,1,4,1,60-69,Female
1024,IMM_2,2,4,1,60-69,Female
1024,IMM_9,3,4,1,60-69,Female
1024,IMM_3,2,4,1,60-69,Female
1024,IMM_5,2,4,1,60-69,Female
1024,IMM_10,3,4,1,60-69,Female
1024,IMM_8,4,4,1,60-69,Female
1028,IMM_3,4,4,5,60-69,Female
1028,IMM_1,3,4,5,60-69,Female
1028,IMM_6,1,4,5,60-69,Female
1028,IMM_7,0,4,5,60-69,Female
1028,IMM_2,1,4,5,60-69,Female
1028,IMM_5,1,4,5,60-69,Female
1028,IMM_4,3,4,5,60-69,Female
1028,IMM_9,2,4,5,60-69,Female
1028,IMM_10,4,4,5,60-69,Female
1028,IMM_8,3,4,5,60-69,Female
1031,IMM_7,3,4,5,40-49,Female
1031,IMM_8,1,4,5,40-49,Female
1031,IMM_9,2,4,5,40-49,Female
1031,IMM_1,3,4,5,40-49,Female
1031,IMM_2,3,4,5,40-49,Female
1031,IMM_3,0,4,5,40-49,Female
1031,IMM_4,2,4,5,40-49,Female
1031,IMM_5,4,4,5,40-49,Female
1031,IMM_10,1,4,5,40-49,Female
1031,IMM_6,4,4,5,40-49,Female
1036,IMM_6,2,4,3,30-39,Female
1036,IMM_3,0,4,3,30-39,Female
1036,IMM_7,3,4,3,30-39,Female
1036,IMM_10,2,4,3,30-39,Female
1036,IMM_9,2,4,3,30-39,Female
1036,IMM_4,2,4,3,30-39,Female
1036,IMM_5,2,4,3,30-39,Female
1036,IMM_8,4,4,3,30-39,Female
1036,IMM_1,3,4,3,30-39,Female
1036,IMM_2,3,4,3,30-39,Female
1037,IMM_9,3,4,5,30-39,Female
1037,IMM_4,0,4,5,30-39,Female
1037,IMM_10,3,4,5,30-39,Female
1037,IMM_5,1,4,5,30-39,Female
1037,IMM_3,3,4,5,30-39,Female
1037,IMM_1,3,4,5,30-39,Female
1037,IMM_2,4,4,5,30-39,Female
1037,IMM_8,2,4,5,30-39,Female
1037,IMM_7,2,4,5,30-39,Female
1037,IMM_6,1,4,5,30-39,Female
1039,IMM_6,3,4,2,18-29,Female
1039,IMM_10,3,4,2,18-29,Female
1039,IMM_9,3,4,2,18-29,Female
1039,IMM_7,0,4,2,18-29,Female
1039,IMM_4,0,4,2,18-29,Female
1039,IMM_5,0,4,2,18-29,Female
1039,IMM_3,4,4,2,18-29,Female
1039,IMM_8,3,4,2,18-29,Female
1039,IMM_2,2,4,2,18-29,Female
1039,IMM_1,1,4,2,18-29,Female
1043,IMM_6,4,4,2,40-49,Female
1043,IMM_1,4,4,2,40-49,Female
1043,IMM_3,1,4,2,40-49,Female
1043,IMM_4,2,4,2,40-49,Female
1043,IMM_5,3,4,2,40-49,Female
1043,IMM_10,4,4,2,40-49,Female
1043,IMM_7,3,4,2,40-49,Female
1043,IMM_2,4,4,2,40-49,Female
1043,IMM_9,4,4,2,40-49,Female
1043,IMM_8,4,4,2,40-49,Female
1047,IMM_1,1,4,6,60-69,Female
1047,IMM_7,2,4,6,60-69,Female
1047,IMM_2,3,4,6,60-69,Female
1047,IMM_5,1,4,6,60-69,Female
1047,IMM_8,2,4,6,60-69,Female
1047,IMM_10,1,4,6,60-69,Female
1047,IMM_9,0,4,6,60-69,Female
1047,IMM_3,2,4,6,60-69,Female
1047,IMM_4,1,4,6,60-69,Female
1047,IMM_6,1,4,6,60-69,Female
1049,IMM_9,2,4,2,50-59,Female
1049,IMM_2,2,4,2,50-59,Female
1049,IMM_7,0,4,2,50-59,Female
1049,IMM_6,1,4,2,50-59,Female
1049,IMM_8,3,4,2,50-59,Female
1049,IMM_10,1,4,2,50-59,Female
1049,IMM_4,2,4,2,50-59,Female
1049,IMM_1,2,4,2,50-59,Female
1049,IMM_5,0,4,2,50-59,Female
1049,IMM_3,4,4,2,50-59,Female
1053,IMM_3,4,4,3,50-59,Female
1053,IMM_6,3,4,3,50-59,Female
1053,IMM_9,2,4,3,50-59,Female
1053,IMM_1,0,4,3,50-59,Female
1053,IMM_5,0,4,3,50-59,Female
1053,IMM_4,2,4,3,50-59,Female
1053,IMM_10,3,4,3,50-59,Female
1053,IMM_7,1,4,3,50-59,Female
1053,IMM_8,3,4,3,50-59,Female
1053,IMM_2,3,4,3,50-59,Female
1054,IMM_1,1,4,2,50-59,Male
1054,IMM_9,3,4,2,50-59,Male
1054,IMM_5,2,4,2,50-59,Male
1054,IMM_4,2,4,2,50-59,Male
1054,IMM_6,1,4,2,50-59,Male
1054,IMM_3,4,4,2,50-59,Male
1054,IMM_8,4,4,2,50-59,Male
1054,IMM_10,2,4,2,50-59,Male
1054,IMM_2,4,4,2,50-59,Male
1054,IMM_7,3,4,2,50-59,Male
1056,IMM_6,0,4,7,50-59,Female
1056,IMM_2,0,4,7,50-59,Female
1056,IMM_10,0,4,7,50-59,Female
1056,IMM_1,4,4,7,50-59,Female
1056,IMM_3,0,4,7,50-59,Female
1056,IMM_5,4,4,7,50-59,Female
1056,IMM_7,1,4,7,50-59,Female
1056,IMM_8,0,4,7,50-59,Female
1056,IMM_4,0,4,7,50-59,Female
1056,IMM_9,0,4,7,50-59,Female
1057,IMM_6,4,4,1,50-59,Female
1057,IMM_1,1,4,1,50-59,Female
1057,IMM_5,0,4,1,50-59,Female
1057,IMM_4,3,4,1,50-59,Female
1057,IMM_8,3,4,1,50-59,Female
1057,IMM_3,4,4,1,50-59,Female
1057,IMM_7,0,4,1,50-59,Female
1057,IMM_9,3,4,1,50-59,Female
1057,IMM_2,2,4,1,50-59,Female
1057,IMM_10,3,4,1,50-59,Female
1058,IMM_8,1,4,3,60-69,Male
1058,IMM_10,1,4,3,60-69,Male
1058,IMM_4,1,4,3,60-69,Male
1058,IMM_3,4,4,3,60-69,Male
1058,IMM_9,2,4,3,60-69,Male
1058,IMM_1,1,4,3,60-69,Male
1058,IMM_5,3,4,3,60-69,Male
1058,IMM_2,4,4,3,60-69,Male
1058,IMM_6,4,4,3,60-69,Male
1058,IMM_7,2,4,3,60-69,Male
1062,IMM_7,2,4,3,40-49,Female
1062,IMM_2,1,4,3,40-49,Female
1062,IMM_6,3,4,3,40-49,Female
1062,IMM_1,3,4,3,40-49,Female
1062,IMM_3,4,4,3,40-49,Female
1062,IMM_8,3,4,3,40-49,Female
1062,IMM_5,0,4,3,40-49,Female
1062,IMM_9,1,4,3,40-49,Female
1062,IMM_10,3,4,3,40-49,Female
1062,IMM_4,1,4,3,40-49,Female
1067,IMM_5,1,4,5,60-69,Female
1067,IMM_6,3,4,5,60-69,Female
1067,IMM_8,3,4,5,60-69,Female
1067,IMM_9,2,4,5,60-69,Female
1067,IMM_2,3,4,5,60-69,Female
1067,IMM_7,2,4,5,60-69,Female
1067,IMM_3,0,4,5,60-69,Female
1067,IMM_4,1,4,5,60-69,Female
1067,IMM_1,2,4,5,60-69,Female
1067,IMM_10,2,4,5,60-69,Female
1068,IMM_10,1,4,1,30-39,Male
1068,IMM_7,3,4,1,30-39,Male
1068,IMM_5,3,4,1,30-39,Male
1068,IMM_3,0,4,1,30-39,Male
1068,IMM_4,3,4,1,30-39,Male
1068,IMM_9,0,4,1,30-39,Male
1068,IMM_2,0,4,1,30-39,Male
1068,IMM_8,1,4,1,30-39,Male
1068,IMM_1,3,4,1,30-39,Male
1068,IMM_6,4,4,1,30-39,Male
1069,IMM_5,4,4,3,70-79,Female
1069,IMM_8,3,4,3,70-79,Female
1069,IMM_3,4,4,3,70-79,Female
1069,IMM_7,1,4,3,70-79,Female
1069,IMM_1,2,4,3,70-79,Female
1069,IMM_9,3,4,3,70-79,Female
1069,IMM_10,2,4,3,70-79,Female
1069,IMM_4,2,4,3,70-79,Female
1069,IMM_2,3,4,3,70-79,Female
1069,IMM_6,3,4,3,70-79,Female
1074,IMM_2,3,4,5,70-79,Female
1074,IMM_8,2,4,5,70-79,Female
1074,IMM_3,0,4,5,70-79,Female
1074,IMM_10,1,4,5,70-79,Female
1074,IMM_9,2,4,5,70-79,Female
1074,IMM_7,3,4,5,70-79,Female
1074,IMM_6,1,4,5,70-79,Female
1074,IMM_5,2,4,5,70-79,Female
1074,IMM_1,3,4,5,70-79,Female
1074,IMM_4,1,4,5,70-79,Female
1088,IMM_2,4,4,1,50-59,Female
1088,IMM_3,0,4,1,50-59,Female
1088,IMM_10,0,4,1,50-59,Female
1088,IMM_9,2,4,1,50-59,Female
1088,IMM_7,2,4,1,50-59,Female
1088,IMM_4,0,4,1,50-59,Female
1088,IMM_6,0,4,1,50-59,Female
1088,IMM_5,2,4,1,50-59,Female
1088,IMM_1,4,4,1,50-59,Female
1088,IMM_8,0,4,1,50-59,Female
1090,IMM_7,1,4,2,18-29,Female
1090,IMM_1,3,4,2,18-29,Female
1090,IMM_5,0,4,2,18-29,Female
1090,IMM_4,1,4,2,18-29,Female
1090,IMM_3,1,4,2,18-29,Female
1090,IMM_10,1,4,2,18-29,Female
1090,IMM_8,3,4,2,18-29,Female
1090,IMM_2,4,4,2,18-29,Female
1090,IMM_6,1,4,2,18-29,Female
1090,IMM_9,1,4,2,18-29,Female
1091,IMM_2,3,4,3,50-59,Female
1091,IMM_8,3,4,3,50-59,Female
1091,IMM_9,3,4,3,50-59,Female
1091,IMM_7,1,4,3,50-59,Female
1091,IMM_5,0,4,3,50-59,Female
1091,IMM_10,3,4,3,50-59,Female
1091,IMM_3,4,4,3,50-59,Female
1091,IMM_4,3,4,3,50-59,Female
1091,IMM_6,3,4,3,50-59,Female
1091,IMM_1,1,4,3,50-59,Female
1093,IMM_6,3,4,3,30-39,Female
1093,IMM_1,3,4,3,30-39,Female
1093,IMM_4,2,4,3,30-39,Female
1093,IMM_7,3,4,3,30-39,Female
1093,IMM_9,1,4,3,30-39,Female
1093,IMM_5,2,4,3,30-39,Female
1093,IMM_10,2,4,3,30-39,Female
1093,IMM_8,3,4,3,30-39,Female
1093,IMM_2,4,4,3,30-39,Female
1093,IMM_3,3,4,3,30-39,Female
1096,IMM_2,3,4,5,40-49,Female
1096,IMM_6,1,4,5,40-49,Female
1096,IMM_4,2,4,5,40-49,Female
1096,IMM_8,3,4,5,40-49,Female
1096,IMM_9,0,4,5,40-49,Female
1096,IMM_3,1,4,5,40-49,Female
1096,IMM_7,2,4,5,40-49,Female
1096,IMM_1,2,4,5,40-49,Female
1096,IMM_10,0,4,5,40-49,Female
1096,IMM_5,2,4,5,40-49,Female
1099,IMM_4,0,4,5,18-29,Female
1099,IMM_2,3,4,5,18-29,Female
1099,IMM_5,3,4,5,18-29,Female
1099,IMM_8,3,4,5,18-29,Female
1099,IMM_6,1,4,5,18-29,Female
1099,IMM_1,3,4,5,18-29,Female
1099,IMM_3,0,4,5,18-29,Female
1099,IMM_10,0,4,5,18-29,Female
1099,IMM_9,0,4,5,18-29,Female
1099,IMM_7,2,4,5,18-29,Female
1100,IMM_4,1,4,2,30-39,Male
1100,IMM_5,2,4,2,30-39,Male
1100,IMM_9,4,4,2,30-39,Male
1100,IMM_10,3,4,2,30-39,Male
1100,IMM_8,4,4,2,30-39,Male
1100,IMM_7,1,4,2,30-39,Male
1100,IMM_2,4,4,2,30-39,Male
1100,IMM_1,1,4,2,30-39,Male
1100,IMM_6,3,4,2,30-39,Male
1100,IMM_3,4,4,2,30-39,Male
1105,IMM_9,1,4,5,30-39,Male
1105,IMM_10,3,4,5,30-39,Male
1105,IMM_7,2,4,5,30-39,Male
1105,IMM_3,0,4,5,30-39,Male
1105,IMM_4,1,4,5,30-39,Male
1105,IMM_6,3,4,5,30-39,Male
1105,IMM_1,3,4,5,30-39,Male
1105,IMM_5,3,4,5,30-39,Male
1105,IMM_2,3,4,5,30-39,Male
1105,IMM_8,2,4,5,30-39,Male
1106,IMM_6,2,4,5,50-59,Female
1106,IMM_9,3,4,5,50-59,Female
1106,IMM_10,3,4,5,50-59,Female
1106,IMM_2,2,4,5,50-59,Female
1106,IMM_3,4,4,5,50-59,Female
1106,IMM_8,4,4,5,50-59,Female
1106,IMM_5,1,4,5,50-59,Female
1106,IMM_4,1,4,5,50-59,Female
1106,IMM_7,0,4,5,50-59,Female
1106,IMM_1,1,4,5,50-59,Female
1108,IMM_10,0,4,3,30-39,Female
1108,IMM_5,0,4,3,30-39,Female
1108,IMM_8,1,4,3,30-39,Female
1108,IMM_2,3,4,3,30-39,Female
1108,IMM_3,2,4,3,30-39,Female
1108,IMM_4,2,4,3,30-39,Female
1108,IMM_6,0,4,3,30-39,Female
1108,IMM_9,1,4,3,30-39,Female
1108,IMM_7,0,4,3,30-39,Female
1108,IMM_1,3,4,3,30-39,Female
1109,IMM_6,3,4,3,30-39,Female
1109,IMM_8,1,4,3,30-39,Female
1109,IMM_5,2,4,3,30-39,Female
1109,IMM_4,2,4,3,30-39,Female
1109,IMM_3,2,4,3,30-39,Female
1109,IMM_9,2,4,3,30-39,Female
1109,IMM_2,1,4,3,30-39,Female
1109,IMM_7,2,4,3,30-39,Female
1109,IMM_1,2,4,3,30-39,Female
1109,IMM_10,2,4,3,30-39,Female
1111,IMM_5,2,4,4,40-49,Female
1111,IMM_4,2,4,4,40-49,Female
1111,IMM_9,1,4,4,40-49,Female
1111,IMM_7,3,4,4,40-49,Female
1111,IMM_8,3,4,4,40-49,Female
1111,IMM_3,1,4,4,40-49,Female
1111,IMM_2,3,4,4,40-49,Female
1111,IMM_6,1,4,4,40-49,Female
1111,IMM_10,1,4,4,40-49,Female
1111,IMM_1,3,4,4,40-49,Female
1120,IMM_8,1,4,3,30-39,Female
1120,IMM_7,0,4,3,30-39,Female
1120,IMM_3,4,4,3,30-39,Female
1120,IMM_1,0,4,3,30-39,Female
1120,IMM_5,0,4,3,30-39,Female
1120,IMM_9,4,4,3,30-39,Female
1120,IMM_6,3,4,3,30-39,Female
1120,IMM_10,4,4,3,30-39,Female
1120,IMM_2,0,4,3,30-39,Female
1120,IMM_4,0,4,3,30-39,Female
1121,IMM_6,2,4,3,40-49,Female
1121,IMM_10,2,4,3,40-49,Female
1121,IMM_2,3,4,3,40-49,Female
1121,IMM_9,2,4,3,40-49,Female
1121,IMM_7,0,4,3,40-49,Female
1121,IMM_5,4,4,3,40-49,Female
1121,IMM_1,3,4,3,40-49,Female
1121,IMM_4,3,4,3,40-49,Female
1121,IMM_8,4,4,3,40-49,Female
1121,IMM_3,0,4,3,40-49,Female
1122,IMM_8,4,4,1,18-29,Female
1122,IMM_5,3,4,1,18-29,Female
1122,IMM_3,4,4,1,18-29,Female
1122,IMM_4,2,4,1,18-29,Female
1122,IMM_7,3,4,1,18-29,Female
1122,IMM_9,2,4,1,18-29,Female
1122,IMM_6,4,4,1,18-29,Female
1122,IMM_10,4,4,1,18-29,Female
1122,IMM_1,1,4,1,18-29,Female
1122,IMM_2,4,4,1,18-29,Female
1124,IMM_2,3,4,1,40-49,Female
1124,IMM_6,1,4,1,40-49,Female
1124,IMM_10,3,4,1,40-49,Female
1124,IMM_1,1,4,1,40-49,Female
1124,IMM_4,1,4,1,40-49,Female
1124,IMM_5,1,4,1,40-49,Female
1124,IMM_8,3,4,1,40-49,Female
1124,IMM_3,4,4,1,40-49,Female
1124,IMM_9,3,4,1,40-49,Female
1124,IMM_7,1,4,1,40-49,Female
1125,IMM_8,3,4,2,70-79,Female
1125,IMM_9,4,4,2,70-79,Female
1125,IMM_7,0,4,2,70-79,Female
1125,IMM_3,4,4,2,70-79,Female
1125,IMM_4,2,4,2,70-79,Female
1125,IMM_2,3,4,2,70-79,Female
1125,IMM_6,4,4,2,70-79,Female
1125,IMM_1,4,4,2,70-79,Female
1125,IMM_10,4,4,2,70-79,Female
1125,IMM_5,0,4,2,70-79,Female
1131,IMM_4,1,4,3,60-69,Female
1131,IMM_8,2,4,3,60-69,Female
1131,IMM_10,1,4,3,60-69,Female
1131,IMM_5,1,4,3,60-69,Female
1131,IMM_6,1,4,3,60-69,Female
1131,IMM_3,0,4,3,60-69,Female
1131,IMM_2,3,4,3,60-69,Female
1131,IMM_1,3,4,3,60-69,Female
1131,IMM_9,1,4,3,60-69,Female
1131,IMM_7,3,4,3,60-69,Female
1137,IMM_9,3,4,4,50-59,Female
1137,IMM_5,2,4,4,50-59,Female
1137,IMM_2,2,4,4,50-59,Female
1137,IMM_8,3,4,4,50-59,Female
1137,IMM_1,2,4,4,50-59,Female
1137,IMM_7,1,4,4,50-59,Female
1137,IMM_10,1,4,4,50-59,Female
1137,IMM_6,2,4,4,50-59,Female
1137,IMM_3,2,4,4,50-59,Female
1137,IMM_4,2,4,4,50-59,Female
1138,IMM_6,3,4,3,18-29,Female
1138,IMM_4,3,4,3,18-29,Female
1138,IMM_3,4,4,3,18-29,Female
1138,IMM_9,3,4,3,18-29,Female
1138,IMM_1,3,4,3,18-29,Female
1138,IMM_8,4,4,3,18-29,Female
1138,IMM_2,3,4,3,18-29,Female
1138,IMM_7,3,4,3,18-29,Female
1138,IMM_5,1,4,3,18-29,Female
1138,IMM_10,1,4,3,18-29,Female
1145,IMM_7,0,4,5,18-29,Female
1145,IMM_4,1,4,5,18-29,Female
1145,IMM_8,3,4,5,18-29,Female
1145,IMM_10,3,4,5,18-29,Female
1145,IMM_3,3,4,5,18-29,Female
1145,IMM_2,3,4,5,18-29,Female
1145,IMM_6,4,4,5,18-29,Female
1145,IMM_1,0,4,5,18-29,Female
1145,IMM_5,1,4,5,18-29,Female
1145,IMM_9,1,4,5,18-29,Female
1150,IMM_9,1,4,6,60-69,Female
1150,IMM_6,0,4,6,60-69,Female
1150,IMM_5,4,4,6,60-69,Female
1150,IMM_2,3,4,6,60-69,Female
1150,IMM_8,1,4,6,60-69,Female
1150,IMM_1,4,4,6,60-69,Female
1150,IMM_10,0,4,6,60-69,Female
1150,IMM_7,3,4,6,60-69,Female
1150,IMM_4,4,4,6,60-69,Female
1150,IMM_3,0,4,6,60-69,Female
1151,IMM_3,4,4,2,30-39,Male
1151,IMM_7,0,4,2,30-39,Male
1151,IMM_5,0,4,2,30-39,Male
1151,IMM_10,3,4,2,30-39,Male
1151,IMM_9,3,4,2,30-39,Male
1151,IMM_1,0,4,2,30-39,Male
1151,IMM_8,3,4,2,30-39,Male
1151,IMM_6,3,4,2,30-39,Male
1151,IMM_2,2,4,2,30-39,Male
1151,IMM_4,1,4,2,30-39,Male
1161,IMM_5,0,4,1,40-49,Female
1161,IMM_2,3,4,1,40-49,Female
1161,IMM_3,4,4,1,40-49,Female
1161,IMM_4,3,4,1,40-49,Female
1161,IMM_10,3,4,1,40-49,Female
1161,IMM_8,3,4,1,40-49,Female
1161,IMM_9,3,4,1,40-49,Female
1161,IMM_6,2,4,1,40-49,Female
1161,IMM_7,2,4,1,40-49,Female
1161,IMM_1,1,4,1,40-49,Female
1169,IMM_10,3,4,3,70-79,Female
1169,IMM_2,3,4,3,70-79,Female
1169,IMM_9,3,4,3,70-79,Female
1169,IMM_7,0,4,3,70-79,Female
1169,IMM_4,2,4,3,70-79,Female
1169,IMM_6,4,4,3,70-79,Female
1169,IMM_3,4,4,3,70-79,Female
1169,IMM_8,3,4,3,70-79,Female
1169,IMM_5,0,4,3,70-79,Female
1169,IMM_1,1,4,3,70-79,Female
1173,IMM_6,3,4,6,18-29,Female
1173,IMM_3,1,4,6,18-29,Female
1173,IMM_7,1,4,6,18-29,Female
1173,IMM_2,3,4,6,18-29,Female
1173,IMM_1,2,4,6,18-29,Female
1173,IMM_8,3,4,6,18-29,Female
1173,IMM_4,3,4,6,18-29,Female
1173,IMM_10,1,4,6,18-29,Female
1173,IMM_5,2,4,6,18-29,Female
1173,IMM_9,3,4,6,18-29,Female
1177,IMM_9,4,4,1,40-49,Female
1177,IMM_4,0,4,1,40-49,Female
1177,IMM_6,4,4,1,40-49,Female
1177,IMM_3,4,4,1,40-49,Female
1177,IMM_10,4,4,1,40-49,Female
1177,IMM_1,0,4,1,40-49,Female
1177,IMM_8,4,4,1,40-49,Female
1177,IMM_2,4,4,1,40-49,Female
1177,IMM_5,0,4,1,40-49,Female
1177,IMM_7,0,4,1,40-49,Female
1181,IMM_10,3,4,5,18-29,Female
1181,IMM_1,1,4,5,18-29,Female
1181,IMM_6,3,4,5,18-29,Female
1181,IMM_9,2,4,5,18-29,Female
1181,IMM_3,4,4,5,18-29,Female
1181,IMM_2,2,4,5,18-29,Female
1181,IMM_5,1,4,5,18-29,Female
1181,IMM_4,2,4,5,18-29,Female
1181,IMM_8,2,4,5,18-29,Female
1181,IMM_7,0,4,5,18-29,Female
1182,IMM_1,4,4,5,60-69,Female
1182,IMM_3,0,4,5,60-69,Female
1182,IMM_5,1,4,5,60-69,Female
1182,IMM_10,3,4,5,60-69,Female
1182,IMM_2,3,4,5,60-69,Female
1182,IMM_4,1,4,5,60-69,Female
1182,IMM_6,3,4,5,60-69,Female
1182,IMM_8,4,4,5,60-69,Female
1182,IMM_7,2,4,5,60-69,Female
1182,IMM_9,1,4,5,60-69,Female
1197,IMM_6,3,4,7,30-39,Female
1197,IMM_10,3,4,7,30-39,Female
1197,IMM_9,2,4,7,30-39,Female
1197,IMM_4,1,4,7,30-39,Female
1197,IMM_8,1,4,7,30-39,Female
1197,IMM_1,3,4,7,30-39,Female
1197,IMM_3,0,4,7,30-39,Female
1197,IMM_7,2,4,7,30-39,Female
1197,IMM_5,2,4,7,30-39,Female
1197,IMM_2,4,4,7,30-39,Female
1200,IMM_5,0,4,3,40-49,Female
1200,IMM_9,4,4,3,40-49,Female
1200,IMM_1,0,4,3,40-49,Female
1200,IMM_2,3,4,3,40-49,Female
1200,IMM_7,0,4,3,40-49,Female
1200,IMM_4,1,4,3,40-49,Female
1200,IMM_6,3,4,3,40-49,Female
1200,IMM_10,4,4,3,40-49,Female
1200,IMM_8,3,4,3,40-49,Female
1200,IMM_3,4,4,3,40-49,Female
1201,IMM_10,1,4,7,60-69,Female
1201,IMM_9,3,4,7,60-69,Female
1201,IMM_4,2,4,7,60-69,Female
1201,IMM_6,1,4,7,60-69,Female
1201,IMM_1,4,4,7,60-69,Female
1201,IMM_7,3,4,7,60-69,Female
1201,IMM_8,3,4,7,60-69,Female
1201,IMM_2,3,4,7,60-69,Female
1201,IMM_3,0,4,7,60-69,Female
1201,IMM_5,3,4,7,60-69,Female
1202,IMM_1,1,4,5,18-29,Female
1202,IMM_3,4,4,5,18-29,Female
1202,IMM_6,3,4,5,18-29,Female
1202,IMM_4,1,4,5,18-29,Female
1202,IMM_5,2,4,5,18-29,Female
1202,IMM_8,3,4,5,18-29,Female
1202,IMM_7,0,4,5,18-29,Female
1202,IMM_9,3,4,5,18-29,Female
1202,IMM_10,3,4,5,18-29,Female
1202,IMM_2,3,4,5,18-29,Female
1204,IMM_3,4,4,4,40-49,Female
1204,IMM_2,2,4,4,40-49,Female
1204,IMM_1,2,4,4,40-49,Female
1204,IMM_9,3,4,4,40-49,Female
1204,IMM_7,0,4,4,40-49,Female
1204,IMM_5,0,4,4,40-49,Female
1204,IMM_8,4,4,4,40-49,Female
1204,IMM_10,4,4,4,40-49,Female
1204,IMM_6,2,4,4,40-49,Female
1204,IMM_4,2,4,4,40-49,Female
1205,IMM_8,3,4,3,40-49,Female
1205,IMM_6,1,4,3,40-49,Female
1205,IMM_10,3,4,3,40-49,Female
1205,IMM_1,2,4,3,40-49,Female
1205,IMM_2,4,4,3,40-49,Female
1205,IMM_3,1,4,3,40-49,Female
1205,IMM_9,2,4,3,40-49,Female
1205,IMM_7,2,4,3,40-49,Female
1205,IMM_4,1,4,3,40-49,Female
1205,IMM_5,4,4,3,40-49,Female
1210,IMM_2,2,4,6,50-59,Female
1210,IMM_9,0,4,6,50-59,Female
1210,IMM_3,4,4,6,50-59,Female
1210,IMM_4,0,4,6,50-59,Female
1210,IMM_8,4,4,6,50-59,Female
1210,IMM_10,0,4,6,50-59,Female
1210,IMM_7,3,4,6,50-59,Female
1210,IMM_5,0,4,6,50-59,Female
1210,IMM_1,0,4,6,50-59,Female
1210,IMM_6,4,4,6,50-59,Female
1213,IMM_7,1,4,5,18-29,Female
1213,IMM_5,0,4,5,18-29,Female
1213,IMM_10,3,4,5,18-29,Female
1213,IMM_6,3,4,5,18-29,Female
1213,IMM_8,3,4,5,18-29,Female
1213,IMM_4,1,4,5,18-29,Female
1213,IMM_2,3,4,5,18-29,Female
1213,IMM_3,4,4,5,18-29,Female
1213,IMM_9,3,4,5,18-29,Female
1213,IMM_1,0,4,5,18-29,Female
1214,IMM_2,2,4,5,40-49,Female
1214,IMM_4,2,4,5,40-49,Female
1214,IMM_9,2,4,5,40-49,Female
1214,IMM_1,2,4,5,40-49,Female
1214,IMM_10,2,4,5,40-49,Female
1214,IMM_6,3,4,5,40-49,Female
1214,IMM_8,3,4,5,40-49,Female
1214,IMM_7,2,4,5,40-49,Female
1214,IMM_3,1,4,5,40-49,Female
1214,IMM_5,2,4,5,40-49,Female
1215,IMM_1,0,4,2,18-29,Female
1215,IMM_10,3,4,2,18-29,Female
1215,IMM_5,1,4,2,18-29,Female
1215,IMM_6,3,4,2,18-29,Female
1215,IMM_4,1,4,2,18-29,Female
1215,IMM_8,3,4,2,18-29,Female
1215,IMM_7,2,4,2,18-29,Female
1215,IMM_3,4,4,2,18-29,Female
1215,IMM_9,3,4,2,18-29,Female
1215,IMM_2,0,4,2,18-29,Female
1216,IMM_10,3,4,5,18-29,Female
1216,IMM_5,1,4,5,18-29,Female
1216,IMM_9,4,4,5,18-29,Female
1216,IMM_3,1,4,5,18-29,Female
1216,IMM_2,1,4,5,18-29,Female
1216,IMM_6,1,4,5,18-29,Female
1216,IMM_1,0,4,5,18-29,Female
1216,IMM_8,1,4,5,18-29,Female
1216,IMM_4,2,4,5,18-29,Female
1216,IMM_7,2,4,5,18-29,Female
1222,IMM_10,4,4,2,18-29,Female
1222,IMM_4,2,4,2,18-29,Female
1222,IMM_7,1,4,2,18-29,Female
1222,IMM_9,0,4,2,18-29,Female
1222,IMM_2,3,4,2,18-29,Female
1222,IMM_1,2,4,2,18-29,Female
1222,IMM_3,4,4,2,18-29,Female
1222,IMM_8,2,4,2,18-29,Female
1222,IMM_5,1,4,2,18-29,Female
1222,IMM_6,3,4,2,18-29,Female
1224,IMM_10,2,4,1,50-59,Female
1224,IMM_3,2,4,1,50-59,Female
1224,IMM_7,0,4,1,50-59,Female
1224,IMM_2,3,4,1,50-59,Female
1224,IMM_6,2,4,1,50-59,Female
1224,IMM_8,2,4,1,50-59,Female
1224,IMM_4,2,4,1,50-59,Female
1224,IMM_1,2,4,1,50-59,Female
1224,IMM_9,2,4,1,50-59,Female
1224,IMM_5,1,4,1,50-59,Female
1229,IMM_4,4,4,2,30-39,Male
1229,IMM_9,3,4,2,30-39,Male
1229,IMM_8,1,4,2,30-39,Male
1229,IMM_10,3,4,2,30-39,Male
1229,IMM_2,3,4,2,30-39,Male
1229,IMM_6,1,4,2,30-39,Male
1229,IMM_7,4,4,2,30-39,Male
1229,IMM_1,3,4,2,30-39,Male
1229,IMM_5,4,4,2,30-39,Male
1229,IMM_3,1,4,2,30-39,Male
1230,IMM_4,1,4,6,18-29,Female
1230,IMM_10,4,4,6,18-29,Female
1230,IMM_8,4,4,6,18-29,Female
1230,IMM_6,4,4,6,18-29,Female
1230,IMM_9,4,4,6,18-29,Female
1230,IMM_5,1,4,6,18-29,Female
1230,IMM_2,3,4,6,18-29,Female
1230,IMM_7,2,4,6,18-29,Female
1230,IMM_3,3,4,6,18-29,Female
1230,IMM_1,0,4,6,18-29,Female
1231,IMM_1,4,4,5,30-39,Female
1231,IMM_6,1,4,5,30-39,Female
1231,IMM_9,2,4,5,30-39,Female
1231,IMM_7,2,4,5,30-39,Female
1231,IMM_3,2,4,5,30-39,Female
1231,IMM_2,3,4,5,30-39,Female
1231,IMM_4,1,4,5,30-39,Female
1231,IMM_5,2,4,5,30-39,Female
1231,IMM_8,4,4,5,30-39,Female
1231,IMM_10,4,4,5,30-39,Female
1236,IMM_8,2,4,2,18-29,Female
1236,IMM_6,2,4,2,18-29,Female
1236,IMM_2,3,4,2,18-29,Female
1236,IMM_7,0,4,2,18-29,Female
1236,IMM_3,4,4,2,18-29,Female
1236,IMM_5,0,4,2,18-29,Female
1236,IMM_9,2,4,2,18-29,Female
1236,IMM_1,1,4,2,18-29,Female
1236,IMM_4,2,4,2,18-29,Female
1236,IMM_10,2,4,2,18-29,Female
1238,IMM_3,4,4,1,18-29,Female
1238,IMM_4,0,4,1,18-29,Female
1238,IMM_1,0,4,1,18-29,Female
1238,IMM_9,2,4,1,18-29,Female
1238,IMM_10,3,4,1,18-29,Female
1238,IMM_5,0,4,1,18-29,Female
1238,IMM_8,4,4,1,18-29,Female
1238,IMM_6,4,4,1,18-29,Female
1238,IMM_7,0,4,1,18-29,Female
1238,IMM_2,4,4,1,18-29,Female
1243,IMM_10,1,4,2,18-29,Female
1243,IMM_3,3,4,2,18-29,Female
1243,IMM_5,1,4,2,18-29,Female
1243,IMM_9,1,4,2,18-29,Female
1243,IMM_8,4,4,2,18-29,Female
1243,IMM_4,2,4,2,18-29,Female
1243,IMM_2,3,4,2,18-29,Female
1243,IMM_1,1,4,2,18-29,Female
1243,IMM_7,1,4,2,18-29,Female
1243,IMM_6,3,4,2,18-29,Female
1245,IMM_2,3,4,3,30-39,Female
1245,IMM_7,2,4,3,30-39,Female
1245,IMM_5,0,4,3,30-39,Female
1245,IMM_6,0,4,3,30-39,Female
1245,IMM_9,0,4,3,30-39,Female
1245,IMM_4,2,4,3,30-39,Female
1245,IMM_8,3,4,3,30-39,Female
1245,IMM_3,4,4,3,30-39,Female
1245,IMM_1,1,4,3,30-39,Female
1245,IMM_10,0,4,3,30-39,Female
1247,IMM_8,4,4,5,18-29,Female
1247,IMM_9,3,4,5,18-29,Female
1247,IMM_1,3,4,5,18-29,Female
1247,IMM_5,1,4,5,18-29,Female
1247,IMM_3,4,4,5,18-29,Female
1247,IMM_2,4,4,5,18-29,Female
1247,IMM_6,4,4,5,18-29,Female
1247,IMM_7,0,4,5,18-29,Female
1247,IMM_10,3,4,5,18-29,Female
1247,IMM_4,2,4,5,18-29,Female
1250,IMM_9,1,4,5,18-29,Male
1250,IMM_5,0,4,5,18-29,Male
1250,IMM_7,3,4,5,18-29,Male
1250,IMM_6,0,4,5,18-29,Male
1250,IMM_8,0,4,5,18-29,Male
1250,IMM_10,0,4,5,18-29,Male
1250,IMM_3,4,4,5,18-29,Male
1250,IMM_2,2,4,5,18-29,Male
1250,IMM_4,1,4,5,18-29,Male
1250,IMM_1,3,4,5,18-29,Male
1251,IMM_4,2,4,6,40-49,Female
1251,IMM_8,3,4,6,40-49,Female
1251,IMM_6,1,4,6,40-49,Female
1251,IMM_9,2,4,6,40-49,Female
1251,IMM_1,3,4,6,40-49,Female
1251,IMM_2,2,4,6,40-49,Female
1251,IMM_10,2,4,6,40-49,Female
1251,IMM_7,2,4,6,40-49,Female
1251,IMM_3,0,4,6,40-49,Female
1251,IMM_5,0,4,6,40-49,Female
1252,IMM_10,3,4,2,18-29,Female
1252,IMM_9,2,4,2,18-29,Female
1252,IMM_8,4,4,2,18-29,Female
1252,IMM_5,1,4,2,18-29,Female
1252,IMM_2,1,4,2,18-29,Female
1252,IMM_4,1,4,2,18-29,Female
1252,IMM_6,2,4,2,18-29,Female
1252,IMM_1,0,4,2,18-29,Female
1252,IMM_3,4,4,2,18-29,Female
1252,IMM_7,1,4,2,18-29,Female
1257,IMM_1,4,4,5,70-79,Female
1257,IMM_4,0,4,5,70-79,Female
1257,IMM_3,0,4,5,70-79,Female
1257,IMM_7,2,4,5,70-79,Female
1257,IMM_6,0,4,5,70-79,Female
1257,IMM_5,4,4,5,70-79,Female
1257,IMM_2,2,4,5,70-79,Female
1257,IMM_9,2,4,5,70-79,Female
1257,IMM_10,0,4,5,70-79,Female
1257,IMM_8,0,4,5,70-79,Female
1261,IMM_10,3,4,2,18-29,Male
1261,IMM_9,3,4,2,18-29,Male
1261,IMM_5,3,4,2,18-29,Male
1261,IMM_7,1,4,2,18-29,Male
1261,IMM_6,3,4,2,18-29,Male
1261,IMM_3,2,4,2,18-29,Male
1261,IMM_2,2,4,2,18-29,Male
1261,IMM_1,1,4,2,18-29,Male
1261,IMM_4,3,4,2,18-29,Male
1261,IMM_8,4,4,2,18-29,Male
1265,IMM_3,4,4,2,60-69,Female
1265,IMM_9,4,4,2,60-69,Female
1265,IMM_8,3,4,2,60-69,Female
1265,IMM_7,1,4,2,60-69,Female
1265,IMM_4,3,4,2,60-69,Female
1265,IMM_6,3,4,2,60-69,Female
1265,IMM_1,3,4,2,60-69,Female
1265,IMM_10,3,4,2,60-69,Female
1265,IMM_5,1,4,2,60-69,Female
1265,IMM_2,2,4,2,60-69,Female
1266,IMM_6,3,4,5,50-59,Male
1266,IMM_8,3,4,5,50-59,Male
1266,IMM_2,3,4,5,50-59,Male
1266,IMM_9,3,4,5,50-59,Male
1266,IMM_5,1,4,5,50-59,Male
1266,IMM_10,3,4,5,50-59,Male
1266,IMM_4,3,4,5,50-59,Male
1266,IMM_7,1,4,5,50-59,Male
1266,IMM_3,3,4,5,50-59,Male
1266,IMM_1,1,4,5,50-59,Male
1268,IMM_4,3,4,3,18-29,Female
1268,IMM_2,1,4,3,18-29,Female
1268,IMM_5,0,4,3,18-29,Female
1268,IMM_8,3,4,3,18-29,Female
1268,IMM_10,1,4,3,18-29,Female
1268,IMM_3,1,4,3,18-29,Female
1268,IMM_9,1,4,3,18-29,Female
1268,IMM_6,3,4,3,18-29,Female
1268,IMM_7,0,4,3,18-29,Female
1268,IMM_1,0,4,3,18-29,Female
1275,IMM_7,0,4,1,18-29,Male
1275,IMM_6,3,4,1,18-29,Male
1275,IMM_8,2,4,1,18-29,Male
1275,IMM_4,0,4,1,18-29,Male
1275,IMM_3,4,4,1,18-29,Male
1275,IMM_2,3,4,1,18-29,Male
1275,IMM_10,4,4,1,18-29,Male
1275,IMM_5,0,4,1,18-29,Male
1275,IMM_9,3,4,1,18-29,Male
1275,IMM_1,0,4,1,18-29,Male
1277,IMM_3,3,4,2,40-49,Female
1277,IMM_5,2,4,2,40-49,Female
1277,IMM_10,2,4,2,40-49,Female
1277,IMM_4,1,4,2,40-49,Female
1277,IMM_1,3,4,2,40-49,Female
1277,IMM_9,2,4,2,40-49,Female
1277,IMM_8,3,4,2,40-49,Female
1277,IMM_2,2,4,2,40-49,Female
1277,IMM_7,1,4,2,40-49,Female
1277,IMM_6,3,4,2,40-49,Female
1282,IMM_6,3,4,3,18-29,Female
1282,IMM_10,3,4,3,18-29,Female
1282,IMM_5,1,4,3,18-29,Female
1282,IMM_9,3,4,3,18-29,Female
1282,IMM_3,3,4,3,18-29,Female
1282,IMM_1,0,4,3,18-29,Female
1282,IMM_2,1,4,3,18-29,Female
1282,IMM_4,2,4,3,18-29,Female
1282,IMM_7,1,4,3,18-29,Female
1282,IMM_8,3,4,3,18-29,Female
1284,IMM_1,1,4,3,18-29,Female
1284,IMM_9,2,4,3,18-29,Female
1284,IMM_7,3,4,3,18-29,Female
1284,IMM_3,4,4,3,18-29,Female
1284,IMM_4,3,4,3,18-29,Female
1284,IMM_6,4,4,3,18-29,Female
1284,IMM_8,3,4,3,18-29,Female
1284,IMM_10,4,4,3,18-29,Female
1284,IMM_2,3,4,3,18-29,Female
1284,IMM_5,0,4,3,18-29,Female
1285,IMM_5,3,4,5,18-29,Female
1285,IMM_1,3,4,5,18-29,Female
1285,IMM_4,3,4,5,18-29,Female
1285,IMM_6,1,4,5,18-29,Female
1285,IMM_7,3,4,5,18-29,Female
1285,IMM_9,0,4,5,18-29,Female
1285,IMM_8,0,4,5,18-29,Female
1285,IMM_3,1,4,5,18-29,Female
1285,IMM_2,3,4,5,18-29,Female
1285,IMM_10,0,4,5,18-29,Female
1286,IMM_6,3,4,5,18-29,Female
1286,IMM_7,2,4,5,18-29,Female
1286,IMM_10,2,4,5,18-29,Female
1286,IMM_2,1,4,5,18-29,Female
1286,IMM_3,0,4,5,18-29,Female
1286,IMM_8,3,4,5,18-29,Female
1286,IMM_4,3,4,5,18-29,Female
1286,IMM_1,3,4,5,18-29,Female
1286,IMM_5,3,4,5,18-29,Female
1286,IMM_9,2,4,5,18-29,Female
1295,IMM_8,3,4,5,60-69,Female
1295,IMM_7,1,4,5,60-69,Female
1295,IMM_3,2,4,5,60-69,Female
1295,IMM_9,3,4,5,60-69,Female
1295,IMM_1,3,4,5,60-69,Female
1295,IMM_6,1,4,5,60-69,Female
1295,IMM_2,3,4,5,60-69,Female
1295,IMM_4,1,4,5,60-69,Female
1295,IMM_5,1,4,5,60-69,Female
1295,IMM_10,1,4,5,60-69,Female
1299,IMM_4,1,4,5,18-29,Male
1299,IMM_1,3,4,5,18-29,Male
1299,IMM_2,1,4,5,18-29,Male
1299,IMM_7,2,4,5,18-29,Male
1299,IMM_6,3,4,5,18-29,Male
1299,IMM_5,2,4,5,18-29,Male
1299,IMM_3,3,4,5,18-29,Male
1299,IMM_9,3,4,5,18-29,Male
1299,IMM_10,3,4,5,18-29,Male
1299,IMM_8,2,4,5,18-29,Male
1300,IMM_10,4,4,3,40-49,Male
1300,IMM_5,1,4,3,40-49,Male
1300,IMM_2,3,4,3,40-49,Male
1300,IMM_4,1,4,3,40-49,Male
1300,IMM_3,4,4,3,40-49,Male
1300,IMM_7,1,4,3,40-49,Male
1300,IMM_9,3,4,3,40-49,Male
1300,IMM_6,2,4,3,40-49,Male
1300,IMM_1,1,4,3,40-49,Male
1300,IMM_8,3,4,3,40-49,Male
1312,IMM_1,1,4,3,30-39,Female
1312,IMM_8,2,4,3,30-39,Female
1312,IMM_10,1,4,3,30-39,Female
1312,IMM_4,2,4,3,30-39,Female
1312,IMM_2,3,4,3,30-39,Female
1312,IMM_9,2,4,3,30-39,Female
1312,IMM_6,3,4,3,30-39,Female
1312,IMM_3,3,4,3,30-39,Female
1312,IMM_7,2,4,3,30-39,Female
1312,IMM_5,3,4,3,30-39,Female
1313,IMM_7,1,4,3,18-29,Female
1313,IMM_10,3,4,3,18-29,Female
1313,IMM_3,4,4,3,18-29,Female
1313,IMM_2,1,4,3,18-29,Female
1313,IMM_9,2,4,3,18-29,Female
1313,IMM_6,3,4,3,18-29,Female
1313,IMM_4,1,4,3,18-29,Female
1313,IMM_1,0,4,3,18-29,Female
1313,IMM_8,1,4,3,18-29,Female
1313,IMM_5,2,4,3,18-29,Female
1316,IMM_5,1,4,3,70-79,Male
1316,IMM_9,3,4,3,70-79,Male
1316,IMM_7,1,4,3,70-79,Male
1316,IMM_8,3,4,3,70-79,Male
1316,IMM_4,3,4,3,70-79,Male
1316,IMM_10,3,4,3,70-79,Male
1316,IMM_6,2,4,3,70-79,Male
1316,IMM_2,2,4,3,70-79,Male
1316,IMM_3,4,4,3,70-79,Male
1316,IMM_1,1,4,3,70-79,Male
1320,IMM_6,2,4,4,18-29,Female
1320,IMM_7,0,4,4,18-29,Female
1320,IMM_5,2,4,4,18-29,Female
1320,IMM_2,2,4,4,18-29,Female
1320,IMM_1,2,4,4,18-29,Female
1320,IMM_4,2,4,4,18-29,Female
1320,IMM_8,2,4,4,18-29,Female
1320,IMM_10,2,4,4,18-29,Female
1320,IMM_3,4,4,4,18-29,Female
1320,IMM_9,2,4,4,18-29,Female
1322,IMM_3,0,4,3,40-49,Female
1322,IMM_10,0,4,3,40-49,Female
1322,IMM_2,4,4,3,40-49,Female
1322,IMM_4,0,4,3,40-49,Female
1322,IMM_5,2,4,3,40-49,Female
1322,IMM_9,2,4,3,40-49,Female
1322,IMM_6,4,4,3,40-49,Female
1322,IMM_1,4,4,3,40-49,Female
1322,IMM_7,2,4,3,40-49,Female
1322,IMM_8,4,4,3,40-49,Female
1326,IMM_1,0,4,5,30-39,Male
1326,IMM_4,3,4,5,30-39,Male
1326,IMM_5,2,4,5,30-39,Male
1326,IMM_7,1,4,5,30-39,Male
1326,IMM_2,3,4,5,30-39,Male
1326,IMM_9,2,4,5,30-39,Male
1326,IMM_10,2,4,5,30-39,Male
1326,IMM_6,3,4,5,30-39,Male
1326,IMM_8,4,4,5,30-39,Male
1326,IMM_3,0,4,5,30-39,Male
1327,IMM_3,4,4,1,40-49,Male
1327,IMM_8,4,4,1,40-49,Male
1327,IMM_1,2,4,1,40-49,Male
1327,IMM_10,3,4,1,40-49,Male
1327,IMM_4,1,4,1,40-49,Male
1327,IMM_2,4,4,1,40-49,Male
1327,IMM_6,4,4,1,40-49,Male
1327,IMM_9,3,4,1,40-49,Male
1327,IMM_7,0,4,1,40-49,Male
1327,IMM_5,0,4,1,40-49,Male
1333,IMM_8,0,4,7,70-79,Male
1333,IMM_10,0,4,7,70-79,Male
1333,IMM_5,2,4,7,70-79,Male
1333,IMM_7,2,4,7,70-79,Male
1333,IMM_6,0,4,7,70-79,Male
1333,IMM_9,2,4,7,70-79,Male
1333,IMM_4,0,4,7,70-79,Male
1333,IMM_2,1,4,7,70-79,Male
1333,IMM_1,4,4,7,70-79,Male
1333,IMM_3,0,4,7,70-79,Male
1334,IMM_5,2,4,3,50-59,Male
1334,IMM_4,2,4,3,50-59,Male
1334,IMM_7,0,4,3,50-59,Male
1334,IMM_3,4,4,3,50-59,Male
1334,IMM_8,3,4,3,50-59,Male
1334,IMM_6,4,4,3,50-59,Male
1334,IMM_10,0,4,3,50-59,Male
1334,IMM_9,4,4,3,50-59,Male
1334,IMM_1,4,4,3,50-59,Male
1334,IMM_2,4,4,3,50-59,Male
1339,IMM_8,4,4,3,50-59,Male
1339,IMM_2,4,4,3,50-59,Male
1339,IMM_5,0,4,3,50-59,Male
1339,IMM_7,0,4,3,50-59,Male
1339,IMM_3,4,4,3,50-59,Male
1339,IMM_6,4,4,3,50-59,Male
1339,IMM_4,0,4,3,50-59,Male
1339,IMM_9,4,4,3,50-59,Male
1339,IMM_1,0,4,3,50-59,Male
1339,IMM_10,4,4,3,50-59,Male
1348,IMM_3,3,4,6,30-39,Male
1348,IMM_2,4,4,6,30-39,Male
1348,IMM_9,1,4,6,30-39,Male
1348,IMM_10,0,4,6,30-39,Male
1348,IMM_6,1,4,6,30-39,Male
1348,IMM_7,3,4,6,30-39,Male
1348,IMM_5,3,4,6,30-39,Male
1348,IMM_8,1,4,6,30-39,Male
1348,IMM_4,4,4,6,30-39,Male
1348,IMM_1,3,4,6,30-39,Male
1350,IMM_5,1,4,5,18-29,Male
1350,IMM_2,4,4,5,18-29,Male
1350,IMM_1,1,4,5,18-29,Male
1350,IMM_4,1,4,5,18-29,Male
1350,IMM_10,1,4,5,18-29,Male
1350,IMM_3,4,4,5,18-29,Male
1350,IMM_7,2,4,5,18-29,Male
1350,IMM_8,4,4,5,18-29,Male
1350,IMM_9,1,4,5,18-29,Male
1350,IMM_6,3,4,5,18-29,Male
1351,IMM_9,4,4,3,18-29,Male
1351,IMM_8,4,4,3,18-29,Male
1351,IMM_2,4,4,3,18-29,Male
1351,IMM_7,0,4,3,18-29,Male
1351,IMM_4,0,4,3,18-29,Male
1351,IMM_10,3,4,3,18-29,Male
1351,IMM_1,0,4,3,18-29,Male
1351,IMM_3,4,4,3,18-29,Male
1351,IMM_6,4,4,3,18-29,Male
1351,IMM_5,0,4,3,18-29,Male
1357,IMM_7,1,4,2,70-79,Male
1357,IMM_3,4,4,2,70-79,Male
1357,IMM_4,2,4,2,70-79,Male
1357,IMM_8,2,4,2,70-79,Male
1357,IMM_2,2,4,2,70-79,Male
1357,IMM_9,3,4,2,70-79,Male
1357,IMM_1,0,4,2,70-79,Male
1357,IMM_5,1,4,2,70-79,Male
1357,IMM_10,3,4,2,70-79,Male
1357,IMM_6,3,4,2,70-79,Male
1359,IMM_10,1,4,1,70-79,Male
1359,IMM_5,0,4,1,70-79,Male
1359,IMM_9,2,4,1,70-79,Male
1359,IMM_8,3,4,1,70-79,Male
1359,IMM_3,0,4,1,70-79,Male
1359,IMM_7,1,4,1,70-79,Male
1359,IMM_6,1,4,1,70-79,Male
1359,IMM_4,1,4,1,70-79,Male
1359,IMM_2,2,4,1,70-79,Male
1359,IMM_1,1,4,1,70-79,Male
1361,IMM_10,4,4,3,30-39,Male
1361,IMM_3,4,4,3,30-39,Male
1361,IMM_9,4,4,3,30-39,Male
1361,IMM_7,1,4,3,30-39,Male
1361,IMM_2,1,4,3,30-39,Male
1361,IMM_8,4,4,3,30-39,Male
1361,IMM_4,3,4,3,30-39,Male
1361,IMM_6,4,4,3,30-39,Male
1361,IMM_5,1,4,3,30-39,Male
1361,IMM_1,1,4,3,30-39,Male
1362,IMM_2,3,4,2,60-69,Male
1362,IMM_10,3,4,2,60-69,Male
1362,IMM_3,4,4,2,60-69,Male
1362,IMM_5,0,4,2,60-69,Male
1362,IMM_6,3,4,2,60-69,Male
1362,IMM_7,0,4,2,60-69,Male
1362,IMM_9,3,4,2,60-69,Male
1362,IMM_4,1,4,2,60-69,Male
1362,IMM_1,0,4,2,60-69,Male
1362,IMM_8,3,4,2,60-69,Male
1368,IMM_2,4,4,5,40-49,Male
1368,IMM_1,0,4,5,40-49,Male
1368,IMM_8,4,4,5,40-49,Male
1368,IMM_3,4,4,5,40-49,Male
1368,IMM_7,1,4,5,40-49,Male
1368,IMM_10,4,4,5,40-49,Male
1368,IMM_5,2,4,5,40-49,Male
1368,IMM_9,2,4,5,40-49,Male
1368,IMM_6,3,4,5,40-49,Male
1368,IMM_4,1,4,5,40-49,Male
1371,IMM_7,1,4,3,30-39,Male
1371,IMM_5,0,4,3,30-39,Male
1371,IMM_9,3,4,3,30-39,Male
1371,IMM_4,2,4,3,30-39,Male
1371,IMM_2,2,4,3,30-39,Male
1371,IMM_8,3,4,3,30-39,Male
1371,IMM_3,4,4,3,30-39,Male
1371,IMM_1,0,4,3,30-39,Male
1371,IMM_10,3,4,3,30-39,Male
1371,IMM_6,4,4,3,30-39,Male
1374,IMM_6,2,4,6,60-69,Male
1374,IMM_10,3,4,6,60-69,Male
1374,IMM_5,1,4,6,60-69,Male
1374,IMM_3,0,4,6,60-69,Male
1374,IMM_8,4,4,6,60-69,Male
1374,IMM_7,2,4,6,60-69,Male
1374,IMM_2,4,4,6,60-69,Male
1374,IMM_4,1,4,6,60-69,Male
1374,IMM_9,3,4,6,60-69,Male
1374,IMM_1,3,4,6,60-69,Male
1375,IMM_5,3,4,3,60-69,Male
1375,IMM_4,2,4,3,60-69,Male
1375,IMM_1,3,4,3,60-69,Male
1375,IMM_3,4,4,3,60-69,Male
1375,IMM_8,3,4,3,60-69,Male
1375,IMM_10,2,4,3,60-69,Male
1375,IMM_7,0,4,3,60-69,Male
1375,IMM_2,2,4,3,60-69,Male
1375,IMM_9,3,4,3,60-69,Male
1375,IMM_6,3,4,3,60-69,Male
1377,IMM_10,2,4,3,40-49,Male
1377,IMM_9,4,4,3,40-49,Male
1377,IMM_7,0,4,3,40-49,Male
1377,IMM_4,1,4,3,40-49,Male
1377,IMM_3,4,4,3,40-49,Male
1377,IMM_2,3,4,3,40-49,Male
1377,IMM_6,4,4,3,40-49,Male
1377,IMM_1,0,4,3,40-49,Male
1377,IMM_5,0,4,3,40-49,Male
1377,IMM_8,3,4,3,40-49,Male
1381,IMM_4,2,4,1,70-79,Male
1381,IMM_2,3,4,1,70-79,Male
1381,IMM_7,0,4,1,70-79,Male
1381,IMM_5,0,4,1,70-79,Male
1381,IMM_8,4,4,1,70-79,Male
1381,IMM_9,1,4,1,70-79,Male
1381,IMM_1,2,4,1,70-79,Male
1381,IMM_6,3,4,1,70-79,Male
1381,IMM_3,4,4,1,70-79,Male
1381,IMM_10,3,4,1,70-79,Male
1382,IMM_3,3,4,3,18-29,Male
1382,IMM_1,1,4,3,18-29,Male
1382,IMM_8,4,4,3,18-29,Male
1382,IMM_6,2,4,3,18-29,Male
1382,IMM_10,2,4,3,18-29,Male
1382,IMM_4,1,4,3,18-29,Male
1382,IMM_2,4,4,3,18-29,Male
1382,IMM_5,2,4,3,18-29,Male
1382,IMM_7,2,4,3,18-29,Male
1382,IMM_9,2,4,3,18-29,Male
1384,IMM_10,3,4,3,60-69,Male
1384,IMM_8,1,4,3,60-69,Male
1384,IMM_3,2,4,3,60-69,Male
1384,IMM_2,2,4,3,60-69,Male
1384,IMM_7,0,4,3,60-69,Male
1384,IMM_9,3,4,3,60-69,Male
1384,IMM_5,0,4,3,60-69,Male
1384,IMM_4,2,4,3,60-69,Male
1384,IMM_6,2,4,3,60-69,Male
1384,IMM_1,2,4,3,60-69,Male
1385,IMM_1,2,4,3,30-39,Male
1385,IMM_3,0,4,3,30-39,Male
1385,IMM_4,2,4,3,30-39,Male
1385,IMM_8,4,4,3,30-39,Male
1385,IMM_9,2,4,3,30-39,Male
1385,IMM_5,4,4,3,30-39,Male
1385,IMM_2,4,4,3,30-39,Male
1385,IMM_7,2,4,3,30-39,Male
1385,IMM_10,2,4,3,30-39,Male
1385,IMM_6,2,4,3,30-39,Male
1387,IMM_2,2,4,3,40-49,Male
1387,IMM_5,1,4,3,40-49,Male
1387,IMM_8,0,4,3,40-49,Male
1387,IMM_4,1,4,3,40-49,Male
1387,IMM_10,4,4,3,40-49,Male
1387,IMM_3,3,4,3,40-49,Male
1387,IMM_1,4,4,3,40-49,Male
1387,IMM_6,4,4,3,40-49,Male
1387,IMM_9,4,4,3,40-49,Male
1387,IMM_7,1,4,3,40-49,Male
1390,IMM_3,4,4,1,70-79,Male
1390,IMM_8,3,4,1,70-79,Male
1390,IMM_10,3,4,1,70-79,Male
1390,IMM_9,3,4,1,70-79,Male
1390,IMM_4,2,4,1,70-79,Male
1390,IMM_6,3,4,1,70-79,Male
1390,IMM_2,1,4,1,70-79,Male
1390,IMM_1,0,4,1,70-79,Male
1390,IMM_7,0,4,1,70-79,Male
1390,IMM_5,0,4,1,70-79,Male
1397,IMM_9,2,4,3,80+,Male
1397,IMM_8,3,4,3,80+,Male
1397,IMM_1,0,4,3,80+,Male
1397,IMM_6,3,4,3,80+,Male
1397,IMM_3,3,4,3,80+,Male
1397,IMM_10,3,4,3,80+,Male
1397,IMM_7,1,4,3,80+,Male
1397,IMM_5,1,4,3,80+,Male
1397,IMM_4,3,4,3,80+,Male
1397,IMM_2,2,4,3,80+,Male
1403,IMM_3,4,4,2,70-79,Male
1403,IMM_5,0,4,2,70-79,Male
1403,IMM_6,3,4,2,70-79,Male
1403,IMM_2,2,4,2,70-79,Male
1403,IMM_1,1,4,2,70-79,Male
1403,IMM_7,2,4,2,70-79,Male
1403,IMM_9,3,4,2,70-79,Male
1403,IMM_4,1,4,2,70-79,Male
1403,IMM_10,3,4,2,70-79,Male
1403,IMM_8,3,4,2,70-79,Male
1406,IMM_8,3,4,1,50-59,Male
1406,IMM_6,4,4,1,50-59,Male
1406,IMM_9,3,4,1,50-59,Male
1406,IMM_10,4,4,1,50-59,Male
1406,IMM_2,1,4,1,50-59,Male
1406,IMM_5,0,4,1,50-59,Male
1406,IMM_4,3,4,1,50-59,Male
1406,IMM_1,1,4,1,50-59,Male
1406,IMM_7,0,4,1,50-59,Male
1406,IMM_3,3,4,1,50-59,Male
1408,IMM_10,4,4,3,30-39,Male
1408,IMM_9,4,4,3,30-39,Male
1408,IMM_1,1,4,3,30-39,Male
1408,IMM_5,1,4,3,30-39,Male
1408,IMM_2,3,4,3,30-39,Male
1408,IMM_4,2,4,3,30-39,Male
1408,IMM_8,3,4,3,30-39,Male
1408,IMM_3,3,4,3,30-39,Male
1408,IMM_7,1,4,3,30-39,Male
1408,IMM_6,3,4,3,30-39,Male
1416,IMM_3,3,4,5,18-29,Male
1416,IMM_4,1,4,5,18-29,Male
1416,IMM_2,1,4,5,18-29,Male
1416,IMM_7,2,4,5,18-29,Male
1416,IMM_9,2,4,5,18-29,Male
1416,IMM_5,2,4,5,18-29,Male
1416,IMM_6,1,4,5,18-29,Male
1416,IMM_10,2,4,5,18-29,Male
1416,IMM_1,2,4,5,18-29,Male
1416,IMM_8,1,4,5,18-29,Male
1418,IMM_1,4,4,7,50-59,Male
1418,IMM_4,0,4,7,50-59,Male
1418,IMM_2,0,4,7,50-59,Male
1418,IMM_10,0,4,7,50-59,Male
1418,IMM_5,3,4,7,50-59,Male
1418,IMM_6,1,4,7,50-59,Male
1418,IMM_8,0,4,7,50-59,Male
1418,IMM_3,0,4,7,50-59,Male
1418,IMM_7,4,4,7,50-59,Male
1418,IMM_9,1,4,7,50-59,Male
1419,IMM_1,1,4,5,40-49,Male
1419,IMM_7,1,4,5,40-49,Male
1419,IMM_2,4,4,5,40-49,Male
1419,IMM_9,0,4,5,40-49,Male
1419,IMM_6,2,4,5,40-49,Male
1419,IMM_3,4,4,5,40-49,Male
1419,IMM_4,1,4,5,40-49,Male
1419,IMM_5,1,4,5,40-49,Male
1419,IMM_8,3,4,5,40-49,Male
1419,IMM_10,2,4,5,40-49,Male
1423,IMM_9,3,4,5,40-49,Male
1423,IMM_6,3,4,5,40-49,Male
1423,IMM_1,4,4,5,40-49,Male
1423,IMM_4,0,4,5,40-49,Male
1423,IMM_3,4,4,5,40-49,Male
1423,IMM_7,4,4,5,40-49,Male
1423,IMM_5,4,4,5,40-49,Male
1423,IMM_8,0,4,5,40-49,Male
1423,IMM_10,4,4,5,40-49,Male
1423,IMM_2,3,4,5,40-49,Male
1425,IMM_2,2,4,3,50-59,Female
1425,IMM_7,1,4,3,50-59,Female
1425,IMM_8,4,4,3,50-59,Female
1425,IMM_10,1,4,3,50-59,Female
1425,IMM_4,2,4,3,50-59,Female
1425,IMM_9,1,4,3,50-59,Female
1425,IMM_5,1,4,3,50-59,Female
1425,IMM_3,3,4,3,50-59,Female
1425,IMM_1,2,4,3,50-59,Female
1425,IMM_6,2,4,3,50-59,Female
1427,IMM_8,1,4,3,18-29,Female
1427,IMM_3,3,4,3,18-29,Female
1427,IMM_4,2,4,3,18-29,Female
1427,IMM_2,3,4,3,18-29,Female
1427,IMM_5,2,4,3,18-29,Female
1427,IMM_7,2,4,3,18-29,Female
1427,IMM_1,2,4,3,18-29,Female
1427,IMM_10,3,4,3,18-29,Female
1427,IMM_9,3,4,3,18-29,Female
1427,IMM_6,3,4,3,18-29,Female
1430,IMM_1,1,4,3,50-59,Male
1430,IMM_9,2,4,3,50-59,Male
1430,IMM_8,2,4,3,50-59,Male
1430,IMM_7,1,4,3,50-59,Male
1430,IMM_3,4,4,3,50-59,Male
1430,IMM_6,3,4,3,50-59,Male
1430,IMM_4,1,4,3,50-59,Male
1430,IMM_2,3,4,3,50-59,Male
1430,IMM_5,1,4,3,50-59,Male
1430,IMM_10,3,4,3,50-59,Male
1431,IMM_3,0,4,6,30-39,Male
1431,IMM_4,1,4,6,30-39,Male
1431,IMM_10,1,4,6,30-39,Male
1431,IMM_9,1,4,6,30-39,Male
1431,IMM_5,2,4,6,30-39,Male
1431,IMM_8,3,4,6,30-39,Male
1431,IMM_2,1,4,6,30-39,Male
1431,IMM_1,3,4,6,30-39,Male
1431,IMM_7,3,4,6,30-39,Male
1431,IMM_6,1,4,6,30-39,Male
1433,IMM_6,0,4,3,70-79,Male
1433,IMM_5,2,4,3,70-79,Male
1433,IMM_7,0,4,3,70-79,Male
1433,IMM_2,2,4,3,70-79,Male
1433,IMM_1,1,4,3,70-79,Male
1433,IMM_8,3,4,3,70-79,Male
1433,IMM_3,0,4,3,70-79,Male
1433,IMM_9,2,4,3,70-79,Male
1433,IMM_10,3,4,3,70-79,Male
1433,IMM_4,2,4,3,70-79,Male
1448,IMM_6,3,4,5,40-49,Female
1448,IMM_8,0,4,5,40-49,Female
1448,IMM_7,0,4,5,40-49,Female
1448,IMM_4,0,4,5,40-49,Female
1448,IMM_2,3,4,5,40-49,Female
1448,IMM_9,0,4,5,40-49,Female
1448,IMM_3,0,4,5,40-49,Female
1448,IMM_1,0,4,5,40-49,Female
1448,IMM_10,1,4,5,40-49,Female
1448,IMM_5,0,4,5,40-49,Female
1449,IMM_8,3,4,1,60-69,Male
1449,IMM_9,2,4,1,60-69,Male
1449,IMM_4,3,4,1,60-69,Male
1449,IMM_7,1,4,1,60-69,Male
1449,IMM_10,4,4,1,60-69,Male
1449,IMM_3,4,4,1,60-69,Male
1449,IMM_6,3,4,1,60-69,Male
1449,IMM_5,0,4,1,60-69,Male
1449,IMM_1,1,4,1,60-69,Male
1449,IMM_2,2,4,1,60-69,Male
1454,IMM_4,0,4,3,70-79,Male
1454,IMM_1,4,4,3,70-79,Male
1454,IMM_2,3,4,3,70-79,Male
1454,IMM_9,0,4,3,70-79,Male
1454,IMM_6,0,4,3,70-79,Male
1454,IMM_5,3,4,3,70-79,Male
1454,IMM_10,4,4,3,70-79,Male
1454,IMM_3,0,4,3,70-79,Male
1454,IMM_8,1,4,3,70-79,Male
1454,IMM_7,2,4,3,70-79,Male
1457,IMM_2,4,4,7,18-29,Male
1457,IMM_10,0,4,7,18-29,Male
1457,IMM_3,0,4,7,18-29,Male
1457,IMM_4,3,4,7,18-29,Male
1457,IMM_7,4,4,7,18-29,Male
1457,IMM_1,4,4,7,18-29,Male
1457,IMM_8,3,4,7,18-29,Male
1457,IMM_6,0,4,7,18-29,Male
1457,IMM_5,0,4,7,18-29,Male
1457,IMM_9,0,4,7,18-29,Male
1462,IMM_6,4,4,2,18-29,Female
1462,IMM_5,1,4,2,18-29,Female
1462,IMM_3,4,4,2,18-29,Female
1462,IMM_2,3,4,2,18-29,Female
1462,IMM_1,3,4,2,18-29,Female
1462,IMM_8,4,4,2,18-29,Female
1462,IMM_4,3,4,2,18-29,Female
1462,IMM_10,3,4,2,18-29,Female
1462,IMM_7,1,4,2,18-29,Female
1462,IMM_9,4,4,2,18-29,Female
1463,IMM_4,1,4,2,30-39,Female
1463,IMM_2,3,4,2,30-39,Female
1463,IMM_10,3,4,2,30-39,Female
1463,IMM_9,3,4,2,30-39,Female
1463,IMM_7,0,4,2,30-39,Female
1463,IMM_8,3,4,2,30-39,Female
1463,IMM_1,0,4,2,30-39,Female
1463,IMM_6,4,4,2,30-39,Female
1463,IMM_5,1,4,2,30-39,Female
1463,IMM_3,4,4,2,30-39,Female
1468,IMM_1,1,4,3,70-79,Male
1468,IMM_7,2,4,3,70-79,Male
1468,IMM_2,2,4,3,70-79,Male
1468,IMM_8,2,4,3,70-79,Male
1468,IMM_10,3,4,3,70-79,Male
1468,IMM_6,3,4,3,70-79,Male
1468,IMM_4,1,4,3,70-79,Male
1468,IMM_5,0,4,3,70-79,Male
1468,IMM_9,2,4,3,70-79,Male
1468,IMM_3,3,4,3,70-79,Male
1470,IMM_2,1,4,2,60-69,Female
1470,IMM_5,3,4,2,60-69,Female
1470,IMM_1,1,4,2,60-69,Female
1470,IMM_7,2,4,2,60-69,Female
1470,IMM_4,1,4,2,60-69,Female
1470,IMM_6,1,4,2,60-69,Female
1470,IMM_3,0,4,2,60-69,Female
1470,IMM_8,3,4,2,60-69,Female
1470,IMM_10,1,4,2,60-69,Female
1470,IMM_9,2,4,2,60-69,Female
1471,IMM_5,3,4,6,40-49,Male
1471,IMM_10,3,4,6,40-49,Male
1471,IMM_1,3,4,6,40-49,Male
1471,IMM_2,4,4,6,40-49,Male
1471,IMM_6,4,4,6,40-49,Male
1471,IMM_7,4,4,6,40-49,Male
1471,IMM_3,0,4,6,40-49,Male
1471,IMM_4,3,4,6,40-49,Male
1471,IMM_9,2,4,6,40-49,Male
1471,IMM_8,4,4,6,40-49,Male
1474,IMM_7,0,4,4,50-59,Female
1474,IMM_1,1,4,4,50-59,Female
1474,IMM_6,3,4,4,50-59,Female
1474,IMM_10,2,4,4,50-59,Female
1474,IMM_5,0,4,4,50-59,Female
1474,IMM_4,2,4,4,50-59,Female
1474,IMM_8,2,4,4,50-59,Female
1474,IMM_3,4,4,4,50-59,Female
1474,IMM_9,3,4,4,50-59,Female
1474,IMM_2,2,4,4,50-59,Female
1477,IMM_5,0,4,5,18-29,Female
1477,IMM_4,1,4,5,18-29,Female
1477,IMM_2,3,4,5,18-29,Female
1477,IMM_1,2,4,5,18-29,Female
1477,IMM_3,3,4,5,18-29,Female
1477,IMM_10,2,4,5,18-29,Female
1477,IMM_8,2,4,5,18-29,Female
1477,IMM_7,2,4,5,18-29,Female
1477,IMM_9,1,4,5,18-29,Female
1477,IMM_6,2,4,5,18-29,Female
1479,IMM_4,2,4,7,80+,Male
1479,IMM_3,4,4,7,80+,Male
1479,IMM_10,4,4,7,80+,Male
1479,IMM_8,1,4,7,80+,Male
1479,IMM_6,2,4,7,80+,Male
1479,IMM_5,1,4,7,80+,Male
1479,IMM_9,1,4,7,80+,Male
1479,IMM_7,1,4,7,80+,Male
1479,IMM_1,0,4,7,80+,Male
1479,IMM_2,2,4,7,80+,Male
1488,IMM_4,0,4,5,18-29,Female
1488,IMM_8,3,4,5,18-29,Female
1488,IMM_1,1,4,5,18-29,Female
1488,IMM_3,4,4,5,18-29,Female
1488,IMM_7,0,4,5,18-29,Female
1488,IMM_10,3,4,5,18-29,Female
1488,IMM_5,2,4,5,18-29,Female
1488,IMM_9,2,4,5,18-29,Female
1488,IMM_6,2,4,5,18-29,Female
1488,IMM_2,4,4,5,18-29,Female
1490,IMM_8,3,4,2,18-29,Female
1490,IMM_2,3,4,2,18-29,Female
1490,IMM_7,1,4,2,18-29,Female
1490,IMM_6,3,4,2,18-29,Female
1490,IMM_9,3,4,2,18-29,Female
1490,IMM_3,3,4,2,18-29,Female
1490,IMM_4,1,4,2,18-29,Female
1490,IMM_1,0,4,2,18-29,Female
1490,IMM_10,3,4,2,18-29,Female
1490,IMM_5,0,4,2,18-29,Female
1491,IMM_5,2,4,5,30-39,Male
1491,IMM_2,2,4,5,30-39,Male
1491,IMM_10,2,4,5,30-39,Male
1491,IMM_1,2,4,5,30-39,Male
1491,IMM_7,1,4,5,30-39,Male
1491,IMM_3,1,4,5,30-39,Male
1491,IMM_4,2,4,5,30-39,Male
1491,IMM_6,3,4,5,30-39,Male
1491,IMM_9,2,4,5,30-39,Male
1491,IMM_8,3,4,5,30-39,Male
1492,IMM_1,3,4,3,70-79,Male
1492,IMM_3,4,4,3,70-79,Male
1492,IMM_2,3,4,3,70-79,Male
1492,IMM_10,4,4,3,70-79,Male
1492,IMM_8,4,4,3,70-79,Male
1492,IMM_9,3,4,3,70-79,Male
1492,IMM_7,0,4,3,70-79,Male
1492,IMM_5,0,4,3,70-79,Male
1492,IMM_6,3,4,3,70-79,Male
1492,IMM_4,1,4,3,70-79,Male
1495,IMM_3,1,4,2,40-49,Male
1495,IMM_9,2,4,2,40-49,Male
1495,IMM_1,4,4,2,40-49,Male
1495,IMM_10,1,4,2,40-49,Male
1495,IMM_2,1,4,2,40-49,Male
1495,IMM_5,3,4,2,40-49,Male
1495,IMM_6,1,4,2,40-49,Male
1495,IMM_7,3,4,2,40-49,Male
1495,IMM_4,1,4,2,40-49,Male
1495,IMM_8,0,4,2,40-49,Male
1500,IMM_2,3,4,2,70-79,Male
1500,IMM_4,1,4,2,70-79,Male
1500,IMM_10,3,4,2,70-79,Male
1500,IMM_9,2,4,2,70-79,Male
1500,IMM_7,1,4,2,70-79,Male
1500,IMM_8,3,4,2,70-79,Male
1500,IMM_3,4,4,2,70-79,Male
1500,IMM_1,1,4,2,70-79,Male
1500,IMM_6,3,4,2,70-79,Male
1500,IMM_5,4,4,2,70-79,Male
1501,IMM_10,0,4,6,50-59,Male
1501,IMM_3,0,4,6,50-59,Male
1501,IMM_6,0,4,6,50-59,Male
1501,IMM_9,0,4,6,50-59,Male
1501,IMM_7,2,4,6,50-59,Male
1501,IMM_4,1,4,6,50-59,Male
1501,IMM_1,4,4,6,50-59,Male
1501,IMM_2,1,4,6,50-59,Male
1501,IMM_8,1,4,6,50-59,Male
1501,IMM_5,3,4,6,50-59,Male
1502,IMM_4,1,4,7,70-79,Male
1502,IMM_7,3,4,7,70-79,Male
1502,IMM_6,0,4,7,70-79,Male
1502,IMM_8,0,4,7,70-79,Male
1502,IMM_2,3,4,7,70-79,Male
1502,IMM_10,0,4,7,70-79,Male
1502,IMM_5,2,4,7,70-79,Male
1502,IMM_3,0,4,7,70-79,Male
1502,IMM_9,0,4,7,70-79,Male
1502,IMM_1,4,4,7,70-79,Male
1510,IMM_10,3,4,2,60-69,Male
1510,IMM_9,3,4,2,60-69,Male
1510,IMM_7,3,4,2,60-69,Male
1510,IMM_3,0,4,2,60-69,Male
1510,IMM_4,2,4,2,60-69,Male
1510,IMM_8,3,4,2,60-69,Male
1510,IMM_2,4,4,2,60-69,Male
1510,IMM_1,3,4,2,60-69,Male
1510,IMM_5,0,4,2,60-69,Male
1510,IMM_6,0,4,2,60-69,Male
1512,IMM_2,1,4,1,60-69,Male
1512,IMM_4,0,4,1,60-69,Male
1512,IMM_1,4,4,1,60-69,Male
1512,IMM_6,0,4,1,60-69,Male
1512,IMM_10,0,4,1,60-69,Male
1512,IMM_5,4,4,1,60-69,Male
1512,IMM_9,3,4,1,60-69,Male
1512,IMM_7,4,4,1,60-69,Male
1512,IMM_3,0,4,1,60-69,Male
1512,IMM_8,1,4,1,60-69,Male
1515,IMM_1,1,4,3,70-79,Male
1515,IMM_8,3,4,3,70-79,Male
1515,IMM_6,1,4,3,70-79,Male
1515,IMM_4,1,4,3,70-79,Male
1515,IMM_10,2,4,3,70-79,Male
1515,IMM_3,2,4,3,70-79,Male
1515,IMM_7,2,4,3,70-79,Male
1515,IMM_2,3,4,3,70-79,Male
1515,IMM_9,2,4,3,70-79,Male
1515,IMM_5,1,4,3,70-79,Male
1516,IMM_7,2,4,3,70-79,Male
1516,IMM_10,3,4,3,70-79,Male
1516,IMM_9,3,4,3,70-79,Male
1516,IMM_5,1,4,3,70-79,Male
1516,IMM_4,2,4,3,70-79,Male
1516,IMM_2,4,4,3,70-79,Male
1516,IMM_3,3,4,3,70-79,Male
1516,IMM_6,3,4,3,70-79,Male
1516,IMM_8,3,4,3,70-79,Male
1516,IMM_1,3,4,3,70-79,Male
1517,IMM_6,3,4,6,40-49,Male
1517,IMM_5,0,4,6,40-49,Male
1517,IMM_3,1,4,6,40-49,Male
1517,IMM_8,1,4,6,40-49,Male
1517,IMM_10,3,4,6,40-49,Male
1517,IMM_2,2,4,6,40-49,Male
1517,IMM_7,3,4,6,40-49,Male
1517,IMM_1,1,4,6,40-49,Male
1517,IMM_9,2,4,6,40-49,Male
1517,IMM_4,1,4,6,40-49,Male
1519,IMM_1,1,4,5,40-49,Male
1519,IMM_6,4,4,5,40-49,Male
1519,IMM_8,4,4,5,40-49,Male
1519,IMM_5,1,4,5,40-49,Male
1519,IMM_7,2,4,5,40-49,Male
1519,IMM_2,3,4,5,40-49,Male
1519,IMM_3,3,4,5,40-49,Male
1519,IMM_9,3,4,5,40-49,Male
1519,IMM_4,1,4,5,40-49,Male
1519,IMM_10,4,4,5,40-49,Male
1521,IMM_9,3,4,3,50-59,Male
1521,IMM_2,4,4,3,50-59,Male
1521,IMM_3,4,4,3,50-59,Male
1521,IMM_6,2,4,3,50-59,Male
1521,IMM_10,2,4,3,50-59,Male
1521,IMM_5,2,4,3,50-59,Male
1521,IMM_8,3,4,3,50-59,Male
1521,IMM_7,0,4,3,50-59,Male
1521,IMM_4,3,4,3,50-59,Male
1521,IMM_1,3,4,3,50-59,Male
1524,IMM_6,4,4,2,70-79,Male
1524,IMM_8,3,4,2,70-79,Male
1524,IMM_4,1,4,2,70-79,Male
1524,IMM_10,4,4,2,70-79,Male
1524,IMM_2,4,4,2,70-79,Male
1524,IMM_9,3,4,2,70-79,Male
1524,IMM_5,0,4,2,70-79,Male
1524,IMM_3,4,4,2,70-79,Male
1524,IMM_1,1,4,2,70-79,Male
1524,IMM_7,4,4,2,70-79,Male
1530,IMM_8,3,4,5,70-79,Male
1530,IMM_6,1,4,5,70-79,Male
1530,IMM_9,2,4,5,70-79,Male
1530,IMM_10,2,4,5,70-79,Male
1530,IMM_5,4,4,5,70-79,Male
1530,IMM_4,4,4,5,70-79,Male
1530,IMM_3,0,4,5,70-79,Male
1530,IMM_7,4,4,5,70-79,Male
1530,IMM_2,2,4,5,70-79,Male
1530,IMM_1,4,4,5,70-79,Male
1531,IMM_1,4,4,1,60-69,Male
1531,IMM_10,4,4,1,60-69,Male
1531,IMM_7,0,4,1,60-69,Male
1531,IMM_6,4,4,1,60-69,Male
1531,IMM_5,4,4,1,60-69,Male
1531,IMM_3,4,4,1,60-69,Male
1531,IMM_2,2,4,1,60-69,Male
1531,IMM_9,0,4,1,60-69,Male
1531,IMM_8,4,4,1,60-69,Male
1531,IMM_4,4,4,1,60-69,Male
1535,IMM_8,4,4,1,50-59,Male
1535,IMM_6,3,4,1,50-59,Male
1535,IMM_7,0,4,1,50-59,Male
1535,IMM_9,4,4,1,50-59,Male
1535,IMM_1,0,4,1,50-59,Male
1535,IMM_10,4,4,1,50-59,Male
1535,IMM_3,2,4,1,50-59,Male
1535,IMM_2,3,4,1,50-59,Male
1535,IMM_5,3,4,1,50-59,Male
1535,IMM_4,3,4,1,50-59,Male
1536,IMM_9,3,4,5,18-29,Male
1536,IMM_3,2,4,5,18-29,Male
1536,IMM_5,3,4,5,18-29,Male
1536,IMM_6,2,4,5,18-29,Male
1536,IMM_10,1,4,5,18-29,Male
1536,IMM_8,2,4,5,18-29,Male
1536,IMM_4,3,4,5,18-29,Male
1536,IMM_2,3,4,5,18-29,Male
1536,IMM_1,3,4,5,18-29,Male
1536,IMM_7,1,4,5,18-29,Male
1537,IMM_4,0,4,5,70-79,Male
1537,IMM_6,3,4,5,70-79,Male
1537,IMM_9,2,4,5,70-79,Male
1537,IMM_2,0,4,5,70-79,Male
1537,IMM_5,1,4,5,70-79,Male
1537,IMM_7,3,4,5,70-79,Male
1537,IMM_8,0,4,5,70-79,Male
1537,IMM_10,0,4,5,70-79,Male
1537,IMM_1,4,4,5,70-79,Male
1537,IMM_3,0,4,5,70-79,Male
1540,IMM_5,0,4,6,18-29,Male
1540,IMM_6,0,4,6,18-29,Male
1540,IMM_8,0,4,6,18-29,Male
1540,IMM_4,0,4,6,18-29,Male
1540,IMM_9,4,4,6,18-29,Male
1540,IMM_10,4,4,6,18-29,Male
1540,IMM_2,4,4,6,18-29,Male
1540,IMM_3,4,4,6,18-29,Male
1540,IMM_1,0,4,6,18-29,Male
1540,IMM_7,0,4,6,18-29,Male
1542,IMM_10,2,4,3,70-79,Male
1542,IMM_6,4,4,3,70-79,Male
1542,IMM_5,3,4,3,70-79,Male
1542,IMM_3,1,4,3,70-79,Male
1542,IMM_8,3,4,3,70-79,Male
1542,IMM_4,0,4,3,70-79,Male
1542,IMM_7,2,4,3,70-79,Male
1542,IMM_2,4,4,3,70-79,Male
1542,IMM_9,4,4,3,70-79,Male
1542,IMM_1,0,4,3,70-79,Male
1545,IMM_10,3,4,5,30-39,Male
1545,IMM_9,3,4,5,30-39,Male
1545,IMM_5,1,4,5,30-39,Male
1545,IMM_2,2,4,5,30-39,Male
1545,IMM_8,2,4,5,30-39,Male
1545,IMM_4,1,4,5,30-39,Male
1545,IMM_7,2,4,5,30-39,Male
1545,IMM_3,3,4,5,30-39,Male
1545,IMM_1,1,4,5,30-39,Male
1545,IMM_6,3,4,5,30-39,Male
1551,IMM_2,2,4,5,70-79,Male
1551,IMM_6,3,4,5,70-79,Male
1551,IMM_5,3,4,5,70-79,Male
1551,IMM_1,0,4,5,70-79,Male
1551,IMM_3,4,4,5,70-79,Male
1551,IMM_10,3,4,5,70-79,Male
1551,IMM_7,2,4,5,70-79,Male
1551,IMM_4,2,4,5,70-79,Male
1551,IMM_9,2,4,5,70-79,Male
1551,IMM_8,2,4,5,70-79,Male
1552,IMM_7,0,4,7,50-59,Female
1552,IMM_5,2,4,7,50-59,Female
1552,IMM_6,1,4,7,50-59,Female
1552,IMM_10,0,4,7,50-59,Female
1552,IMM_9,2,4,7,50-59,Female
1552,IMM_3,0,4,7,50-59,Female
1552,IMM_1,3,4,7,50-59,Female
1552,IMM_8,2,4,7,50-59,Female
1552,IMM_4,1,4,7,50-59,Female
1552,IMM_2,1,4,7,50-59,Female
1554,IMM_8,4,4,2,30-39,Male
1554,IMM_1,2,4,2,30-39,Male
1554,IMM_4,3,4,2,30-39,Male
1554,IMM_9,1,4,2,30-39,Male
1554,IMM_2,3,4,2,30-39,Male
1554,IMM_3,3,4,2,30-39,Male
1554,IMM_7,1,4,2,30-39,Male
1554,IMM_5,3,4,2,30-39,Male
1554,IMM_6,3,4,2,30-39,Male
1554,IMM_10,2,4,2,30-39,Male
1558,IMM_8,1,4,1,70-79,Male
1558,IMM_3,4,4,1,70-79,Male
1558,IMM_4,2,4,1,70-79,Male
1558,IMM_6,3,4,1,70-79,Male
1558,IMM_2,4,4,1,70-79,Male
1558,IMM_10,2,4,1,70-79,Male
1558,IMM_5,1,4,1,70-79,Male
1558,IMM_7,3,4,1,70-79,Male
1558,IMM_9,3,4,1,70-79,Male
1558,IMM_1,2,4,1,70-79,Male
1560,IMM_6,2,4,5,18-29,Male
1560,IMM_10,3,4,5,18-29,Male
1560,IMM_5,2,4,5,18-29,Male
1560,IMM_8,4,4,5,18-29,Male
1560,IMM_3,0,4,5,18-29,Male
1560,IMM_4,0,4,5,18-29,Male
1560,IMM_7,2,4,5,18-29,Male
1560,IMM_9,4,4,5,18-29,Male
1560,IMM_1,1,4,5,18-29,Male
1560,IMM_2,4,4,5,18-29,Male
1569,IMM_8,4,4,2,70-79,Male
1569,IMM_2,2,4,2,70-79,Male
1569,IMM_9,4,4,2,70-79,Male
1569,IMM_6,3,4,2,70-79,Male
1569,IMM_10,4,4,2,70-79,Male
1569,IMM_4,2,4,2,70-79,Male
1569,IMM_5,0,4,2,70-79,Male
1569,IMM_1,0,4,2,70-79,Male
1569,IMM_7,1,4,2,70-79,Male
1569,IMM_3,4,4,2,70-79,Male
1570,IMM_4,1,4,5,18-29,Male
1570,IMM_3,4,4,5,18-29,Male
1570,IMM_8,4,4,5,18-29,Male
1570,IMM_9,4,4,5,18-29,Male
1570,IMM_5,1,4,5,18-29,Male
1570,IMM_7,1,4,5,18-29,Male
1570,IMM_1,0,4,5,18-29,Male
1570,IMM_10,3,4,5,18-29,Male
1570,IMM_2,1,4,5,18-29,Male
1570,IMM_6,3,4,5,18-29,Male
1573,IMM_10,2,4,2,18-29,Male
1573,IMM_6,3,4,2,18-29,Male
1573,IMM_2,3,4,2,18-29,Male
1573,IMM_9,1,4,2,18-29,Male
1573,IMM_8,3,4,2,18-29,Male
1573,IMM_3,4,4,2,18-29,Male
1573,IMM_1,1,4,2,18-29,Male
1573,IMM_5,1,4,2,18-29,Male
1573,IMM_7,3,4,2,18-29,Male
1573,IMM_4,0,4,2,18-29,Male
1580,IMM_3,3,4,3,30-39,Male
1580,IMM_4,2,4,3,30-39,Male
1580,IMM_10,1,4,3,30-39,Male
1580,IMM_2,2,4,3,30-39,Male
1580,IMM_6,4,4,3,30-39,Male
1580,IMM_5,2,4,3,30-39,Male
1580,IMM_9,1,4,3,30-39,Male
1580,IMM_8,1,4,3,30-39,Male
1580,IMM_7,1,4,3,30-39,Male
1580,IMM_1,2,4,3,30-39,Male
1582,IMM_8,4,4,3,50-59,Male
1582,IMM_3,4,4,3,50-59,Male
1582,IMM_5,2,4,3,50-59,Male
1582,IMM_1,3,4,3,50-59,Male
1582,IMM_6,2,4,3,50-59,Male
1582,IMM_10,1,4,3,50-59,Male
1582,IMM_9,2,4,3,50-59,Male
1582,IMM_4,2,4,3,50-59,Male
1582,IMM_7,2,4,3,50-59,Male
1582,IMM_2,3,4,3,50-59,Male
1586,IMM_4,2,4,3,70-79,Male
1586,IMM_9,4,4,3,70-79,Male
1586,IMM_8,3,4,3,70-79,Male
1586,IMM_6,4,4,3,70-79,Male
1586,IMM_7,1,4,3,70-79,Male
1586,IMM_5,0,4,3,70-79,Male
1586,IMM_3,4,4,3,70-79,Male
1586,IMM_1,2,4,3,70-79,Male
1586,IMM_2,4,4,3,70-79,Male
1586,IMM_10,4,4,3,70-79,Male
1588,IMM_7,3,4,6,60-69,Male
1588,IMM_4,1,4,6,60-69,Male
1588,IMM_6,0,4,6,60-69,Male
1588,IMM_9,0,4,6,60-69,Male
1588,IMM_3,0,4,6,60-69,Male
1588,IMM_10,0,4,6,60-69,Male
1588,IMM_1,4,4,6,60-69,Male
1588,IMM_2,1,4,6,60-69,Male
1588,IMM_8,0,4,6,60-69,Male
1588,IMM_5,2,4,6,60-69,Male
1597,IMM_5,1,4,3,30-39,Male
1597,IMM_6,4,4,3,30-39,Male
1597,IMM_3,4,4,3,30-39,Male
1597,IMM_2,1,4,3,30-39,Male
1597,IMM_7,1,4,3,30-39,Male
1597,IMM_4,3,4,3,30-39,Male
1597,IMM_9,4,4,3,30-39,Male
1597,IMM_10,4,4,3,30-39,Male
1597,IMM_1,0,4,3,30-39,Male
1597,IMM_8,4,4,3,30-39,Male
1604,IMM_6,1,4,2,50-59,Male
1604,IMM_8,1,4,2,50-59,Male
1604,IMM_3,3,4,2,50-59,Male
1604,IMM_10,4,4,2,50-59,Male
1604,IMM_7,3,4,2,50-59,Male
1604,IMM_5,1,4,2,50-59,Male
1604,IMM_1,3,4,2,50-59,Male
1604,IMM_9,0,4,2,50-59,Male
1604,IMM_4,1,4,2,50-59,Male
1604,IMM_2,3,4,2,50-59,Male
1606,IMM_5,1,4,3,18-29,Female
1606,IMM_4,3,4,3,18-29,Female
1606,IMM_10,3,4,3,18-29,Female
1606,IMM_2,3,4,3,18-29,Female
1606,IMM_6,2,4,3,18-29,Female
1606,IMM_1,1,4,3,18-29,Female
1606,IMM_8,2,4,3,18-29,Female
1606,IMM_3,4,4,3,18-29,Female
1606,IMM_7,1,4,3,18-29,Female
1606,IMM_9,3,4,3,18-29,Female
1609,IMM_10,3,4,6,18-29,Female
1609,IMM_9,3,4,6,18-29,Female
1609,IMM_1,4,4,6,18-29,Female
1609,IMM_3,1,4,6,18-29,Female
1609,IMM_6,4,4,6,18-29,Female
1609,IMM_7,2,4,6,18-29,Female
1609,IMM_8,3,4,6,18-29,Female
1609,IMM_2,2,4,6,18-29,Female
1609,IMM_5,0,4,6,18-29,Female
1609,IMM_4,0,4,6,18-29,Female
1611,IMM_9,2,4,3,60-69,Male
1611,IMM_5,2,4,3,60-69,Male
1611,IMM_1,1,4,3,60-69,Male
1611,IMM_4,1,4,3,60-69,Male
1611,IMM_6,3,4,3,60-69,Male
1611,IMM_10,2,4,3,60-69,Male
1611,IMM_2,3,4,3,60-69,Male
1611,IMM_3,4,4,3,60-69,Male
1611,IMM_7,0,4,3,60-69,Male
1611,IMM_8,4,4,3,60-69,Male
1612,IMM_3,1,4,5,50-59,Female
1612,IMM_5,1,4,5,50-59,Female
1612,IMM_9,2,4,5,50-59,Female
1612,IMM_2,2,4,5,50-59,Female
1612,IMM_7,0,4,5,50-59,Female
1612,IMM_6,1,4,5,50-59,Female
1612,IMM_4,2,4,5,50-59,Female
1612,IMM_1,2,4,5,50-59,Female
1612,IMM_8,3,4,5,50-59,Female
1612,IMM_10,1,4,5,50-59,Female
1613,IMM_4,0,4,5,18-29,Female
1613,IMM_5,1,4,5,18-29,Female
1613,IMM_7,1,4,5,18-29,Female
1613,IMM_3,1,4,5,18-29,Female
1613,IMM_6,0,4,5,18-29,Female
1613,IMM_9,3,4,5,18-29,Female
1613,IMM_10,1,4,5,18-29,Female
1613,IMM_1,1,4,5,18-29,Female
1613,IMM_8,3,4,5,18-29,Female
1613,IMM_2,3,4,5,18-29,Female
1614,IMM_4,1,4,1,50-59,Female
1614,IMM_2,1,4,1,50-59,Female
1614,IMM_6,4,4,1,50-59,Female
1614,IMM_9,3,4,1,50-59,Female
1614,IMM_8,3,4,1,50-59,Female
1614,IMM_7,0,4,1,50-59,Female
1614,IMM_10,3,4,1,50-59,Female
1614,IMM_3,0,4,1,50-59,Female
1614,IMM_1,1,4,1,50-59,Female
1614,IMM_5,0,4,1,50-59,Female
1623,IMM_3,4,4,2,60-69,Male
1623,IMM_2,3,4,2,60-69,Male
1623,IMM_7,3,4,2,60-69,Male
1623,IMM_1,0,4,2,60-69,Male
1623,IMM_6,4,4,2,60-69,Male
1623,IMM_9,4,4,2,60-69,Male
1623,IMM_8,3,4,2,60-69,Male
1623,IMM_5,0,4,2,60-69,Male
1623,IMM_10,4,4,2,60-69,Male
1623,IMM_4,1,4,2,60-69,Male
1631,IMM_7,0,4,3,70-79,Male
1631,IMM_9,2,4,3,70-79,Male
1631,IMM_4,1,4,3,70-79,Male
1631,IMM_8,2,4,3,70-79,Male
1631,IMM_3,4,4,3,70-79,Male
1631,IMM_6,4,4,3,70-79,Male
1631,IMM_10,4,4,3,70-79,Male
1631,IMM_2,1,4,3,70-79,Male
1631,IMM_5,0,4,3,70-79,Male
1631,IMM_1,2,4,3,70-79,Male
1632,IMM_6,4,4,2,40-49,Male
1632,IMM_2,4,4,2,40-49,Male
1632,IMM_4,3,4,2,40-49,Male
1632,IMM_10,4,4,2,40-49,Male
1632,IMM_9,4,4,2,40-49,Male
1632,IMM_1,1,4,2,40-49,Male
1632,IMM_5,3,4,2,40-49,Male
1632,IMM_7,4,4,2,40-49,Male
1632,IMM_3,3,4,2,40-49,Male
1632,IMM_8,4,4,2,40-49,Male
1636,IMM_5,4,4,1,18-29,Male
1636,IMM_8,2,4,1,18-29,Male
1636,IMM_3,3,4,1,18-29,Male
1636,IMM_1,3,4,1,18-29,Male
1636,IMM_10,3,4,1,18-29,Male
1636,IMM_6,2,4,1,18-29,Male
1636,IMM_9,2,4,1,18-29,Male
1636,IMM_7,1,4,1,18-29,Male
1636,IMM_2,3,4,1,18-29,Male
1636,IMM_4,1,4,1,18-29,Male
1638,IMM_10,2,4,2,70-79,Female
1638,IMM_8,3,4,2,70-79,Female
1638,IMM_3,3,4,2,70-79,Female
1638,IMM_9,3,4,2,70-79,Female
1638,IMM_5,1,4,2,70-79,Female
1638,IMM_4,1,4,2,70-79,Female
1638,IMM_6,3,4,2,70-79,Female
1638,IMM_1,0,4,2,70-79,Female
1638,IMM_7,2,4,2,70-79,Female
1638,IMM_2,2,4,2,70-79,Female
1645,IMM_5,1,4,5,18-29,Male
1645,IMM_1,2,4,5,18-29,Male
1645,IMM_4,1,4,5,18-29,Male
1645,IMM_7,1,4,5,18-29,Male
1645,IMM_10,3,4,5,18-29,Male
1645,IMM_8,2,4,5,18-29,Male
1645,IMM_3,4,4,5,18-29,Male
1645,IMM_2,3,4,5,18-29,Male
1645,IMM_6,4,4,5,18-29,Male
1645,IMM_9,1,4,5,18-29,Male
1647,IMM_7,1,4,3,30-39,Female
1647,IMM_4,1,4,3,30-39,Female
1647,IMM_2,3,4,3,30-39,Female
1647,IMM_6,0,4,3,30-39,Female
1647,IMM_9,1,4,3,30-39,Female
1647,IMM_8,1,4,3,30-39,Female
1647,IMM_1,3,4,3,30-39,Female
1647,IMM_3,1,4,3,30-39,Female
1647,IMM_5,2,4,3,30-39,Female
1647,IMM_10,1,4,3,30-39,Female
1651,IMM_1,0,4,2,60-69,Male
1651,IMM_7,2,4,2,60-69,Male
1651,IMM_8,3,4,2,60-69,Male
1651,IMM_3,4,4,2,60-69,Male
1651,IMM_6,3,4,2,60-69,Male
1651,IMM_5,2,4,2,60-69,Male
1651,IMM_4,1,4,2,60-69,Male
1651,IMM_10,3,4,2,60-69,Male
1651,IMM_9,4,4,2,60-69,Male
1651,IMM_2,4,4,2,60-69,Male
1653,IMM_6,1,4,6,50-59,Female
1653,IMM_5,3,4,6,50-59,Female
1653,IMM_8,1,4,6,50-59,Female
1653,IMM_3,0,4,6,50-59,Female
1653,IMM_4,1,4,6,50-59,Female
1653,IMM_9,1,4,6,50-59,Female
1653,IMM_2,1,4,6,50-59,Female
1653,IMM_10,1,4,6,50-59,Female
1653,IMM_1,4,4,6,50-59,Female
1653,IMM_7,3,4,6,50-59,Female
1662,IMM_3,0,4,5,30-39,Male
1662,IMM_1,1,4,5,30-39,Male
1662,IMM_4,2,4,5,30-39,Male
1662,IMM_10,2,4,5,30-39,Male
1662,IMM_2,3,4,5,30-39,Male
1662,IMM_7,2,4,5,30-39,Male
1662,IMM_9,2,4,5,30-39,Male
1662,IMM_5,3,4,5,30-39,Male
1662,IMM_8,4,4,5,30-39,Male
1662,IMM_6,3,4,5,30-39,Male
1667,IMM_9,2,4,5,60-69,Female
1667,IMM_10,2,4,5,60-69,Female
1667,IMM_2,2,4,5,60-69,Female
1667,IMM_4,1,4,5,60-69,Female
1667,IMM_3,0,4,5,60-69,Female
1667,IMM_8,0,4,5,60-69,Female
1667,IMM_5,4,4,5,60-69,Female
1667,IMM_6,0,4,5,60-69,Female
1667,IMM_1,4,4,5,60-69,Female
1667,IMM_7,3,4,5,60-69,Female
1675,IMM_7,3,4,3,30-39,Male
1675,IMM_5,1,4,3,30-39,Male
1675,IMM_4,2,4,3,30-39,Male
1675,IMM_6,2,4,3,30-39,Male
1675,IMM_3,0,4,3,30-39,Male
1675,IMM_2,1,4,3,30-39,Male
1675,IMM_9,3,4,3,30-39,Male
1675,IMM_8,1,4,3,30-39,Male
1675,IMM_1,4,4,3,30-39,Male
1675,IMM_10,1,4,3,30-39,Male
1684,IMM_9,3,4,1,50-59,Female
1684,IMM_4,0,4,1,50-59,Female
1684,IMM_3,4,4,1,50-59,Female
1684,IMM_2,2,4,1,50-59,Female
1684,IMM_10,4,4,1,50-59,Female
1684,IMM_7,0,4,1,50-59,Female
1684,IMM_8,1,4,1,50-59,Female
1684,IMM_6,3,4,1,50-59,Female
1684,IMM_5,0,4,1,50-59,Female
1684,IMM_1,0,4,1,50-59,Female
1692,IMM_7,0,4,3,40-49,Male
1692,IMM_5,2,4,3,40-49,Male
1692,IMM_8,3,4,3,40-49,Male
1692,IMM_1,1,4,3,40-49,Male
1692,IMM_6,2,4,3,40-49,Male
1692,IMM_9,2,4,3,40-49,Male
1692,IMM_2,2,4,3,40-49,Male
1692,IMM_4,1,4,3,40-49,Male
1692,IMM_10,2,4,3,40-49,Male
1692,IMM_3,3,4,3,40-49,Male
1697,IMM_2,2,4,2,50-59,Female
1697,IMM_9,2,4,2,50-59,Female
1697,IMM_7,1,4,2,50-59,Female
1697,IMM_4,2,4,2,50-59,Female
1697,IMM_8,3,4,2,50-59,Female
1697,IMM_10,2,4,2,50-59,Female
1697,IMM_6,2,4,2,50-59,Female
1697,IMM_3,3,4,2,50-59,Female
1697,IMM_5,2,4,2,50-59,Female
1697,IMM_1,3,4,2,50-59,Female
1699,IMM_1,1,4,6,40-49,Female
1699,IMM_9,4,4,6,40-49,Female
1699,IMM_3,0,4,6,40-49,Female
1699,IMM_4,0,4,6,40-49,Female
1699,IMM_6,3,4,6,40-49,Female
1699,IMM_2,4,4,6,40-49,Female
1699,IMM_5,1,4,6,40-49,Female
1699,IMM_8,0,4,6,40-49,Female
1699,IMM_10,3,4,6,40-49,Female
1699,IMM_7,1,4,6,40-49,Female
1707,IMM_6,3,4,1,30-39,Male
1707,IMM_9,3,4,1,30-39,Male
1707,IMM_5,3,4,1,30-39,Male
1707,IMM_4,3,4,1,30-39,Male
1707,IMM_2,4,4,1,30-39,Male
1707,IMM_8,4,4,1,30-39,Male
1707,IMM_10,4,4,1,30-39,Male
1707,IMM_1,2,4,1,30-39,Male
1707,IMM_3,1,4,1,30-39,Male
1707,IMM_7,2,4,1,30-39,Male
1709,IMM_2,3,4,2,70-79,Male
1709,IMM_6,3,4,2,70-79,Male
1709,IMM_10,3,4,2,70-79,Male
1709,IMM_4,3,4,2,70-79,Male
1709,IMM_1,0,4,2,70-79,Male
1709,IMM_3,3,4,2,70-79,Male
1709,IMM_9,3,4,2,70-79,Male
1709,IMM_5,4,4,2,70-79,Male
1709,IMM_8,1,4,2,70-79,Male
1709,IMM_7,1,4,2,70-79,Male
1714,IMM_1,1,4,5,30-39,Female
1714,IMM_7,0,4,5,30-39,Female
1714,IMM_5,1,4,5,30-39,Female
1714,IMM_3,4,4,5,30-39,Female
1714,IMM_10,3,4,5,30-39,Female
1714,IMM_9,3,4,5,30-39,Female
1714,IMM_8,3,4,5,30-39,Female
1714,IMM_2,2,4,5,30-39,Female
1714,IMM_6,3,4,5,30-39,Female
1714,IMM_4,1,4,5,30-39,Female
1720,IMM_1,0,4,5,40-49,Female
1720,IMM_7,0,4,5,40-49,Female
1720,IMM_10,2,4,5,40-49,Female
1720,IMM_6,4,4,5,40-49,Female
1720,IMM_8,3,4,5,40-49,Female
1720,IMM_5,0,4,5,40-49,Female
1720,IMM_3,3,4,5,40-49,Female
1720,IMM_4,1,4,5,40-49,Female
1720,IMM_2,0,4,5,40-49,Female
1720,IMM_9,4,4,5,40-49,Female
1731,IMM_9,2,4,4,40-49,Female
1731,IMM_7,2,4,4,40-49,Female
1731,IMM_5,2,4,4,40-49,Female
1731,IMM_8,3,4,4,40-49,Female
1731,IMM_1,0,4,4,40-49,Female
1731,IMM_4,2,4,4,40-49,Female
1731,IMM_2,2,4,4,40-49,Female
1731,IMM_6,2,4,4,40-49,Female
1731,IMM_10,2,4,4,40-49,Female
1731,IMM_3,4,4,4,40-49,Female
1734,IMM_1,1,4,2,18-29,Female
1734,IMM_9,3,4,2,18-29,Female
1734,IMM_3,4,4,2,18-29,Female
1734,IMM_8,2,4,2,18-29,Female
1734,IMM_2,2,4,2,18-29,Female
1734,IMM_6,3,4,2,18-29,Female
1734,IMM_5,0,4,2,18-29,Female
1734,IMM_7,2,4,2,18-29,Female
1734,IMM_4,2,4,2,18-29,Female
1734,IMM_10,3,4,2,18-29,Female
1737,IMM_1,1,4,2,30-39,Female
1737,IMM_5,2,4,2,30-39,Female
1737,IMM_10,2,4,2,30-39,Female
1737,IMM_7,2,4,2,30-39,Female
1737,IMM_9,2,4,2,30-39,Female
1737,IMM_2,3,4,2,30-39,Female
1737,IMM_8,2,4,2,30-39,Female
1737,IMM_3,4,4,2,30-39,Female
1737,IMM_4,2,4,2,30-39,Female
1737,IMM_6,2,4,2,30-39,Female
1739,IMM_9,0,4,2,50-59,Male
1739,IMM_10,0,4,2,50-59,Male
1739,IMM_2,2,4,2,50-59,Male
1739,IMM_3,0,4,2,50-59,Male
1739,IMM_6,0,4,2,50-59,Male
1739,IMM_5,3,4,2,50-59,Male
1739,IMM_8,1,4,2,50-59,Male
1739,IMM_1,4,4,2,50-59,Male
1739,IMM_7,4,4,2,50-59,Male
1739,IMM_4,2,4,2,50-59,Male
1743,IMM_4,2,4,4,30-39,Female
1743,IMM_8,3,4,4,30-39,Female
1743,IMM_2,3,4,4,30-39,Female
1743,IMM_9,1,4,4,30-39,Female
1743,IMM_3,2,4,4,30-39,Female
1743,IMM_6,2,4,4,30-39,Female
1743,IMM_10,3,4,4,30-39,Female
1743,IMM_5,0,4,4,30-39,Female
1743,IMM_1,2,4,4,30-39,Female
1743,IMM_7,0,4,4,30-39,Female
1746,IMM_5,1,4,5,60-69,Female
1746,IMM_6,1,4,5,60-69,Female
1746,IMM_1,3,4,5,60-69,Female
1746,IMM_9,2,4,5,60-69,Female
1746,IMM_8,3,4,5,60-69,Female
1746,IMM_7,2,4,5,60-69,Female
1746,IMM_10,2,4,5,60-69,Female
1746,IMM_4,2,4,5,60-69,Female
1746,IMM_2,2,4,5,60-69,Female
1746,IMM_3,1,4,5,60-69,Female
1748,IMM_8,3,4,6,50-59,Female
1748,IMM_2,4,4,6,50-59,Female
1748,IMM_1,1,4,6,50-59,Female
1748,IMM_6,2,4,6,50-59,Female
1748,IMM_5,2,4,6,50-59,Female
1748,IMM_10,3,4,6,50-59,Female
1748,IMM_7,1,4,6,50-59,Female
1748,IMM_4,2,4,6,50-59,Female
1748,IMM_3,2,4,6,50-59,Female
1748,IMM_9,2,4,6,50-59,Female
1751,IMM_7,0,4,3,70-79,Male
1751,IMM_4,0,4,3,70-79,Male
1751,IMM_1,0,4,3,70-79,Male
1751,IMM_6,3,4,3,70-79,Male
1751,IMM_10,4,4,3,70-79,Male
1751,IMM_8,2,4,3,70-79,Male
1751,IMM_9,3,4,3,70-79,Male
1751,IMM_5,0,4,3,70-79,Male
1751,IMM_3,4,4,3,70-79,Male
1751,IMM_2,3,4,3,70-79,Male
1754,IMM_2,4,4,1,60-69,Female
1754,IMM_4,1,4,1,60-69,Female
1754,IMM_10,2,4,1,60-69,Female
1754,IMM_3,1,4,1,60-69,Female
1754,IMM_1,3,4,1,60-69,Female
1754,IMM_8,4,4,1,60-69,Female
1754,IMM_9,2,4,1,60-69,Female
1754,IMM_5,4,4,1,60-69,Female
1754,IMM_7,1,4,1,60-69,Female
1754,IMM_6,0,4,1,60-69,Female
1758,IMM_4,3,4,3,60-69,Female
1758,IMM_8,2,4,3,60-69,Female
1758,IMM_5,2,4,3,60-69,Female
1758,IMM_9,3,4,3,60-69,Female
1758,IMM_7,1,4,3,60-69,Female
1758,IMM_3,4,4,3,60-69,Female
1758,IMM_10,2,4,3,60-69,Female
1758,IMM_2,3,4,3,60-69,Female
1758,IMM_6,3,4,3,60-69,Female
1758,IMM_1,0,4,3,60-69,Female
1763,IMM_1,0,4,2,60-69,Female
1763,IMM_2,4,4,2,60-69,Female
1763,IMM_8,4,4,2,60-69,Female
1763,IMM_4,0,4,2,60-69,Female
1763,IMM_3,4,4,2,60-69,Female
1763,IMM_9,0,4,2,60-69,Female
1763,IMM_5,0,4,2,60-69,Female
1763,IMM_7,2,4,2,60-69,Female
1763,IMM_6,0,4,2,60-69,Female
1763,IMM_10,3,4,2,60-69,Female
1767,IMM_6,0,4,7,40-49,Male
1767,IMM_1,1,4,7,40-49,Male
1767,IMM_4,0,4,7,40-49,Male
1767,IMM_8,4,4,7,40-49,Male
1767,IMM_9,3,4,7,40-49,Male
1767,IMM_7,3,4,7,40-49,Male
1767,IMM_3,3,4,7,40-49,Male
1767,IMM_5,4,4,7,40-49,Male
1767,IMM_10,0,4,7,40-49,Male
1767,IMM_2,4,4,7,40-49,Male
1775,IMM_10,2,4,2,60-69,Female
1775,IMM_1,2,4,2,60-69,Female
1775,IMM_9,2,4,2,60-69,Female
1775,IMM_5,0,4,2,60-69,Female
1775,IMM_8,3,4,2,60-69,Female
1775,IMM_6,2,4,2,60-69,Female
1775,IMM_3,1,4,2,60-69,Female
1775,IMM_2,2,4,2,60-69,Female
1775,IMM_4,1,4,2,60-69,Female
1775,IMM_7,1,4,2,60-69,Female
1776,IMM_8,4,4,5,70-79,Female
1776,IMM_1,3,4,5,70-79,Female
1776,IMM_2,2,4,5,70-79,Female
1776,IMM_10,2,4,5,70-79,Female
1776,IMM_5,3,4,5,70-79,Female
1776,IMM_9,3,4,5,70-79,Female
1776,IMM_3,0,4,5,70-79,Female
1776,IMM_7,3,4,5,70-79,Female
1776,IMM_4,1,4,5,70-79,Female
1776,IMM_6,2,4,5,70-79,Female
1780,IMM_2,1,4,5,50-59,Male
1780,IMM_10,1,4,5,50-59,Male
1780,IMM_8,3,4,5,50-59,Male
1780,IMM_5,1,4,5,50-59,Male
1780,IMM_1,2,4,5,50-59,Male
1780,IMM_7,2,4,5,50-59,Male
1780,IMM_9,2,4,5,50-59,Male
1780,IMM_4,2,4,5,50-59,Male
1780,IMM_3,3,4,5,50-59,Male
1780,IMM_6,3,4,5,50-59,Male
1787,IMM_5,1,4,2,50-59,Female
1787,IMM_4,0,4,2,50-59,Female
1787,IMM_2,0,4,2,50-59,Female
1787,IMM_3,0,4,2,50-59,Female
1787,IMM_7,4,4,2,50-59,Female
1787,IMM_1,4,4,2,50-59,Female
1787,IMM_8,0,4,2,50-59,Female
1787,IMM_6,0,4,2,50-59,Female
1787,IMM_9,0,4,2,50-59,Female
1787,IMM_10,2,4,2,50-59,Female
1794,IMM_4,1,4,2,70-79,Male
1794,IMM_6,1,4,2,70-79,Male
1794,IMM_8,3,4,2,70-79,Male
1794,IMM_9,1,4,2,70-79,Male
1794,IMM_1,3,4,2,70-79,Male
1794,IMM_7,3,4,2,70-79,Male
1794,IMM_5,1,4,2,70-79,Male
1794,IMM_2,3,4,2,70-79,Male
1794,IMM_10,2,4,2,70-79,Male
1794,IMM_3,3,4,2,70-79,Male
1795,IMM_6,1,4,7,50-59,Male
1795,IMM_4,1,4,7,50-59,Male
1795,IMM_7,1,4,7,50-59,Male
1795,IMM_1,1,4,7,50-59,Male
1795,IMM_5,3,4,7,50-59,Male
1795,IMM_10,2,4,7,50-59,Male
1795,IMM_2,4,4,7,50-59,Male
1795,IMM_8,4,4,7,50-59,Male
1795,IMM_3,0,4,7,50-59,Male
1795,IMM_9,2,4,7,50-59,Male
1797,IMM_7,3,4,5,18-29,Male
1797,IMM_2,3,4,5,18-29,Male
1797,IMM_8,3,4,5,18-29,Male
1797,IMM_6,4,4,5,18-29,Male
1797,IMM_1,3,4,5,18-29,Male
1797,IMM_10,4,4,5,18-29,Male
1797,IMM_4,3,4,5,18-29,Male
1797,IMM_3,1,4,5,18-29,Male
1797,IMM_9,3,4,5,18-29,Male
1797,IMM_5,0,4,5,18-29,Male
1798,IMM_2,3,4,1,70-79,Male
1798,IMM_3,2,4,1,70-79,Male
1798,IMM_4,2,4,1,70-79,Male
1798,IMM_5,2,4,1,70-79,Male
1798,IMM_8,4,4,1,70-79,Male
1798,IMM_10,1,4,1,70-79,Male
1798,IMM_7,4,4,1,70-79,Male
1798,IMM_1,2,4,1,70-79,Male
1798,IMM_9,0,4,1,70-79,Male
1798,IMM_6,2,4,1,70-79,Male
1810,IMM_4,1,4,7,40-49,Male
1810,IMM_3,0,4,7,40-49,Male
1810,IMM_8,1,4,7,40-49,Male
1810,IMM_9,1,4,7,40-49,Male
1810,IMM_1,4,4,7,40-49,Male
1810,IMM_10,0,4,7,40-49,Male
1810,IMM_5,2,4,7,40-49,Male
1810,IMM_7,3,4,7,40-49,Male
1810,IMM_6,1,4,7,40-49,Male
1810,IMM_2,3,4,7,40-49,Male
1811,IMM_9,3,4,7,50-59,Male
1811,IMM_2,3,4,7,50-59,Male
1811,IMM_3,1,4,7,50-59,Male
1811,IMM_1,4,4,7,50-59,Male
1811,IMM_10,0,4,7,50-59,Male
1811,IMM_6,1,4,7,50-59,Male
1811,IMM_4,4,4,7,50-59,Male
1811,IMM_7,3,4,7,50-59,Male
1811,IMM_5,3,4,7,50-59,Male
1811,IMM_8,1,4,7,50-59,Male
1813,IMM_9,0,4,7,60-69,Male
1813,IMM_2,0,4,7,60-69,Male
1813,IMM_3,0,4,7,60-69,Male
1813,IMM_10,0,4,7,60-69,Male
1813,IMM_7,4,4,7,60-69,Male
1813,IMM_6,0,4,7,60-69,Male
1813,IMM_8,2,4,7,60-69,Male
1813,IMM_4,0,4,7,60-69,Male
1813,IMM_5,4,4,7,60-69,Male
1813,IMM_1,4,4,7,60-69,Male
1814,IMM_4,2,4,2,70-79,Male
1814,IMM_5,2,4,2,70-79,Male
1814,IMM_8,3,4,2,70-79,Male
1814,IMM_1,2,4,2,70-79,Male
1814,IMM_9,1,4,2,70-79,Male
1814,IMM_6,3,4,2,70-79,Male
1814,IMM_10,2,4,2,70-79,Male
1814,IMM_2,3,4,2,70-79,Male
1814,IMM_7,2,4,2,70-79,Male
1814,IMM_3,2,4,2,70-79,Male
1820,IMM_1,2,4,3,50-59,Female
1820,IMM_3,3,4,3,50-59,Female
1820,IMM_10,2,4,3,50-59,Female
1820,IMM_4,2,4,3,50-59,Female
1820,IMM_8,3,4,3,50-59,Female
1820,IMM_9,1,4,3,50-59,Female
1820,IMM_5,1,4,3,50-59,Female
1820,IMM_6,1,4,3,50-59,Female
1820,IMM_2,3,4,3,50-59,Female
1820,IMM_7,2,4,3,50-59,Female
1823,IMM_8,3,4,6,18-29,Male
1823,IMM_7,2,4,6,18-29,Male
1823,IMM_1,2,4,6,18-29,Male
1823,IMM_3,3,4,6,18-29,Male
1823,IMM_10,2,4,6,18-29,Male
1823,IMM_6,1,4,6,18-29,Male
1823,IMM_4,1,4,6,18-29,Male
1823,IMM_9,1,4,6,18-29,Male
1823,IMM_5,2,4,6,18-29,Male
1823,IMM_2,2,4,6,18-29,Male
1825,IMM_7,4,4,5,60-69,Male
1825,IMM_3,0,4,5,60-69,Male
1825,IMM_10,4,4,5,60-69,Male
1825,IMM_9,0,4,5,60-69,Male
1825,IMM_6,0,4,5,60-69,Male
1825,IMM_1,4,4,5,60-69,Male
1825,IMM_4,1,4,5,60-69,Male
1825,IMM_8,0,4,5,60-69,Male
1825,IMM_5,4,4,5,60-69,Male
1825,IMM_2,0,4,5,60-69,Male
1829,IMM_8,0,4,2,70-79,Male
1829,IMM_1,0,4,2,70-79,Male
1829,IMM_9,4,4,2,70-79,Male
1829,IMM_6,2,4,2,70-79,Male
1829,IMM_7,4,4,2,70-79,Male
1829,IMM_10,3,4,2,70-79,Male
1829,IMM_2,4,4,2,70-79,Male
1829,IMM_4,1,4,2,70-79,Male
1829,IMM_3,4,4,2,70-79,Male
1829,IMM_5,1,4,2,70-79,Male
1831,IMM_10,0,4,5,70-79,Male
1831,IMM_2,4,4,5,70-79,Male
1831,IMM_3,0,4,5,70-79,Male
1831,IMM_5,4,4,5,70-79,Male
1831,IMM_6,3,4,5,70-79,Male
1831,IMM_9,4,4,5,70-79,Male
1831,IMM_4,1,4,5,70-79,Male
1831,IMM_7,3,4,5,70-79,Male
1831,IMM_1,3,4,5,70-79,Male
1831,IMM_8,3,4,5,70-79,Male
1835,IMM_3,4,4,2,30-39,Male
1835,IMM_6,2,4,2,30-39,Male
1835,IMM_8,3,4,2,30-39,Male
1835,IMM_7,0,4,2,30-39,Male
1835,IMM_10,3,4,2,30-39,Male
1835,IMM_2,3,4,2,30-39,Male
1835,IMM_9,3,4,2,30-39,Male
1835,IMM_4,2,4,2,30-39,Male
1835,IMM_1,0,4,2,30-39,Male
1835,IMM_5,0,4,2,30-39,Male
1836,IMM_6,3,4,3,60-69,Male
1836,IMM_10,2,4,3,60-69,Male
1836,IMM_8,3,4,3,60-69,Male
1836,IMM_9,3,4,3,60-69,Male
1836,IMM_7,2,4,3,60-69,Male
1836,IMM_3,2,4,3,60-69,Male
1836,IMM_5,1,4,3,60-69,Male
1836,IMM_4,2,4,3,60-69,Male
1836,IMM_1,2,4,3,60-69,Male
1836,IMM_2,3,4,3,60-69,Male
1841,IMM_2,3,4,3,40-49,Male
1841,IMM_9,4,4,3,40-49,Male
1841,IMM_5,0,4,3,40-49,Male
1841,IMM_7,0,4,3,40-49,Male
1841,IMM_1,0,4,3,40-49,Male
1841,IMM_8,4,4,3,40-49,Male
1841,IMM_10,4,4,3,40-49,Male
1841,IMM_3,4,4,3,40-49,Male
1841,IMM_6,3,4,3,40-49,Male
1841,IMM_4,3,4,3,40-49,Male
1844,IMM_10,3,4,5,70-79,Male
1844,IMM_5,2,4,5,70-79,Male
1844,IMM_4,4,4,5,70-79,Male
1844,IMM_2,3,4,5,70-79,Male
1844,IMM_3,0,4,5,70-79,Male
1844,IMM_6,4,4,5,70-79,Male
1844,IMM_7,2,4,5,70-79,Male
1844,IMM_9,2,4,5,70-79,Male
1844,IMM_1,2,4,5,70-79,Male
1844,IMM_8,2,4,5,70-79,Male
1845,IMM_2,2,4,7,60-69,Male
1845,IMM_1,4,4,7,60-69,Male
1845,IMM_6,1,4,7,60-69,Male
1845,IMM_10,1,4,7,60-69,Male
1845,IMM_9,1,4,7,60-69,Male
1845,IMM_5,2,4,7,60-69,Male
1845,IMM_8,2,4,7,60-69,Male
1845,IMM_4,3,4,7,60-69,Male
1845,IMM_3,1,4,7,60-69,Male
1845,IMM_7,3,4,7,60-69,Male
1846,IMM_9,3,4,1,18-29,Male
1846,IMM_3,1,4,1,18-29,Male
1846,IMM_5,3,4,1,18-29,Male
1846,IMM_1,1,4,1,18-29,Male
1846,IMM_10,3,4,1,18-29,Male
1846,IMM_7,3,4,1,18-29,Male
1846,IMM_8,4,4,1,18-29,Male
1846,IMM_6,3,4,1,18-29,Male
1846,IMM_2,4,4,1,18-29,Male
1846,IMM_4,4,4,1,18-29,Male
1855,IMM_5,0,4,1,70-79,Male
1855,IMM_3,4,4,1,70-79,Male
1855,IMM_4,0,4,1,70-79,Male
1855,IMM_1,2,4,1,70-79,Male
1855,IMM_10,2,4,1,70-79,Male
1855,IMM_2,2,4,1,70-79,Male
1855,IMM_9,3,4,1,70-79,Male
1855,IMM_6,3,4,1,70-79,Male
1855,IMM_7,2,4,1,70-79,Male
1855,IMM_8,2,4,1,70-79,Male
1859,IMM_1,1,4,1,70-79,Male
1859,IMM_7,3,4,1,70-79,Male
1859,IMM_2,0,4,1,70-79,Male
1859,IMM_10,3,4,1,70-79,Male
1859,IMM_4,3,4,1,70-79,Male
1859,IMM_3,4,4,1,70-79,Male
1859,IMM_8,4,4,1,70-79,Male
1859,IMM_9,4,4,1,70-79,Male
1859,IMM_6,4,4,1,70-79,Male
1859,IMM_5,1,4,1,70-79,Male
1865,IMM_2,3,4,5,60-69,Male
1865,IMM_5,0,4,5,60-69,Male
1865,IMM_1,0,4,5,60-69,Male
1865,IMM_9,3,4,5,60-69,Male
1865,IMM_3,4,4,5,60-69,Male
1865,IMM_7,1,4,5,60-69,Male
1865,IMM_10,4,4,5,60-69,Male
1865,IMM_4,0,4,5,60-69,Male
1865,IMM_8,3,4,5,60-69,Male
1865,IMM_6,4,4,5,60-69,Male
1868,IMM_3,4,4,4,70-79,Male
1868,IMM_6,3,4,4,70-79,Male
1868,IMM_1,3,4,4,70-79,Male
1868,IMM_2,3,4,4,70-79,Male
1868,IMM_10,1,4,4,70-79,Male
1868,IMM_7,1,4,4,70-79,Male
1868,IMM_4,1,4,4,70-79,Male
1868,IMM_8,3,4,4,70-79,Male
1868,IMM_5,2,4,4,70-79,Male
1868,IMM_9,2,4,4,70-79,Male
1873,IMM_8,1,4,3,30-39,Male
1873,IMM_1,2,4,3,30-39,Male
1873,IMM_6,1,4,3,30-39,Male
1873,IMM_3,4,4,3,30-39,Male
1873,IMM_4,1,4,3,30-39,Male
1873,IMM_10,2,4,3,30-39,Male
1873,IMM_9,2,4,3,30-39,Male
1873,IMM_2,3,4,3,30-39,Male
1873,IMM_7,1,4,3,30-39,Male
1873,IMM_5,1,4,3,30-39,Male
1876,IMM_8,4,4,5,18-29,Male
1876,IMM_2,1,4,5,18-29,Male
1876,IMM_7,1,4,5,18-29,Male
1876,IMM_5,0,4,5,18-29,Male
1876,IMM_3,1,4,5,18-29,Male
1876,IMM_4,1,4,5,18-29,Male
1876,IMM_1,0,4,5,18-29,Male
1876,IMM_6,3,4,5,18-29,Male
1876,IMM_9,3,4,5,18-29,Male
1876,IMM_10,4,4,5,18-29,Male
1891,IMM_3,0,4,7,50-59,Male
1891,IMM_9,2,4,7,50-59,Male
1891,IMM_1,2,4,7,50-59,Male
1891,IMM_4,2,4,7,50-59,Male
1891,IMM_10,3,4,7,50-59,Male
1891,IMM_2,3,4,7,50-59,Male
1891,IMM_7,3,4,7,50-59,Male
1891,IMM_5,3,4,7,50-59,Male
1891,IMM_6,2,4,7,50-59,Male
1891,IMM_8,3,4,7,50-59,Male
1894,IMM_8,4,4,1,40-49,Male
1894,IMM_6,4,4,1,40-49,Male
1894,IMM_1,2,4,1,40-49,Male
1894,IMM_7,4,4,1,40-49,Male
1894,IMM_5,0,4,1,40-49,Male
1894,IMM_3,0,4,1,40-49,Male
1894,IMM_10,4,4,1,40-49,Male
1894,IMM_2,4,4,1,40-49,Male
1894,IMM_4,4,4,1,40-49,Male
1894,IMM_9,4,4,1,40-49,Male
1895,IMM_9,3,4,3,30-39,Male
1895,IMM_8,3,4,3,30-39,Male
1895,IMM_6,2,4,3,30-39,Male
1895,IMM_5,1,4,3,30-39,Male
1895,IMM_2,3,4,3,30-39,Male
1895,IMM_10,2,4,3,30-39,Male
1895,IMM_7,2,4,3,30-39,Male
1895,IMM_3,4,4,3,30-39,Male
1895,IMM_4,1,4,3,30-39,Male
1895,IMM_1,2,4,3,30-39,Male
1902,IMM_10,3,4,5,60-69,Male
1902,IMM_7,3,4,5,60-69,Male
1902,IMM_5,3,4,5,60-69,Male
1902,IMM_6,2,4,5,60-69,Male
1902,IMM_8,1,4,5,60-69,Male
1902,IMM_1,4,4,5,60-69,Male
1902,IMM_9,0,4,5,60-69,Male
1902,IMM_3,2,4,5,60-69,Male
1902,IMM_2,3,4,5,60-69,Male
1902,IMM_4,1,4,5,60-69,Male
1903,IMM_4,4,4,3,30-39,Male
1903,IMM_2,4,4,3,30-39,Male
1903,IMM_10,0,4,3,30-39,Male
1903,IMM_3,4,4,3,30-39,Male
1903,IMM_5,3,4,3,30-39,Male
1903,IMM_6,4,4,3,30-39,Male
1903,IMM_1,2,4,3,30-39,Male
1903,IMM_7,2,4,3,30-39,Male
1903,IMM_9,2,4,3,30-39,Male
1903,IMM_8,4,4,3,30-39,Male
1908,IMM_5,1,4,5,40-49,Male
1908,IMM_8,4,4,5,40-49,Male
1908,IMM_4,3,4,5,40-49,Male
1908,IMM_3,1,4,5,40-49,Male
1908,IMM_9,4,4,5,40-49,Male
1908,IMM_7,2,4,5,40-49,Male
1908,IMM_10,2,4,5,40-49,Male
1908,IMM_2,4,4,5,40-49,Male
1908,IMM_1,2,4,5,40-49,Male
1908,IMM_6,4,4,5,40-49,Male
1918,IMM_6,3,4,2,60-69,Male
1918,IMM_2,3,4,2,60-69,Male
1918,IMM_10,1,4,2,60-69,Male
1918,IMM_7,2,4,2,60-69,Male
1918,IMM_3,2,4,2,60-69,Male
1918,IMM_4,1,4,2,60-69,Male
1918,IMM_5,3,4,2,60-69,Male
1918,IMM_8,2,4,2,60-69,Male
1918,IMM_9,3,4,2,60-69,Male
1918,IMM_1,3,4,2,60-69,Male
1924,IMM_3,1,4,5,40-49,Male
1924,IMM_8,3,4,5,40-49,Male
1924,IMM_5,3,4,5,40-49,Male
1924,IMM_9,2,4,5,40-49,Male
1924,IMM_2,1,4,5,40-49,Male
1924,IMM_10,3,4,5,40-49,Male
1924,IMM_1,1,4,5,40-49,Male
1924,IMM_4,3,4,5,40-49,Male
1924,IMM_6,3,4,5,40-49,Male
1924,IMM_7,1,4,5,40-49,Male
1925,IMM_4,2,4,5,60-69,Male
1925,IMM_6,3,4,5,60-69,Male
1925,IMM_9,2,4,5,60-69,Male
1925,IMM_10,4,4,5,60-69,Male
1925,IMM_1,1,4,5,60-69,Male
1925,IMM_2,0,4,5,60-69,Male
1925,IMM_8,3,4,5,60-69,Male
1925,IMM_3,4,4,5,60-69,Male
1925,IMM_7,0,4,5,60-69,Male
1925,IMM_5,1,4,5,60-69,Male
1927,IMM_9,3,4,2,30-39,Male
1927,IMM_5,3,4,2,30-39,Male
1927,IMM_3,3,4,2,30-39,Male
1927,IMM_1,1,4,2,30-39,Male
1927,IMM_7,1,4,2,30-39,Male
1927,IMM_4,3,4,2,30-39,Male
1927,IMM_10,1,4,2,30-39,Male
1927,IMM_8,1,4,2,30-39,Male
1927,IMM_2,1,4,2,30-39,Male
1927,IMM_6,3,4,2,30-39,Male
1931,IMM_7,2,4,3,30-39,Male
1931,IMM_3,4,4,3,30-39,Male
1931,IMM_5,0,4,3,30-39,Male
1931,IMM_1,1,4,3,30-39,Male
1931,IMM_4,2,4,3,30-39,Male
1931,IMM_8,3,4,3,30-39,Male
1931,IMM_2,4,4,3,30-39,Male
1931,IMM_10,2,4,3,30-39,Male
1931,IMM_6,3,4,3,30-39,Male
1931,IMM_9,2,4,3,30-39,Male
1950,IMM_4,4,4,5,30-39,Male
1950,IMM_8,2,4,5,30-39,Male
1950,IMM_6,2,4,5,30-39,Male
1950,IMM_7,2,4,5,30-39,Male
1950,IMM_9,2,4,5,30-39,Male
1950,IMM_1,4,4,5,30-39,Male
1950,IMM_5,4,4,5,30-39,Male
1950,IMM_2,4,4,5,30-39,Male
1950,IMM_3,0,4,5,30-39,Male
1950,IMM_10,0,4,5,30-39,Male
1953,IMM_5,4,4,6,70-79,Male
1953,IMM_10,0,4,6,70-79,Male
1953,IMM_6,0,4,6,70-79,Male
1953,IMM_7,4,4,6,70-79,Male
1953,IMM_4,3,4,6,70-79,Male
1953,IMM_3,0,4,6,70-79,Male
1953,IMM_2,0,4,6,70-79,Male
1953,IMM_8,0,4,6,70-79,Male
1953,IMM_1,4,4,6,70-79,Male
1953,IMM_9,0,4,6,70-79,Male
1954,IMM_10,2,4,6,60-69,Male
1954,IMM_2,3,4,6,60-69,Male
1954,IMM_8,0,4,6,60-69,Male
1954,IMM_9,2,4,6,60-69,Male
1954,IMM_1,4,4,6,60-69,Male
1954,IMM_5,4,4,6,60-69,Male
1954,IMM_4,1,4,6,60-69,Male
1954,IMM_6,0,4,6,60-69,Male
1954,IMM_3,0,4,6,60-69,Male
1954,IMM_7,4,4,6,60-69,Male
1957,IMM_10,3,4,3,40-49,Male
1957,IMM_3,3,4,3,40-49,Male
1957,IMM_7,1,4,3,40-49,Male
1957,IMM_4,1,4,3,40-49,Male
1957,IMM_2,2,4,3,40-49,Male
1957,IMM_8,2,4,3,40-49,Male
1957,IMM_9,3,4,3,40-49,Male
1957,IMM_1,2,4,3,40-49,Male
1957,IMM_6,3,4,3,40-49,Male
1957,IMM_5,1,4,3,40-49,Male
1962,IMM_7,0,4,2,50-59,Male
1962,IMM_5,0,4,2,50-59,Male
1962,IMM_10,4,4,2,50-59,Male
1962,IMM_3,4,4,2,50-59,Male
1962,IMM_6,3,4,2,50-59,Male
1962,IMM_9,4,4,2,50-59,Male
1962,IMM_1,1,4,2,50-59,Male
1962,IMM_4,2,4,2,50-59,Male
1962,IMM_2,1,4,2,50-59,Male
1962,IMM_8,3,4,2,50-59,Male
1963,IMM_2,0,4,5,70-79,Male
1963,IMM_10,0,4,5,70-79,Male
1963,IMM_6,3,4,5,70-79,Male
1963,IMM_1,4,4,5,70-79,Male
1963,IMM_9,2,4,5,70-79,Male
1963,IMM_8,0,4,5,70-79,Male
1963,IMM_4,4,4,5,70-79,Male
1963,IMM_5,4,4,5,70-79,Male
1963,IMM_7,2,4,5,70-79,Male
1963,IMM_3,0,4,5,70-79,Male
1976,IMM_6,0,4,5,70-79,Male
1976,IMM_2,3,4,5,70-79,Male
1976,IMM_1,2,4,5,70-79,Male
1976,IMM_7,3,4,5,70-79,Male
1976,IMM_3,0,4,5,70-79,Male
1976,IMM_9,1,4,5,70-79,Male
1976,IMM_4,3,4,5,70-79,Male
1976,IMM_8,1,4,5,70-79,Male
1976,IMM_5,3,4,5,70-79,Male
1976,IMM_10,0,4,5,70-79,Male
1979,IMM_4,3,4,3,70-79,Male
1979,IMM_6,3,4,3,70-79,Male
1979,IMM_9,2,4,3,70-79,Male
1979,IMM_5,1,4,3,70-79,Male
1979,IMM_3,4,4,3,70-79,Male
1979,IMM_1,1,4,3,70-79,Male
1979,IMM_2,3,4,3,70-79,Male
1979,IMM_7,1,4,3,70-79,Male
1979,IMM_10,3,4,3,70-79,Male
1979,IMM_8,3,4,3,70-79,Male
1983,IMM_9,3,4,2,70-79,Male
1983,IMM_6,3,4,2,70-79,Male
1983,IMM_10,3,4,2,70-79,Male
1983,IMM_4,2,4,2,70-79,Male
1983,IMM_3,4,4,2,70-79,Male
1983,IMM_8,3,4,2,70-79,Male
1983,IMM_1,1,4,2,70-79,Male
1983,IMM_5,1,4,2,70-79,Male
1983,IMM_2,3,4,2,70-79,Male
1983,IMM_7,1,4,2,70-79,Male
1987,IMM_1,4,4,6,70-79,Male
1987,IMM_4,2,4,6,70-79,Male
1987,IMM_3,0,4,6,70-79,Male
1987,IMM_8,3,4,6,70-79,Male
1987,IMM_2,1,4,6,70-79,Male
1987,IMM_5,3,4,6,70-79,Male
1987,IMM_9,2,4,6,70-79,Male
1987,IMM_7,3,4,6,70-79,Male
1987,IMM_10,1,4,6,70-79,Male
1987,IMM_6,0,4,6,70-79,Male
1991,IMM_7,0,4,5,40-49,Male
1991,IMM_5,0,4,5,40-49,Male
1991,IMM_4,1,4,5,40-49,Male
1991,IMM_9,3,4,5,40-49,Male
1991,IMM_1,1,4,5,40-49,Male
1991,IMM_2,3,4,5,40-49,Male
1991,IMM_10,3,4,5,40-49,Male
1991,IMM_3,4,4,5,40-49,Male
1991,IMM_6,1,4,5,40-49,Male
1991,IMM_8,1,4,5,40-49,Male
1994,IMM_8,3,4,6,60-69,Male
1994,IMM_6,4,4,6,60-69,Male
1994,IMM_3,2,4,6,60-69,Male
1994,IMM_10,3,4,6,60-69,Male
1994,IMM_4,2,4,6,60-69,Male
1994,IMM_5,2,4,6,60-69,Male
1994,IMM_1,2,4,6,60-69,Male
1994,IMM_9,3,4,6,60-69,Male
1994,IMM_2,3,4,6,60-69,Male
1994,IMM_7,1,4,6,60-69,Male
1998,IMM_6,3,4,3,60-69,Male
1998,IMM_8,4,4,3,60-69,Male
1998,IMM_1,1,4,3,60-69,Male
1998,IMM_9,2,4,3,60-69,Male
1998,IMM_3,3,4,3,60-69,Male
1998,IMM_10,3,4,3,60-69,Male
1998,IMM_2,3,4,3,60-69,Male
1998,IMM_5,1,4,3,60-69,Male
1998,IMM_4,2,4,3,60-69,Male
1998,IMM_7,1,4,3,60-69,Male
2020,IMM_9,4,4,5,70-79,Male
2020,IMM_6,3,4,5,70-79,Male
2020,IMM_2,3,4,5,70-79,Male
2020,IMM_4,1,4,5,70-79,Male
2020,IMM_8,3,4,5,70-79,Male
2020,IMM_10,3,4,5,70-79,Male
2020,IMM_7,4,4,5,70-79,Male
2020,IMM_1,3,4,5,70-79,Male
2020,IMM_3,1,4,5,70-79,Male
2020,IMM_5,3,4,5,70-79,Male
2037,IMM_8,4,4,2,40-49,Male
2037,IMM_1,3,4,2,40-49,Male
2037,IMM_4,1,4,2,40-49,Male
2037,IMM_5,1,4,2,40-49,Male
2037,IMM_6,3,4,2,40-49,Male
2037,IMM_2,4,4,2,40-49,Male
2037,IMM_9,4,4,2,40-49,Male
2037,IMM_3,4,4,2,40-49,Male
2037,IMM_7,4,4,2,40-49,Male
2037,IMM_10,1,4,2,40-49,Male
2038,IMM_3,0,4,5,70-79,Male
2038,IMM_1,4,4,5,70-79,Male
2038,IMM_5,2,4,5,70-79,Male
2038,IMM_6,0,4,5,70-79,Male
2038,IMM_7,2,4,5,70-79,Male
2038,IMM_4,0,4,5,70-79,Male
2038,IMM_10,1,4,5,70-79,Male
2038,IMM_2,0,4,5,70-79,Male
2038,IMM_9,2,4,5,70-79,Male
2038,IMM_8,3,4,5,70-79,Male
2040,IMM_6,1,4,3,18-29,Male
2040,IMM_4,0,4,3,18-29,Male
2040,IMM_7,1,4,3,18-29,Male
2040,IMM_2,4,4,3,18-29,Male
2040,IMM_9,3,4,3,18-29,Male
2040,IMM_1,3,4,3,18-29,Male
2040,IMM_10,1,4,3,18-29,Male
2040,IMM_5,0,4,3,18-29,Male
2040,IMM_3,3,4,3,18-29,Male
2040,IMM_8,4,4,3,18-29,Male
2045,IMM_10,3,4,2,30-39,Male
2045,IMM_9,3,4,2,30-39,Male
2045,IMM_2,0,4,2,30-39,Male
2045,IMM_6,4,4,2,30-39,Male
2045,IMM_8,4,4,2,30-39,Male
2045,IMM_7,0,4,2,30-39,Male
2045,IMM_1,1,4,2,30-39,Male
2045,IMM_3,2,4,2,30-39,Male
2045,IMM_4,3,4,2,30-39,Male
2045,IMM_5,2,4,2,30-39,Male
2048,IMM_5,3,4,7,30-39,Male
2048,IMM_1,3,4,7,30-39,Male
2048,IMM_2,1,4,7,30-39,Male
2048,IMM_9,4,4,7,30-39,Male
2048,IMM_10,3,4,7,30-39,Male
2048,IMM_7,3,4,7,30-39,Male
2048,IMM_8,3,4,7,30-39,Male
2048,IMM_4,4,4,7,30-39,Male
2048,IMM_6,2,4,7,30-39,Male
2048,IMM_3,2,4,7,30-39,Male
2054,IMM_3,0,4,6,50-59,Male
2054,IMM_8,0,4,6,50-59,Male
2054,IMM_4,0,4,6,50-59,Male
2054,IMM_1,4,4,6,50-59,Male
2054,IMM_2,0,4,6,50-59,Male
2054,IMM_9,1,4,6,50-59,Male
2054,IMM_6,1,4,6,50-59,Male
2054,IMM_7,3,4,6,50-59,Male
2054,IMM_10,3,4,6,50-59,Male
2054,IMM_5,2,4,6,50-59,Male
2075,IMM_2,3,4,1,60-69,Male
2075,IMM_5,0,4,1,60-69,Male
2075,IMM_10,3,4,1,60-69,Male
2075,IMM_3,4,4,1,60-69,Male
2075,IMM_6,3,4,1,60-69,Male
2075,IMM_8,3,4,1,60-69,Male
2075,IMM_4,2,4,1,60-69,Male
2075,IMM_1,1,4,1,60-69,Male
2075,IMM_9,3,4,1,60-69,Male
2075,IMM_7,1,4,1,60-69,Male
2078,IMM_2,1,4,6,70-79,Male
2078,IMM_5,1,4,6,70-79,Male
2078,IMM_3,4,4,6,70-79,Male
2078,IMM_1,4,4,6,70-79,Male
2078,IMM_8,2,4,6,70-79,Male
2078,IMM_9,2,4,6,70-79,Male
2078,IMM_4,3,4,6,70-79,Male
2078,IMM_6,1,4,6,70-79,Male
2078,IMM_7,1,4,6,70-79,Male
2078,IMM_10,3,4,6,70-79,Male
2103,IMM_1,3,4,3,70-79,Male
2103,IMM_4,1,4,3,70-79,Male
2103,IMM_2,3,4,3,70-79,Male
2103,IMM_8,3,4,3,70-79,Male
2103,IMM_7,2,4,3,70-79,Male
2103,IMM_9,3,4,3,70-79,Male
2103,IMM_5,2,4,3,70-79,Male
2103,IMM_6,3,4,3,70-79,Male
2103,IMM_3,2,4,3,70-79,Male
2103,IMM_10,2,4,3,70-79,Male
2104,IMM_7,0,4,3,50-59,Male
2104,IMM_2,3,4,3,50-59,Male
2104,IMM_9,4,4,3,50-59,Male
2104,IMM_3,0,4,3,50-59,Male
2104,IMM_8,3,4,3,50-59,Male
2104,IMM_4,4,4,3,50-59,Male
2104,IMM_5,3,4,3,50-59,Male
2104,IMM_1,3,4,3,50-59,Male
2104,IMM_10,3,4,3,50-59,Male
2104,IMM_6,4,4,3,50-59,Male
2115,IMM_3,3,4,3,50-59,Male
2115,IMM_9,1,4,3,50-59,Male
2115,IMM_7,0,4,3,50-59,Male
2115,IMM_4,1,4,3,50-59,Male
2115,IMM_8,3,4,3,50-59,Male
2115,IMM_2,2,4,3,50-59,Male
2115,IMM_10,4,4,3,50-59,Male
2115,IMM_1,2,4,3,50-59,Male
2115,IMM_6,4,4,3,50-59,Male
2115,IMM_5,1,4,3,50-59,Male
2127,IMM_2,3,4,6,60-69,Male
2127,IMM_7,2,4,6,60-69,Male
2127,IMM_4,2,4,6,60-69,Male
2127,IMM_6,3,4,6,60-69,Male
2127,IMM_10,3,4,6,60-69,Male
2127,IMM_3,1,4,6,60-69,Male
2127,IMM_1,2,4,6,60-69,Male
2127,IMM_8,1,4,6,60-69,Male
2127,IMM_9,3,4,6,60-69,Male
2127,IMM_5,0,4,6,60-69,Male
2140,IMM_6,3,4,1,70-79,Male
2140,IMM_3,4,4,1,70-79,Male
2140,IMM_7,2,4,1,70-79,Male
2140,IMM_9,4,4,1,70-79,Male
2140,IMM_2,4,4,1,70-79,Male
2140,IMM_10,3,4,1,70-79,Male
2140,IMM_1,1,4,1,70-79,Male
2140,IMM_8,3,4,1,70-79,Male
2140,IMM_5,1,4,1,70-79,Male
2140,IMM_4,2,4,1,70-79,Male
2142,IMM_9,3,4,3,40-49,Male
2142,IMM_6,4,4,3,40-49,Male
2142,IMM_3,4,4,3,40-49,Male
2142,IMM_8,4,4,3,40-49,Male
2142,IMM_2,3,4,3,40-49,Male
2142,IMM_7,2,4,3,40-49,Male
2142,IMM_1,1,4,3,40-49,Male
2142,IMM_10,4,4,3,40-49,Male
2142,IMM_4,1,4,3,40-49,Male
2142,IMM_5,1,4,3,40-49,Male
2143,IMM_9,3,4,3,50-59,Male
2143,IMM_3,3,4,3,50-59,Male
2143,IMM_7,0,4,3,50-59,Male
2143,IMM_6,3,4,3,50-59,Male
2143,IMM_2,2,4,3,50-59,Male
2143,IMM_8,3,4,3,50-59,Male
2143,IMM_4,2,4,3,50-59,Male
2143,IMM_10,3,4,3,50-59,Male
2143,IMM_5,0,4,3,50-59,Male
2143,IMM_1,0,4,3,50-59,Male
2145,IMM_2,2,4,5,60-69,Male
2145,IMM_8,3,4,5,60-69,Male
2145,IMM_4,4,4,5,60-69,Male
2145,IMM_6,2,4,5,60-69,Male
2145,IMM_5,3,4,5,60-69,Male
2145,IMM_1,3,4,5,60-69,Male
2145,IMM_10,2,4,5,60-69,Male
2145,IMM_3,1,4,5,60-69,Male
2145,IMM_7,2,4,5,60-69,Male
2145,IMM_9,3,4,5,60-69,Male
2149,IMM_1,1,4,5,60-69,Male
2149,IMM_7,2,4,5,60-69,Male
2149,IMM_2,3,4,5,60-69,Male
2149,IMM_8,3,4,5,60-69,Male
2149,IMM_6,1,4,5,60-69,Male
2149,IMM_3,0,4,5,60-69,Male
2149,IMM_4,3,4,5,60-69,Male
2149,IMM_10,1,4,5,60-69,Male
2149,IMM_9,2,4,5,60-69,Male
2149,IMM_5,3,4,5,60-69,Male
2150,IMM_4,4,4,5,60-69,Male
2150,IMM_2,4,4,5,60-69,Male
2150,IMM_6,4,4,5,60-69,Male
2150,IMM_5,4,4,5,60-69,Male
2150,IMM_7,4,4,5,60-69,Male
2150,IMM_10,4,4,5,60-69,Male
2150,IMM_1,4,4,5,60-69,Male
2150,IMM_3,0,4,5,60-69,Male
2150,IMM_9,4,4,5,60-69,Male
2150,IMM_8,4,4,5,60-69,Male
2151,IMM_10,4,4,2,40-49,Male
2151,IMM_5,0,4,2,40-49,Male
2151,IMM_4,1,4,2,40-49,Male
2151,IMM_1,0,4,2,40-49,Male
2151,IMM_9,3,4,2,40-49,Male
2151,IMM_7,1,4,2,40-49,Male
2151,IMM_2,3,4,2,40-49,Male
2151,IMM_6,2,4,2,40-49,Male
2151,IMM_3,2,4,2,40-49,Male
2151,IMM_8,3,4,2,40-49,Male
2173,IMM_4,2,4,3,30-39,Male
2173,IMM_2,2,4,3,30-39,Male
2173,IMM_7,0,4,3,30-39,Male
2173,IMM_3,4,4,3,30-39,Male
2173,IMM_9,2,4,3,30-39,Male
2173,IMM_10,2,4,3,30-39,Male
2173,IMM_1,0,4,3,30-39,Male
2173,IMM_8,4,4,3,30-39,Male
2173,IMM_6,2,4,3,30-39,Male
2173,IMM_5,2,4,3,30-39,Male
2182,IMM_3,2,4,6,50-59,Male
2182,IMM_1,2,4,6,50-59,Male
2182,IMM_7,1,4,6,50-59,Male
2182,IMM_9,3,4,6,50-59,Male
2182,IMM_2,2,4,6,50-59,Male
2182,IMM_4,1,4,6,50-59,Male
2182,IMM_5,2,4,6,50-59,Male
2182,IMM_8,1,4,6,50-59,Male
2182,IMM_10,1,4,6,50-59,Male
2182,IMM_6,3,4,6,50-59,Male
2185,IMM_4,1,4,1,70-79,Male
2185,IMM_10,2,4,1,70-79,Male
2185,IMM_1,1,4,1,70-79,Male
2185,IMM_5,1,4,1,70-79,Male
2185,IMM_8,3,4,1,70-79,Male
2185,IMM_3,4,4,1,70-79,Male
2185,IMM_9,1,4,1,70-79,Male
2185,IMM_7,1,4,1,70-79,Male
2185,IMM_2,3,4,1,70-79,Male
2185,IMM_6,4,4,1,70-79,Male
2186,IMM_1,0,4,3,40-49,Male
2186,IMM_3,0,4,3,40-49,Male
2186,IMM_8,3,4,3,40-49,Male
2186,IMM_10,3,4,3,40-49,Male
2186,IMM_6,1,4,3,40-49,Male
2186,IMM_7,0,4,3,40-49,Male
2186,IMM_5,0,4,3,40-49,Male
2186,IMM_4,2,4,3,40-49,Male
2186,IMM_2,1,4,3,40-49,Male
2186,IMM_9,2,4,3,40-49,Male
2187,IMM_7,2,4,6,50-59,Male
2187,IMM_6,3,4,6,50-59,Male
2187,IMM_5,2,4,6,50-59,Male
2187,IMM_3,1,4,6,50-59,Male
2187,IMM_4,2,4,6,50-59,Male
2187,IMM_1,2,4,6,50-59,Male
2187,IMM_8,2,4,6,50-59,Male
2187,IMM_2,3,4,6,50-59,Male
2187,IMM_10,1,4,6,50-59,Male
2187,IMM_9,3,4,6,50-59,Male
2188,IMM_9,3,4,3,30-39,Male
2188,IMM_5,3,4,3,30-39,Male
2188,IMM_7,1,4,3,30-39,Male
2188,IMM_8,3,4,3,30-39,Male
2188,IMM_2,3,4,3,30-39,Male
2188,IMM_10,3,4,3,30-39,Male
2188,IMM_4,3,4,3,30-39,Male
2188,IMM_1,3,4,3,30-39,Male
2188,IMM_6,3,4,3,30-39,Male
2188,IMM_3,4,4,3,30-39,Male
2190,IMM_10,3,4,3,60-69,Male
2190,IMM_6,4,4,3,60-69,Male
2190,IMM_9,4,4,3,60-69,Male
2190,IMM_2,3,4,3,60-69,Male
2190,IMM_4,2,4,3,60-69,Male
2190,IMM_5,0,4,3,60-69,Male
2190,IMM_7,0,4,3,60-69,Male
2190,IMM_1,0,4,3,60-69,Male
2190,IMM_3,4,4,3,60-69,Male
2190,IMM_8,4,4,3,60-69,Male
2192,IMM_2,4,4,2,30-39,Male
2192,IMM_9,4,4,2,30-39,Male
2192,IMM_5,3,4,2,30-39,Male
2192,IMM_4,3,4,2,30-39,Male
2192,IMM_1,1,4,2,30-39,Male
2192,IMM_8,1,4,2,30-39,Male
2192,IMM_7,3,4,2,30-39,Male
2192,IMM_10,3,4,2,30-39,Male
2192,IMM_3,2,4,2,30-39,Male
2192,IMM_6,2,4,2,30-39,Male
2197,IMM_5,2,4,5,60-69,Male
2197,IMM_1,3,4,5,60-69,Male
2197,IMM_7,2,4,5,60-69,Male
2197,IMM_2,2,4,5,60-69,Male
2197,IMM_4,3,4,5,60-69,Male
2197,IMM_6,2,4,5,60-69,Male
2197,IMM_3,0,4,5,60-69,Male
2197,IMM_8,2,4,5,60-69,Male
2197,IMM_10,1,4,5,60-69,Male
2197,IMM_9,2,4,5,60-69,Male
2199,IMM_7,3,4,2,70-79,Male
2199,IMM_6,1,4,2,70-79,Male
2199,IMM_9,3,4,2,70-79,Male
2199,IMM_5,4,4,2,70-79,Male
2199,IMM_10,3,4,2,70-79,Male
2199,IMM_3,0,4,2,70-79,Male
2199,IMM_4,1,4,2,70-79,Male
2199,IMM_1,3,4,2,70-79,Male
2199,IMM_2,4,4,2,70-79,Male
2199,IMM_8,3,4,2,70-79,Male
2200,IMM_5,1,4,2,30-39,Male
2200,IMM_10,3,4,2,30-39,Male
2200,IMM_8,2,4,2,30-39,Male
2200,IMM_6,3,4,2,30-39,Male
2200,IMM_4,1,4,2,30-39,Male
2200,IMM_7,2,4,2,30-39,Male
2200,IMM_3,3,4,2,30-39,Male
2200,IMM_9,3,4,2,30-39,Male
2200,IMM_1,3,4,2,30-39,Male
2200,IMM_2,1,4,2,30-39,Male
2207,IMM_10,3,4,5,30-39,Male
2207,IMM_6,4,4,5,30-39,Male
2207,IMM_4,3,4,5,30-39,Male
2207,IMM_2,3,4,5,30-39,Male
2207,IMM_1,0,4,5,30-39,Male
2207,IMM_5,2,4,5,30-39,Male
2207,IMM_7,0,4,5,30-39,Male
2207,IMM_8,4,4,5,30-39,Male
2207,IMM_9,2,4,5,30-39,Male
2207,IMM_3,4,4,5,30-39,Male
2209,IMM_8,3,4,3,18-29,Male
2209,IMM_2,4,4,3,18-29,Male
2209,IMM_1,2,4,3,18-29,Male
2209,IMM_3,4,4,3,18-29,Male
2209,IMM_6,3,4,3,18-29,Male
2209,IMM_9,2,4,3,18-29,Male
2209,IMM_10,4,4,3,18-29,Male
2209,IMM_5,1,4,3,18-29,Male
2209,IMM_7,3,4,3,18-29,Male
2209,IMM_4,3,4,3,18-29,Male
2214,IMM_5,4,4,1,18-29,Male
2214,IMM_3,0,4,1,18-29,Male
2214,IMM_8,0,4,1,18-29,Male
2214,IMM_4,0,4,1,18-29,Male
2214,IMM_2,0,4,1,18-29,Male
2214,IMM_10,0,4,1,18-29,Male
2214,IMM_9,2,4,1,18-29,Male
2214,IMM_7,2,4,1,18-29,Male
2214,IMM_1,4,4,1,18-29,Male
2214,IMM_6,1,4,1,18-29,Male
2217,IMM_10,3,4,6,30-39,Male
2217,IMM_5,2,4,6,30-39,Male
2217,IMM_9,3,4,6,30-39,Male
2217,IMM_6,3,4,6,30-39,Male
2217,IMM_7,2,4,6,30-39,Male
2217,IMM_2,2,4,6,30-39,Male
2217,IMM_4,1,4,6,30-39,Male
2217,IMM_3,0,4,6,30-39,Male
2217,IMM_1,1,4,6,30-39,Male
2217,IMM_8,3,4,6,30-39,Male
2220,IMM_9,2,4,1,70-79,Male
2220,IMM_1,3,4,1,70-79,Male
2220,IMM_8,3,4,1,70-79,Male
2220,IMM_6,3,4,1,70-79,Male
2220,IMM_5,1,4,1,70-79,Male
2220,IMM_2,2,4,1,70-79,Male
2220,IMM_4,0,4,1,70-79,Male
2220,IMM_3,0,4,1,70-79,Male
2220,IMM_7,2,4,1,70-79,Male
2220,IMM_10,2,4,1,70-79,Male
2228,IMM_8,1,4,3,60-69,Male
2228,IMM_10,4,4,3,60-69,Male
2228,IMM_1,3,4,3,60-69,Male
2228,IMM_9,4,4,3,60-69,Male
2228,IMM_6,2,4,3,60-69,Male
2228,IMM_3,4,4,3,60-69,Male
2228,IMM_2,3,4,3,60-69,Male
2228,IMM_7,1,4,3,60-69,Male
2228,IMM_4,2,4,3,60-69,Male
2228,IMM_5,1,4,3,60-69,Male
2231,IMM_4,1,4,2,60-69,Male
2231,IMM_1,3,4,2,60-69,Male
2231,IMM_3,0,4,2,60-69,Male
2231,IMM_2,2,4,2,60-69,Male
2231,IMM_6,3,4,2,60-69,Male
2231,IMM_8,1,4,2,60-69,Male
2231,IMM_9,1,4,2,60-69,Male
2231,IMM_5,2,4,2,60-69,Male
2231,IMM_10,1,4,2,60-69,Male
2231,IMM_7,3,4,2,60-69,Male
2232,IMM_6,3,4,2,18-29,Male
2232,IMM_7,1,4,2,18-29,Male
2232,IMM_8,3,4,2,18-29,Male
2232,IMM_1,1,4,2,18-29,Male
2232,IMM_10,3,4,2,18-29,Male
2232,IMM_5,2,4,2,18-29,Male
2232,IMM_4,2,4,2,18-29,Male
2232,IMM_2,3,4,2,18-29,Male
2232,IMM_9,3,4,2,18-29,Male
2232,IMM_3,4,4,2,18-29,Male
2233,IMM_4,1,4,5,60-69,Male
2233,IMM_6,3,4,5,60-69,Male
2233,IMM_5,3,4,5,60-69,Male
2233,IMM_1,4,4,5,60-69,Male
2233,IMM_10,1,4,5,60-69,Male
2233,IMM_8,2,4,5,60-69,Male
2233,IMM_9,3,4,5,60-69,Male
2233,IMM_2,1,4,5,60-69,Male
2233,IMM_7,3,4,5,60-69,Male
2233,IMM_3,1,4,5,60-69,Male
2239,IMM_7,2,4,2,40-49,Male
2239,IMM_3,1,4,2,40-49,Male
2239,IMM_6,1,4,2,40-49,Male
2239,IMM_2,3,4,2,40-49,Male
2239,IMM_8,2,4,2,40-49,Male
2239,IMM_1,4,4,2,40-49,Male
2239,IMM_4,1,4,2,40-49,Male
2239,IMM_10,1,4,2,40-49,Male
2239,IMM_5,3,4,2,40-49,Male
2239,IMM_9,2,4,2,40-49,Male
2240,IMM_7,0,4,2,60-69,Male
2240,IMM_4,0,4,2,60-69,Male
2240,IMM_8,3,4,2,60-69,Male
2240,IMM_3,4,4,2,60-69,Male
2240,IMM_9,2,4,2,60-69,Male
2240,IMM_6,4,4,2,60-69,Male
2240,IMM_1,4,4,2,60-69,Male
2240,IMM_5,0,4,2,60-69,Male
2240,IMM_2,1,4,2,60-69,Male
2240,IMM_10,2,4,2,60-69,Male
2241,IMM_5,4,4,3,40-49,Male
2241,IMM_8,2,4,3,40-49,Male
2241,IMM_2,0,4,3,40-49,Male
2241,IMM_3,4,4,3,40-49,Male
2241,IMM_6,4,4,3,40-49,Male
2241,IMM_9,2,4,3,40-49,Male
2241,IMM_7,2,4,3,40-49,Male
2241,IMM_10,0,4,3,40-49,Male
2241,IMM_1,0,4,3,40-49,Male
2241,IMM_4,4,4,3,40-49,Male
2242,IMM_10,3,4,5,40-49,Male
2242,IMM_2,4,4,5,40-49,Male
2242,IMM_9,3,4,5,40-49,Male
2242,IMM_1,1,4,5,40-49,Male
2242,IMM_7,0,4,5,40-49,Male
2242,IMM_3,2,4,5,40-49,Male
2242,IMM_6,4,4,5,40-49,Male
2242,IMM_4,2,4,5,40-49,Male
2242,IMM_5,2,4,5,40-49,Male
2242,IMM_8,1,4,5,40-49,Male
2247,IMM_8,1,4,7,30-39,Male
2247,IMM_6,0,4,7,30-39,Male
2247,IMM_10,1,4,7,30-39,Male
2247,IMM_5,1,4,7,30-39,Male
2247,IMM_2,3,4,7,30-39,Male
2247,IMM_1,2,4,7,30-39,Male
2247,IMM_9,0,4,7,30-39,Male
2247,IMM_4,3,4,7,30-39,Male
2247,IMM_7,2,4,7,30-39,Male
2247,IMM_3,3,4,7,30-39,Male
2248,IMM_9,4,4,2,18-29,Male
2248,IMM_7,2,4,2,18-29,Male
2248,IMM_3,4,4,2,18-29,Male
2248,IMM_1,1,4,2,18-29,Male
2248,IMM_8,4,4,2,18-29,Male
2248,IMM_6,3,4,2,18-29,Male
2248,IMM_4,2,4,2,18-29,Male
2248,IMM_2,3,4,2,18-29,Male
2248,IMM_10,4,4,2,18-29,Male
2248,IMM_5,1,4,2,18-29,Male
2250,IMM_3,4,4,3,60-69,Male
2250,IMM_1,0,4,3,60-69,Male
2250,IMM_7,0,4,3,60-69,Male
2250,IMM_9,2,4,3,60-69,Male
2250,IMM_6,2,4,3,60-69,Male
2250,IMM_10,3,4,3,60-69,Male
2250,IMM_4,3,4,3,60-69,Male
2250,IMM_8,3,4,3,60-69,Male
2250,IMM_5,0,4,3,60-69,Male
2250,IMM_2,2,4,3,60-69,Male
2257,IMM_4,3,4,5,18-29,Male
2257,IMM_3,2,4,5,18-29,Male
2257,IMM_6,2,4,5,18-29,Male
2257,IMM_2,3,4,5,18-29,Male
2257,IMM_9,2,4,5,18-29,Male
2257,IMM_8,0,4,5,18-29,Male
2257,IMM_7,2,4,5,18-29,Male
2257,IMM_1,2,4,5,18-29,Male
2257,IMM_5,2,4,5,18-29,Male
2257,IMM_10,2,4,5,18-29,Male
2261,IMM_7,4,4,1,60-69,Male
2261,IMM_8,0,4,1,60-69,Male
2261,IMM_9,4,4,1,60-69,Male
2261,IMM_1,4,4,1,60-69,Male
2261,IMM_3,4,4,1,60-69,Male
2261,IMM_5,1,4,1,60-69,Male
2261,IMM_4,1,4,1,60-69,Male
2261,IMM_10,3,4,1,60-69,Male
2261,IMM_2,3,4,1,60-69,Male
2261,IMM_6,0,4,1,60-69,Male
2262,IMM_6,3,4,1,60-69,Male
2262,IMM_7,1,4,1,60-69,Male
2262,IMM_4,2,4,1,60-69,Male
2262,IMM_9,3,4,1,60-69,Male
2262,IMM_10,3,4,1,60-69,Male
2262,IMM_1,1,4,1,60-69,Male
2262,IMM_2,2,4,1,60-69,Male
2262,IMM_8,3,4,1,60-69,Male
2262,IMM_3,4,4,1,60-69,Male
2262,IMM_5,3,4,1,60-69,Male
2263,IMM_5,3,4,7,60-69,Male
2263,IMM_1,4,4,7,60-69,Male
2263,IMM_6,0,4,7,60-69,Male
2263,IMM_9,0,4,7,60-69,Male
2263,IMM_3,0,4,7,60-69,Male
2263,IMM_7,3,4,7,60-69,Male
2263,IMM_2,0,4,7,60-69,Male
2263,IMM_10,0,4,7,60-69,Male
2263,IMM_8,4,4,7,60-69,Male
2263,IMM_4,1,4,7,60-69,Male
2265,IMM_6,1,4,3,70-79,Male
2265,IMM_2,3,4,3,70-79,Male
2265,IMM_9,2,4,3,70-79,Male
2265,IMM_10,1,4,3,70-79,Male
2265,IMM_5,1,4,3,70-79,Male
2265,IMM_7,2,4,3,70-79,Male
2265,IMM_8,2,4,3,70-79,Male
2265,IMM_4,1,4,3,70-79,Male
2265,IMM_3,0,4,3,70-79,Male
2265,IMM_1,1,4,3,70-79,Male
2266,IMM_6,0,4,3,60-69,Male
2266,IMM_3,0,4,3,60-69,Male
2266,IMM_4,0,4,3,60-69,Male
2266,IMM_8,0,4,3,60-69,Male
2266,IMM_5,3,4,3,60-69,Male
2266,IMM_1,4,4,3,60-69,Male
2266,IMM_10,0,4,3,60-69,Male
2266,IMM_9,2,4,3,60-69,Male
2266,IMM_7,2,4,3,60-69,Male
2266,IMM_2,0,4,3,60-69,Male
2268,IMM_10,4,4,3,30-39,Male
2268,IMM_1,0,4,3,30-39,Male
2268,IMM_5,0,4,3,30-39,Male
2268,IMM_9,1,4,3,30-39,Male
2268,IMM_3,4,4,3,30-39,Male
2268,IMM_7,0,4,3,30-39,Male
2268,IMM_8,1,4,3,30-39,Male
2268,IMM_2,3,4,3,30-39,Male
2268,IMM_4,2,4,3,30-39,Male
2268,IMM_6,4,4,3,30-39,Male
2272,IMM_8,3,4,6,60-69,Male
2272,IMM_4,3,4,6,60-69,Male
2272,IMM_7,0,4,6,60-69,Male
2272,IMM_9,4,4,6,60-69,Male
2272,IMM_10,4,4,6,60-69,Male
2272,IMM_2,4,4,6,60-69,Male
2272,IMM_5,0,4,6,60-69,Male
2272,IMM_6,4,4,6,60-69,Male
2272,IMM_1,0,4,6,60-69,Male
2272,IMM_3,4,4,6,60-69,Male
2276,IMM_1,3,4,6,50-59,Male
2276,IMM_4,1,4,6,50-59,Male
2276,IMM_10,4,4,6,50-59,Male
2276,IMM_5,0,4,6,50-59,Male
2276,IMM_2,2,4,6,50-59,Male
2276,IMM_9,3,4,6,50-59,Male
2276,IMM_7,2,4,6,50-59,Male
2276,IMM_6,3,4,6,50-59,Male
2276,IMM_3,0,4,6,50-59,Male
2276,IMM_8,3,4,6,50-59,Male
2279,IMM_4,1,4,5,40-49,Male
2279,IMM_6,0,4,5,40-49,Male
2279,IMM_2,1,4,5,40-49,Male
2279,IMM_7,2,4,5,40-49,Male
2279,IMM_8,1,4,5,40-49,Male
2279,IMM_1,3,4,5,40-49,Male
2279,IMM_5,4,4,5,40-49,Male
2279,IMM_10,1,4,5,40-49,Male
2279,IMM_9,2,4,5,40-49,Male
2279,IMM_3,0,4,5,40-49,Male
2286,IMM_3,3,4,3,60-69,Male
2286,IMM_5,1,4,3,60-69,Male
2286,IMM_8,3,4,3,60-69,Male
2286,IMM_2,3,4,3,60-69,Male
2286,IMM_4,1,4,3,60-69,Male
2286,IMM_1,3,4,3,60-69,Male
2286,IMM_7,2,4,3,60-69,Male
2286,IMM_10,1,4,3,60-69,Male
2286,IMM_9,1,4,3,60-69,Male
2286,IMM_6,3,4,3,60-69,Male
2287,IMM_5,4,4,5,70-79,Male
2287,IMM_10,4,4,5,70-79,Male
2287,IMM_7,1,4,5,70-79,Male
2287,IMM_1,1,4,5,70-79,Male
2287,IMM_3,2,4,5,70-79,Male
2287,IMM_8,3,4,5,70-79,Male
2287,IMM_2,4,4,5,70-79,Male
2287,IMM_4,1,4,5,70-79,Male
2287,IMM_6,2,4,5,70-79,Male
2287,IMM_9,3,4,5,70-79,Male
2289,IMM_8,4,4,7,40-49,Male
2289,IMM_6,0,4,7,40-49,Male
2289,IMM_10,0,4,7,40-49,Male
2289,IMM_9,0,4,7,40-49,Male
2289,IMM_3,0,4,7,40-49,Male
2289,IMM_7,4,4,7,40-49,Male
2289,IMM_5,0,4,7,40-49,Male
2289,IMM_1,4,4,7,40-49,Male
2289,IMM_2,2,4,7,40-49,Male
2289,IMM_4,0,4,7,40-49,Male
2297,IMM_9,3,4,5,60-69,Male
2297,IMM_8,3,4,5,60-69,Male
2297,IMM_10,3,4,5,60-69,Male
2297,IMM_2,2,4,5,60-69,Male
2297,IMM_1,2,4,5,60-69,Male
2297,IMM_4,3,4,5,60-69,Male
2297,IMM_3,2,4,5,60-69,Male
2297,IMM_7,1,4,5,60-69,Male
2297,IMM_6,1,4,5,60-69,Male
2297,IMM_5,2,4,5,60-69,Male
2299,IMM_1,4,4,6,80+,Male
2299,IMM_6,0,4,6,80+,Male
2299,IMM_5,0,4,6,80+,Male
2299,IMM_3,4,4,6,80+,Male
2299,IMM_7,2,4,6,80+,Male
2299,IMM_9,2,4,6,80+,Male
2299,IMM_10,2,4,6,80+,Male
2299,IMM_4,0,4,6,80+,Male
2299,IMM_2,4,4,6,80+,Male
2299,IMM_8,4,4,6,80+,Male
2300,IMM_1,3,4,3,50-59,Male
2300,IMM_4,1,4,3,50-59,Male
2300,IMM_10,3,4,3,50-59,Male
2300,IMM_6,1,4,3,50-59,Male
2300,IMM_7,2,4,3,50-59,Male
2300,IMM_9,2,4,3,50-59,Male
2300,IMM_3,3,4,3,50-59,Male
2300,IMM_8,3,4,3,50-59,Male
2300,IMM_5,2,4,3,50-59,Male
2300,IMM_2,3,4,3,50-59,Male
2302,IMM_1,4,4,5,50-59,Male
2302,IMM_6,1,4,5,50-59,Male
2302,IMM_5,3,4,5,50-59,Male
2302,IMM_9,2,4,5,50-59,Male
2302,IMM_4,1,4,5,50-59,Male
2302,IMM_3,1,4,5,50-59,Male
2302,IMM_7,3,4,5,50-59,Male
2302,IMM_10,3,4,5,50-59,Male
2302,IMM_8,1,4,5,50-59,Male
2302,IMM_2,0,4,5,50-59,Male
2304,IMM_7,0,4,3,60-69,Male
2304,IMM_4,3,4,3,60-69,Male
2304,IMM_2,1,4,3,60-69,Male
2304,IMM_8,4,4,3,60-69,Male
2304,IMM_3,1,4,3,60-69,Male
2304,IMM_10,4,4,3,60-69,Male
2304,IMM_5,2,4,3,60-69,Male
2304,IMM_9,4,4,3,60-69,Male
2304,IMM_1,0,4,3,60-69,Male
2304,IMM_6,4,4,3,60-69,Male
2308,IMM_8,3,4,1,60-69,Male
2308,IMM_1,1,4,1,60-69,Male
2308,IMM_4,2,4,1,60-69,Male
2308,IMM_2,3,4,1,60-69,Male
2308,IMM_7,1,4,1,60-69,Male
2308,IMM_6,3,4,1,60-69,Male
2308,IMM_9,2,4,1,60-69,Male
2308,IMM_3,3,4,1,60-69,Male
2308,IMM_5,1,4,1,60-69,Male
2308,IMM_10,3,4,1,60-69,Male
2309,IMM_8,1,4,2,70-79,Male
2309,IMM_1,4,4,2,70-79,Male
2309,IMM_9,3,4,2,70-79,Male
2309,IMM_2,0,4,2,70-79,Male
2309,IMM_5,4,4,2,70-79,Male
2309,IMM_3,0,4,2,70-79,Male
2309,IMM_4,0,4,2,70-79,Male
2309,IMM_6,3,4,2,70-79,Male
2309,IMM_10,1,4,2,70-79,Male
2309,IMM_7,4,4,2,70-79,Male
2315,IMM_8,0,4,7,70-79,Male
2315,IMM_4,0,4,7,70-79,Male
2315,IMM_1,4,4,7,70-79,Male
2315,IMM_6,0,4,7,70-79,Male
2315,IMM_9,0,4,7,70-79,Male
2315,IMM_7,2,4,7,70-79,Male
2315,IMM_10,0,4,7,70-79,Male
2315,IMM_3,0,4,7,70-79,Male
2315,IMM_5,4,4,7,70-79,Male
2315,IMM_2,3,4,7,70-79,Male
2322,IMM_2,1,4,5,70-79,Male
2322,IMM_8,1,4,5,70-79,Male
2322,IMM_1,3,4,5,70-79,Male
2322,IMM_4,3,4,5,70-79,Male
2322,IMM_9,2,4,5,70-79,Male
2322,IMM_10,3,4,5,70-79,Male
2322,IMM_6,3,4,5,70-79,Male
2322,IMM_3,0,4,5,70-79,Male
2322,IMM_5,4,4,5,70-79,Male
2322,IMM_7,2,4,5,70-79,Male
2324,IMM_5,0,4,2,70-79,Male
2324,IMM_8,4,4,2,70-79,Male
2324,IMM_9,4,4,2,70-79,Male
2324,IMM_10,4,4,2,70-79,Male
2324,IMM_4,0,4,2,70-79,Male
2324,IMM_6,4,4,2,70-79,Male
2324,IMM_3,4,4,2,70-79,Male
2324,IMM_7,0,4,2,70-79,Male
2324,IMM_2,0,4,2,70-79,Male
2324,IMM_1,0,4,2,70-79,Male
2328,IMM_1,2,4,6,80+,Male
2328,IMM_2,2,4,6,80+,Male
2328,IMM_7,1,4,6,80+,Male
2328,IMM_10,3,4,6,80+,Male
2328,IMM_6,2,4,6,80+,Male
2328,IMM_4,3,4,6,80+,Male
2328,IMM_9,3,4,6,80+,Male
2328,IMM_8,2,4,6,80+,Male
2328,IMM_5,2,4,6,80+,Male
2328,IMM_3,3,4,6,80+,Male
2329,IMM_1,0,4,3,70-79,Male
2329,IMM_6,4,4,3,70-79,Male
2329,IMM_5,0,4,3,70-79,Male
2329,IMM_9,4,4,3,70-79,Male
2329,IMM_10,4,4,3,70-79,Male
2329,IMM_8,3,4,3,70-79,Male
2329,IMM_3,4,4,3,70-79,Male
2329,IMM_7,1,4,3,70-79,Male
2329,IMM_4,1,4,3,70-79,Male
2329,IMM_2,3,4,3,70-79,Male
2331,IMM_6,3,4,1,70-79,Male
2331,IMM_3,4,4,1,70-79,Male
2331,IMM_7,1,4,1,70-79,Male
2331,IMM_5,2,4,1,70-79,Male
2331,IMM_2,3,4,1,70-79,Male
2331,IMM_4,3,4,1,70-79,Male
2331,IMM_8,4,4,1,70-79,Male
2331,IMM_1,1,4,1,70-79,Male
2331,IMM_9,2,4,1,70-79,Male
2331,IMM_10,3,4,1,70-79,Male
2332,IMM_6,4,4,3,70-79,Male
2332,IMM_2,4,4,3,70-79,Male
2332,IMM_5,0,4,3,70-79,Male
2332,IMM_10,3,4,3,70-79,Male
2332,IMM_3,4,4,3,70-79,Male
2332,IMM_1,0,4,3,70-79,Male
2332,IMM_8,3,4,3,70-79,Male
2332,IMM_7,0,4,3,70-79,Male
2332,IMM_4,0,4,3,70-79,Male
2332,IMM_9,4,4,3,70-79,Male
2336,IMM_9,2,4,2,50-59,Male
2336,IMM_2,3,4,2,50-59,Male
2336,IMM_6,3,4,2,50-59,Male
2336,IMM_10,2,4,2,50-59,Male
2336,IMM_3,4,4,2,50-59,Male
2336,IMM_8,2,4,2,50-59,Male
2336,IMM_5,0,4,2,50-59,Male
2336,IMM_4,1,4,2,50-59,Male
2336,IMM_1,0,4,2,50-59,Male
2336,IMM_7,0,4,2,50-59,Male
2341,IMM_1,1,4,6,60-69,Male
2341,IMM_2,3,4,6,60-69,Male
2341,IMM_7,0,4,6,60-69,Male
2341,IMM_9,3,4,6,60-69,Male
2341,IMM_8,4,4,6,60-69,Male
2341,IMM_6,1,4,6,60-69,Male
2341,IMM_10,2,4,6,60-69,Male
2341,IMM_5,0,4,6,60-69,Male
2341,IMM_3,4,4,6,60-69,Male
2341,IMM_4,1,4,6,60-69,Male
2343,IMM_4,0,4,5,40-49,Male
2343,IMM_8,3,4,5,40-49,Male
2343,IMM_6,1,4,5,40-49,Male
2343,IMM_7,2,4,5,40-49,Male
2343,IMM_2,1,4,5,40-49,Male
2343,IMM_9,2,4,5,40-49,Male
2343,IMM_10,3,4,5,40-49,Male
2343,IMM_1,4,4,5,40-49,Male
2343,IMM_5,2,4,5,40-49,Male
2343,IMM_3,0,4,5,40-49,Male
2344,IMM_7,4,4,7,60-69,Male
2344,IMM_2,0,4,7,60-69,Male
2344,IMM_4,3,4,7,60-69,Male
2344,IMM_1,4,4,7,60-69,Male
2344,IMM_3,0,4,7,60-69,Male
2344,IMM_5,1,4,7,60-69,Male
2344,IMM_10,1,4,7,60-69,Male
2344,IMM_8,0,4,7,60-69,Male
2344,IMM_9,1,4,7,60-69,Male
2344,IMM_6,0,4,7,60-69,Male
2352,IMM_9,1,4,1,50-59,Male
2352,IMM_2,3,4,1,50-59,Male
2352,IMM_3,2,4,1,50-59,Male
2352,IMM_7,3,4,1,50-59,Male
2352,IMM_6,1,4,1,50-59,Male
2352,IMM_8,4,4,1,50-59,Male
2352,IMM_10,3,4,1,50-59,Male
2352,IMM_4,3,4,1,50-59,Male
2352,IMM_1,2,4,1,50-59,Male
2352,IMM_5,2,4,1,50-59,Male
2353,IMM_7,0,4,5,50-59,Male
2353,IMM_3,3,4,5,50-59,Male
2353,IMM_5,3,4,5,50-59,Male
2353,IMM_4,4,4,5,50-59,Male
2353,IMM_1,0,4,5,50-59,Male
2353,IMM_10,4,4,5,50-59,Male
2353,IMM_8,4,4,5,50-59,Male
2353,IMM_2,0,4,5,50-59,Male
2353,IMM_6,4,4,5,50-59,Male
2353,IMM_9,4,4,5,50-59,Male
2357,IMM_3,3,4,2,40-49,Male
2357,IMM_9,3,4,2,40-49,Male
2357,IMM_4,3,4,2,40-49,Male
2357,IMM_7,1,4,2,40-49,Male
2357,IMM_5,2,4,2,40-49,Male
2357,IMM_8,2,4,2,40-49,Male
2357,IMM_6,2,4,2,40-49,Male
2357,IMM_10,2,4,2,40-49,Male
2357,IMM_2,1,4,2,40-49,Male
2357,IMM_1,1,4,2,40-49,Male
2358,IMM_10,3,4,6,40-49,Male
2358,IMM_8,4,4,6,40-49,Male
2358,IMM_4,3,4,6,40-49,Male
2358,IMM_5,2,4,6,40-49,Male
2358,IMM_6,4,4,6,40-49,Male
2358,IMM_2,4,4,6,40-49,Male
2358,IMM_7,1,4,6,40-49,Male
2358,IMM_3,2,4,6,40-49,Male
2358,IMM_9,3,4,6,40-49,Male
2358,IMM_1,0,4,6,40-49,Male
2359,IMM_2,2,4,3,70-79,Male
2359,IMM_9,3,4,3,70-79,Male
2359,IMM_1,0,4,3,70-79,Male
2359,IMM_10,3,4,3,70-79,Male
2359,IMM_7,0,4,3,70-79,Male
2359,IMM_5,1,4,3,70-79,Male
2359,IMM_4,1,4,3,70-79,Male
2359,IMM_6,3,4,3,70-79,Male
2359,IMM_8,1,4,3,70-79,Male
2359,IMM_3,4,4,3,70-79,Male
2360,IMM_1,4,4,3,60-69,Male
2360,IMM_6,2,4,3,60-69,Male
2360,IMM_5,4,4,3,60-69,Male
2360,IMM_8,1,4,3,60-69,Male
2360,IMM_7,4,4,3,60-69,Male
2360,IMM_2,0,4,3,60-69,Male
2360,IMM_9,2,4,3,60-69,Male
2360,IMM_10,2,4,3,60-69,Male
2360,IMM_4,0,4,3,60-69,Male
2360,IMM_3,0,4,3,60-69,Male
2361,IMM_1,3,4,5,50-59,Male
2361,IMM_6,3,4,5,50-59,Male
2361,IMM_7,3,4,5,50-59,Male
2361,IMM_10,3,4,5,50-59,Male
2361,IMM_9,3,4,5,50-59,Male
2361,IMM_8,1,4,5,50-59,Male
2361,IMM_2,4,4,5,50-59,Male
2361,IMM_5,3,4,5,50-59,Male
2361,IMM_4,2,4,5,50-59,Male
2361,IMM_3,1,4,5,50-59,Male
2364,IMM_9,2,4,5,50-59,Male
2364,IMM_2,4,4,5,50-59,Male
2364,IMM_8,4,4,5,50-59,Male
2364,IMM_5,2,4,5,50-59,Male
2364,IMM_10,4,4,5,50-59,Male
2364,IMM_1,1,4,5,50-59,Male
2364,IMM_3,2,4,5,50-59,Male
2364,IMM_7,3,4,5,50-59,Male
2364,IMM_6,4,4,5,50-59,Male
2364,IMM_4,1,4,5,50-59,Male
2366,IMM_8,3,4,6,60-69,Male
2366,IMM_7,2,4,6,60-69,Male
2366,IMM_10,3,4,6,60-69,Male
2366,IMM_1,3,4,6,60-69,Male
2366,IMM_5,3,4,6,60-69,Male
2366,IMM_4,1,4,6,60-69,Male
2366,IMM_9,2,4,6,60-69,Male
2366,IMM_3,1,4,6,60-69,Male
2366,IMM_6,1,4,6,60-69,Male
2366,IMM_2,0,4,6,60-69,Male
2371,IMM_7,2,4,3,40-49,Male
2371,IMM_9,4,4,3,40-49,Male
2371,IMM_10,4,4,3,40-49,Male
2371,IMM_3,0,4,3,40-49,Male
2371,IMM_4,0,4,3,40-49,Male
2371,IMM_8,3,4,3,40-49,Male
2371,IMM_5,4,4,3,40-49,Male
2371,IMM_2,4,4,3,40-49,Male
2371,IMM_6,4,4,3,40-49,Male
2371,IMM_1,1,4,3,40-49,Male
2372,IMM_6,3,4,3,30-39,Male
2372,IMM_5,1,4,3,30-39,Male
2372,IMM_3,3,4,3,30-39,Male
2372,IMM_8,3,4,3,30-39,Male
2372,IMM_1,0,4,3,30-39,Male
2372,IMM_4,2,4,3,30-39,Male
2372,IMM_10,2,4,3,30-39,Male
2372,IMM_9,2,4,3,30-39,Male
2372,IMM_7,0,4,3,30-39,Male
2372,IMM_2,3,4,3,30-39,Male
2385,IMM_7,2,4,3,40-49,Male
2385,IMM_9,2,4,3,40-49,Male
2385,IMM_5,1,4,3,40-49,Male
2385,IMM_8,2,4,3,40-49,Male
2385,IMM_2,2,4,3,40-49,Male
2385,IMM_3,4,4,3,40-49,Male
2385,IMM_1,2,4,3,40-49,Male
2385,IMM_6,2,4,3,40-49,Male
2385,IMM_4,2,4,3,40-49,Male
2385,IMM_10,1,4,3,40-49,Male
2386,IMM_6,3,4,2,30-39,Male
2386,IMM_3,3,4,2,30-39,Male
2386,IMM_7,0,4,2,30-39,Male
2386,IMM_8,3,4,2,30-39,Male
2386,IMM_4,2,4,2,30-39,Male
2386,IMM_10,2,4,2,30-39,Male
2386,IMM_9,3,4,2,30-39,Male
2386,IMM_5,1,4,2,30-39,Male
2386,IMM_1,1,4,2,30-39,Male
2386,IMM_2,2,4,2,30-39,Male
2389,IMM_2,2,4,1,60-69,Male
2389,IMM_3,1,4,1,60-69,Male
2389,IMM_9,2,4,1,60-69,Male
2389,IMM_4,1,4,1,60-69,Male
2389,IMM_5,1,4,1,60-69,Male
2389,IMM_10,3,4,1,60-69,Male
2389,IMM_8,3,4,1,60-69,Male
2389,IMM_7,2,4,1,60-69,Male
2389,IMM_6,1,4,1,60-69,Male
2389,IMM_1,2,4,1,60-69,Male
2390,IMM_10,3,4,5,50-59,Male
2390,IMM_8,3,4,5,50-59,Male
2390,IMM_2,4,4,5,50-59,Male
2390,IMM_5,3,4,5,50-59,Male
2390,IMM_1,3,4,5,50-59,Male
2390,IMM_4,3,4,5,50-59,Male
2390,IMM_9,2,4,5,50-59,Male
2390,IMM_7,2,4,5,50-59,Male
2390,IMM_6,3,4,5,50-59,Male
2390,IMM_3,0,4,5,50-59,Male
2395,IMM_4,1,4,2,70-79,Male
2395,IMM_10,1,4,2,70-79,Male
2395,IMM_7,3,4,2,70-79,Male
2395,IMM_8,1,4,2,70-79,Male
2395,IMM_1,3,4,2,70-79,Male
2395,IMM_9,4,4,2,70-79,Male
2395,IMM_6,1,4,2,70-79,Male
2395,IMM_3,3,4,2,70-79,Male
2395,IMM_2,3,4,2,70-79,Male
2395,IMM_5,3,4,2,70-79,Male
2405,IMM_3,0,4,4,70-79,Male
2405,IMM_10,1,4,4,70-79,Male
2405,IMM_2,1,4,4,70-79,Male
2405,IMM_7,3,4,4,70-79,Male
2405,IMM_4,1,4,4,70-79,Male
2405,IMM_6,0,4,4,70-79,Male
2405,IMM_1,3,4,4,70-79,Male
2405,IMM_5,1,4,4,70-79,Male
2405,IMM_9,3,4,4,70-79,Male
2405,IMM_8,0,4,4,70-79,Male
2417,IMM_3,4,4,3,40-49,Male
2417,IMM_7,2,4,3,40-49,Male
2417,IMM_1,4,4,3,40-49,Male
2417,IMM_2,0,4,3,40-49,Male
2417,IMM_4,0,4,3,40-49,Male
2417,IMM_10,0,4,3,40-49,Male
2417,IMM_9,2,4,3,40-49,Male
2417,IMM_6,0,4,3,40-49,Male
2417,IMM_8,4,4,3,40-49,Male
2417,IMM_5,0,4,3,40-49,Male
2418,IMM_6,3,4,1,30-39,Male
2418,IMM_4,4,4,1,30-39,Male
2418,IMM_8,2,4,1,30-39,Male
2418,IMM_10,2,4,1,30-39,Male
2418,IMM_1,4,4,1,30-39,Male
2418,IMM_9,2,4,1,30-39,Male
2418,IMM_5,3,4,1,30-39,Male
2418,IMM_7,4,4,1,30-39,Male
2418,IMM_2,4,4,1,30-39,Male
2418,IMM_3,1,4,1,30-39,Male
2421,IMM_3,4,4,1,80+,Male
2421,IMM_2,3,4,1,80+,Male
2421,IMM_6,3,4,1,80+,Male
2421,IMM_9,3,4,1,80+,Male
2421,IMM_5,0,4,1,80+,Male
2421,IMM_1,1,4,1,80+,Male
2421,IMM_4,0,4,1,80+,Male
2421,IMM_7,2,4,1,80+,Male
2421,IMM_10,2,4,1,80+,Male
2421,IMM_8,4,4,1,80+,Male
2426,IMM_2,3,4,1,50-59,Male
2426,IMM_9,4,4,1,50-59,Male
2426,IMM_6,3,4,1,50-59,Male
2426,IMM_10,3,4,1,50-59,Male
2426,IMM_3,3,4,1,50-59,Male
2426,IMM_7,1,4,1,50-59,Male
2426,IMM_5,1,4,1,50-59,Male
2426,IMM_8,3,4,1,50-59,Male
2426,IMM_4,3,4,1,50-59,Male
2426,IMM_1,1,4,1,50-59,Male
2430,IMM_6,2,4,1,60-69,Male
2430,IMM_4,1,4,1,60-69,Male
2430,IMM_1,4,4,1,60-69,Male
2430,IMM_10,3,4,1,60-69,Male
2430,IMM_5,2,4,1,60-69,Male
2430,IMM_2,3,4,1,60-69,Male
2430,IMM_8,2,4,1,60-69,Male
2430,IMM_7,3,4,1,60-69,Male
2430,IMM_3,0,4,1,60-69,Male
2430,IMM_9,2,4,1,60-69,Male
2434,IMM_3,3,4,3,60-69,Male
2434,IMM_7,0,4,3,60-69,Male
2434,IMM_8,2,4,3,60-69,Male
2434,IMM_10,2,4,3,60-69,Male
2434,IMM_1,1,4,3,60-69,Male
2434,IMM_5,0,4,3,60-69,Male
2434,IMM_2,2,4,3,60-69,Male
2434,IMM_4,2,4,3,60-69,Male
2434,IMM_9,3,4,3,60-69,Male
2434,IMM_6,2,4,3,60-69,Male
2435,IMM_8,3,4,6,50-59,Male
2435,IMM_10,2,4,6,50-59,Male
2435,IMM_7,2,4,6,50-59,Male
2435,IMM_5,3,4,6,50-59,Male
2435,IMM_9,4,4,6,50-59,Male
2435,IMM_2,2,4,6,50-59,Male
2435,IMM_4,2,4,6,50-59,Male
2435,IMM_1,2,4,6,50-59,Male
2435,IMM_3,1,4,6,50-59,Male
2435,IMM_6,3,4,6,50-59,Male
2436,IMM_9,4,4,2,60-69,Male
2436,IMM_2,1,4,2,60-69,Male
2436,IMM_6,4,4,2,60-69,Male
2436,IMM_7,0,4,2,60-69,Male
2436,IMM_3,4,4,2,60-69,Male
2436,IMM_4,4,4,2,60-69,Male
2436,IMM_1,0,4,2,60-69,Male
2436,IMM_8,3,4,2,60-69,Male
2436,IMM_10,4,4,2,60-69,Male
2436,IMM_5,3,4,2,60-69,Male
2443,IMM_8,1,4,5,60-69,Male
2443,IMM_5,3,4,5,60-69,Male
2443,IMM_1,3,4,5,60-69,Male
2443,IMM_7,2,4,5,60-69,Male
2443,IMM_6,3,4,5,60-69,Male
2443,IMM_9,3,4,5,60-69,Male
2443,IMM_2,1,4,5,60-69,Male
2443,IMM_4,1,4,5,60-69,Male
2443,IMM_3,1,4,5,60-69,Male
2443,IMM_10,4,4,5,60-69,Male
2444,IMM_2,4,4,5,40-49,Male
2444,IMM_5,3,4,5,40-49,Male
2444,IMM_7,1,4,5,40-49,Male
2444,IMM_6,3,4,5,40-49,Male
2444,IMM_9,3,4,5,40-49,Male
2444,IMM_3,4,4,5,40-49,Male
2444,IMM_1,1,4,5,40-49,Male
2444,IMM_10,4,4,5,40-49,Male
2444,IMM_8,4,4,5,40-49,Male
2444,IMM_4,2,4,5,40-49,Male
2450,IMM_10,4,4,6,60-69,Male
2450,IMM_5,1,4,6,60-69,Male
2450,IMM_1,0,4,6,60-69,Male
2450,IMM_9,3,4,6,60-69,Male
2450,IMM_6,4,4,6,60-69,Male
2450,IMM_7,0,4,6,60-69,Male
2450,IMM_2,4,4,6,60-69,Male
2450,IMM_8,4,4,6,60-69,Male
2450,IMM_4,0,4,6,60-69,Male
2450,IMM_3,4,4,6,60-69,Male
2453,IMM_6,3,4,3,30-39,Male
2453,IMM_10,4,4,3,30-39,Male
2453,IMM_8,4,4,3,30-39,Male
2453,IMM_4,2,4,3,30-39,Male
2453,IMM_7,2,4,3,30-39,Male
2453,IMM_2,3,4,3,30-39,Male
2453,IMM_5,3,4,3,30-39,Male
2453,IMM_9,4,4,3,30-39,Male
2453,IMM_1,0,4,3,30-39,Male
2453,IMM_3,3,4,3,30-39,Male
2455,IMM_5,4,4,2,60-69,Male
2455,IMM_10,0,4,2,60-69,Male
2455,IMM_3,0,4,2,60-69,Male
2455,IMM_8,0,4,2,60-69,Male
2455,IMM_2,0,4,2,60-69,Male
2455,IMM_1,4,4,2,60-69,Male
2455,IMM_7,4,4,2,60-69,Male
2455,IMM_6,0,4,2,60-69,Male
2455,IMM_4,4,4,2,60-69,Male
2455,IMM_9,2,4,2,60-69,Male
2462,IMM_2,3,4,5,40-49,Male
2462,IMM_7,3,4,5,40-49,Male
2462,IMM_3,4,4,5,40-49,Male
2462,IMM_1,3,4,5,40-49,Male
2462,IMM_9,1,4,5,40-49,Male
2462,IMM_4,4,4,5,40-49,Male
2462,IMM_5,0,4,5,40-49,Male
2462,IMM_8,0,4,5,40-49,Male
2462,IMM_10,1,4,5,40-49,Male
2462,IMM_6,0,4,5,40-49,Male
2465,IMM_3,4,4,1,18-29,Male
2465,IMM_1,0,4,1,18-29,Male
2465,IMM_8,3,4,1,18-29,Male
2465,IMM_10,0,4,1,18-29,Male
2465,IMM_7,2,4,1,18-29,Male
2465,IMM_9,2,4,1,18-29,Male
2465,IMM_6,2,4,1,18-29,Male
2465,IMM_5,2,4,1,18-29,Male
2465,IMM_4,2,4,1,18-29,Male
2465,IMM_2,2,4,1,18-29,Male
2466,IMM_8,3,4,3,18-29,Male
2466,IMM_9,2,4,3,18-29,Male
2466,IMM_2,4,4,3,18-29,Male
2466,IMM_6,4,4,3,18-29,Male
2466,IMM_7,2,4,3,18-29,Male
2466,IMM_1,1,4,3,18-29,Male
2466,IMM_3,2,4,3,18-29,Male
2466,IMM_4,3,4,3,18-29,Male
2466,IMM_5,3,4,3,18-29,Male
2466,IMM_10,2,4,3,18-29,Male
2468,IMM_2,3,4,3,40-49,Male
2468,IMM_6,3,4,3,40-49,Male
2468,IMM_8,1,4,3,40-49,Male
2468,IMM_10,3,4,3,40-49,Male
2468,IMM_7,2,4,3,40-49,Male
2468,IMM_3,3,4,3,40-49,Male
2468,IMM_5,1,4,3,40-49,Male
2468,IMM_4,2,4,3,40-49,Male
2468,IMM_1,2,4,3,40-49,Male
2468,IMM_9,3,4,3,40-49,Male
2475,IMM_3,4,4,2,50-59,Male
2475,IMM_8,3,4,2,50-59,Male
2475,IMM_9,3,4,2,50-59,Male
2475,IMM_7,1,4,2,50-59,Male
2475,IMM_5,0,4,2,50-59,Male
2475,IMM_1,1,4,2,50-59,Male
2475,IMM_4,1,4,2,50-59,Male
2475,IMM_10,4,4,2,50-59,Male
2475,IMM_6,3,4,2,50-59,Male
2475,IMM_2,3,4,2,50-59,Male
2492,IMM_10,4,4,3,60-69,Male
2492,IMM_5,1,4,3,60-69,Male
2492,IMM_7,0,4,3,60-69,Male
2492,IMM_6,3,4,3,60-69,Male
2492,IMM_9,3,4,3,60-69,Male
2492,IMM_1,1,4,3,60-69,Male
2492,IMM_8,3,4,3,60-69,Male
2492,IMM_3,1,4,3,60-69,Male
2492,IMM_2,2,4,3,60-69,Male
2492,IMM_4,2,4,3,60-69,Male
2494,IMM_7,1,4,7,40-49,Male
2494,IMM_6,3,4,7,40-49,Male
2494,IMM_4,1,4,7,40-49,Male
2494,IMM_2,1,4,7,40-49,Male
2494,IMM_9,4,4,7,40-49,Male
2494,IMM_10,3,4,7,40-49,Male
2494,IMM_1,4,4,7,40-49,Male
2494,IMM_5,4,4,7,40-49,Male
2494,IMM_8,3,4,7,40-49,Male
2494,IMM_3,1,4,7,40-49,Male
2498,IMM_8,2,4,3,60-69,Male
2498,IMM_4,1,4,3,60-69,Male
2498,IMM_9,4,4,3,60-69,Male
2498,IMM_5,0,4,3,60-69,Male
2498,IMM_6,4,4,3,60-69,Male
2498,IMM_2,4,4,3,60-69,Male
2498,IMM_1,0,4,3,60-69,Male
2498,IMM_7,0,4,3,60-69,Male
2498,IMM_10,4,4,3,60-69,Male
2498,IMM_3,4,4,3,60-69,Male
2499,IMM_10,3,4,3,30-39,Male
2499,IMM_6,3,4,3,30-39,Male
2499,IMM_8,1,4,3,30-39,Male
2499,IMM_3,0,4,3,30-39,Male
2499,IMM_5,0,4,3,30-39,Male
2499,IMM_4,0,4,3,30-39,Male
2499,IMM_9,4,4,3,30-39,Male
2499,IMM_1,4,4,3,30-39,Male
2499,IMM_7,1,4,3,30-39,Male
2499,IMM_2,1,4,3,30-39,Male
2501,IMM_3,4,4,3,30-39,Male
2501,IMM_7,0,4,3,30-39,Male
2501,IMM_10,4,4,3,30-39,Male
2501,IMM_2,3,4,3,30-39,Male
2501,IMM_5,0,4,3,30-39,Male
2501,IMM_4,3,4,3,30-39,Male
2501,IMM_1,1,4,3,30-39,Male
2501,IMM_6,4,4,3,30-39,Male
2501,IMM_9,4,4,3,30-39,Male
2501,IMM_8,1,4,3,30-39,Male
2504,IMM_1,1,4,3,60-69,Male
2504,IMM_9,2,4,3,60-69,Male
2504,IMM_5,1,4,3,60-69,Male
2504,IMM_3,2,4,3,60-69,Male
2504,IMM_6,2,4,3,60-69,Male
2504,IMM_4,2,4,3,60-69,Male
2504,IMM_7,1,4,3,60-69,Male
2504,IMM_2,1,4,3,60-69,Male
2504,IMM_10,1,4,3,60-69,Male
2504,IMM_8,3,4,3,60-69,Male
2507,IMM_9,2,4,2,30-39,Male
2507,IMM_6,3,4,2,30-39,Male
2507,IMM_2,0,4,2,30-39,Male
2507,IMM_3,4,4,2,30-39,Male
2507,IMM_4,1,4,2,30-39,Male
2507,IMM_5,0,4,2,30-39,Male
2507,IMM_7,1,4,2,30-39,Male
2507,IMM_8,3,4,2,30-39,Male
2507,IMM_1,1,4,2,30-39,Male
2507,IMM_10,2,4,2,30-39,Male
2514,IMM_4,0,4,5,40-49,Male
2514,IMM_5,2,4,5,40-49,Male
2514,IMM_7,2,4,5,40-49,Male
2514,IMM_2,3,4,5,40-49,Male
2514,IMM_8,1,4,5,40-49,Male
2514,IMM_3,0,4,5,40-49,Male
2514,IMM_9,1,4,5,40-49,Male
2514,IMM_1,2,4,5,40-49,Male
2514,IMM_10,3,4,5,40-49,Male
2514,IMM_6,3,4,5,40-49,Male
2518,IMM_10,3,4,3,60-69,Male
2518,IMM_6,3,4,3,60-69,Male
2518,IMM_4,1,4,3,60-69,Male
2518,IMM_3,3,4,3,60-69,Male
2518,IMM_7,0,4,3,60-69,Male
2518,IMM_5,1,4,3,60-69,Male
2518,IMM_8,4,4,3,60-69,Male
2518,IMM_1,2,4,3,60-69,Male
2518,IMM_2,3,4,3,60-69,Male
2518,IMM_9,3,4,3,60-69,Male
2524,IMM_8,3,4,2,40-49,Male
2524,IMM_7,0,4,2,40-49,Male
2524,IMM_4,1,4,2,40-49,Male
2524,IMM_2,3,4,2,40-49,Male
2524,IMM_3,1,4,2,40-49,Male
2524,IMM_9,3,4,2,40-49,Male
2524,IMM_6,2,4,2,40-49,Male
2524,IMM_5,4,4,2,40-49,Male
2524,IMM_1,3,4,2,40-49,Male
2525,IMM_10,3,4,5,40-49,Male
2525,IMM_2,2,4,5,40-49,Male
2525,IMM_4,0,4,5,40-49,Male
2525,IMM_5,0,4,5,40-49,Male
2525,IMM_6,3,4,5,40-49,Male
2525,IMM_7,0,4,5,40-49,Male
2525,IMM_8,3,4,5,40-49,Male
2525,IMM_3,4,4,5,40-49,Male
2525,IMM_1,1,4,5,40-49,Male
2525,IMM_9,2,4,5,40-49,Male
2530,IMM_6,0,4,5,30-39,Male
2530,IMM_2,3,4,5,30-39,Male
2530,IMM_4,1,4,5,30-39,Male
2530,IMM_9,0,4,5,30-39,Male
2530,IMM_1,3,4,5,30-39,Male
2530,IMM_10,0,4,5,30-39,Male
2530,IMM_5,0,4,5,30-39,Male
2530,IMM_8,3,4,5,30-39,Male
2530,IMM_7,0,4,5,30-39,Male
2530,IMM_3,2,4,5,30-39,Male
2532,IMM_9,2,4,4,50-59,Male
2532,IMM_8,2,4,4,50-59,Male
2532,IMM_7,3,4,4,50-59,Male
2532,IMM_5,1,4,4,50-59,Male
2532,IMM_2,3,4,4,50-59,Male
2532,IMM_6,2,4,4,50-59,Male
2532,IMM_1,2,4,4,50-59,Male
2532,IMM_3,3,4,4,50-59,Male
2532,IMM_10,2,4,4,50-59,Male
2532,IMM_4,2,4,4,50-59,Male
2534,IMM_1,4,4,5,50-59,Male
2534,IMM_5,4,4,5,50-59,Male
2534,IMM_9,2,4,5,50-59,Male
2534,IMM_2,0,4,5,50-59,Male
2534,IMM_10,2,4,5,50-59,Male
2534,IMM_3,0,4,5,50-59,Male
2534,IMM_8,0,4,5,50-59,Male
2534,IMM_6,4,4,5,50-59,Male
2534,IMM_4,0,4,5,50-59,Male
2534,IMM_7,2,4,5,50-59,Male
2536,IMM_2,2,4,3,30-39,Male
2536,IMM_7,2,4,3,30-39,Male
2536,IMM_6,2,4,3,30-39,Male
2536,IMM_10,1,4,3,30-39,Male
2536,IMM_1,3,4,3,30-39,Male
2536,IMM_8,3,4,3,30-39,Male
2536,IMM_3,4,4,3,30-39,Male
2536,IMM_4,1,4,3,30-39,Male
2536,IMM_5,1,4,3,30-39,Male
2536,IMM_9,3,4,3,30-39,Male
2537,IMM_7,3,4,3,18-29,Male
2537,IMM_1,3,4,3,18-29,Male
2537,IMM_10,4,4,3,18-29,Male
2537,IMM_8,1,4,3,18-29,Male
2537,IMM_2,2,4,3,18-29,Male
2537,IMM_9,3,4,3,18-29,Male
2537,IMM_5,1,4,3,18-29,Male
2537,IMM_6,2,4,3,18-29,Male
2537,IMM_4,1,4,3,18-29,Male
2537,IMM_3,4,4,3,18-29,Male
2540,IMM_2,2,4,3,30-39,Male
2540,IMM_10,2,4,3,30-39,Male
2540,IMM_8,2,4,3,30-39,Male
2540,IMM_9,2,4,3,30-39,Male
2540,IMM_5,4,4,3,30-39,Male
2540,IMM_7,0,4,3,30-39,Male
2540,IMM_4,2,4,3,30-39,Male
2540,IMM_3,4,4,3,30-39,Male
2540,IMM_6,2,4,3,30-39,Male
2540,IMM_1,2,4,3,30-39,Male
2545,IMM_9,0,4,2,40-49,Male
2545,IMM_8,4,4,2,40-49,Male
2545,IMM_6,1,4,2,40-49,Male
2545,IMM_3,1,4,2,40-49,Male
2545,IMM_5,2,4,2,40-49,Male
2545,IMM_2,4,4,2,40-49,Male
2545,IMM_7,2,4,2,40-49,Male
2545,IMM_1,2,4,2,40-49,Male
2545,IMM_4,2,4,2,40-49,Male
2545,IMM_10,1,4,2,40-49,Male
2546,IMM_9,2,4,5,18-29,Male
2546,IMM_1,3,4,5,18-29,Male
2546,IMM_7,4,4,5,18-29,Male
2546,IMM_5,2,4,5,18-29,Male
2546,IMM_3,1,4,5,18-29,Male
2546,IMM_10,3,4,5,18-29,Male
2546,IMM_4,4,4,5,18-29,Male
2546,IMM_8,3,4,5,18-29,Male
2546,IMM_2,4,4,5,18-29,Male
2546,IMM_6,2,4,5,18-29,Male
2556,IMM_3,4,4,2,50-59,Male
2556,IMM_7,0,4,2,50-59,Male
2556,IMM_6,1,4,2,50-59,Male
2556,IMM_5,0,4,2,50-59,Male
2556,IMM_9,2,4,2,50-59,Male
2556,IMM_10,3,4,2,50-59,Male
2556,IMM_8,3,4,2,50-59,Male
2556,IMM_4,3,4,2,50-59,Male
2556,IMM_1,2,4,2,50-59,Male
2556,IMM_2,3,4,2,50-59,Male
2563,IMM_6,3,4,3,18-29,Male
2563,IMM_1,1,4,3,18-29,Male
2563,IMM_4,1,4,3,18-29,Male
2563,IMM_10,3,4,3,18-29,Male
2563,IMM_5,1,4,3,18-29,Male
2563,IMM_8,3,4,3,18-29,Male
2563,IMM_7,1,4,3,18-29,Male
2563,IMM_2,3,4,3,18-29,Male
2563,IMM_9,2,4,3,18-29,Male
2563,IMM_3,3,4,3,18-29,Male
2564,IMM_3,4,4,1,50-59,Male
2564,IMM_1,0,4,1,50-59,Male
2564,IMM_4,2,4,1,50-59,Male
2564,IMM_9,3,4,1,50-59,Male
2564,IMM_8,4,4,1,50-59,Male
2564,IMM_5,0,4,1,50-59,Male
2564,IMM_7,0,4,1,50-59,Male
2564,IMM_2,3,4,1,50-59,Male
2564,IMM_10,4,4,1,50-59,Male
2564,IMM_6,3,4,1,50-59,Male
2567,IMM_8,4,4,1,50-59,Male
2567,IMM_7,0,4,1,50-59,Male
2567,IMM_5,0,4,1,50-59,Male
2567,IMM_6,2,4,1,50-59,Male
2567,IMM_9,2,4,1,50-59,Male
2567,IMM_3,4,4,1,50-59,Male
2567,IMM_10,4,4,1,50-59,Male
2567,IMM_1,0,4,1,50-59,Male
2567,IMM_4,0,4,1,50-59,Male
2567,IMM_2,2,4,1,50-59,Male
2575,IMM_7,0,4,3,50-59,Male
2575,IMM_6,4,4,3,50-59,Male
2575,IMM_1,1,4,3,50-59,Male
2575,IMM_10,4,4,3,50-59,Male
2575,IMM_9,4,4,3,50-59,Male
2575,IMM_4,1,4,3,50-59,Male
2575,IMM_5,0,4,3,50-59,Male
2575,IMM_8,4,4,3,50-59,Male
2575,IMM_2,2,4,3,50-59,Male
2575,IMM_3,4,4,3,50-59,Male
2577,IMM_9,1,4,5,18-29,Male
2577,IMM_3,1,4,5,18-29,Male
2577,IMM_7,2,4,5,18-29,Male
2577,IMM_8,4,4,5,18-29,Male
2577,IMM_1,1,4,5,18-29,Male
2577,IMM_10,2,4,5,18-29,Male
2577,IMM_6,2,4,5,18-29,Male
2577,IMM_4,3,4,5,18-29,Male
2577,IMM_2,2,4,5,18-29,Male
2577,IMM_5,2,4,5,18-29,Male
2581,IMM_2,3,4,1,40-49,Male
2581,IMM_4,1,4,1,40-49,Male
2581,IMM_3,3,4,1,40-49,Male
2581,IMM_9,2,4,1,40-49,Male
2581,IMM_6,3,4,1,40-49,Male
2581,IMM_1,1,4,1,40-49,Male
2581,IMM_5,4,4,1,40-49,Male
2581,IMM_8,2,4,1,40-49,Male
2581,IMM_7,1,4,1,40-49,Male
2581,IMM_10,3,4,1,40-49,Male
2584,IMM_4,3,4,3,50-59,Male
2584,IMM_7,3,4,3,50-59,Male
2584,IMM_9,2,4,3,50-59,Male
2584,IMM_2,4,4,3,50-59,Male
2584,IMM_3,2,4,3,50-59,Male
2584,IMM_10,2,4,3,50-59,Male
2584,IMM_5,3,4,3,50-59,Male
2584,IMM_6,2,4,3,50-59,Male
2584,IMM_8,2,4,3,50-59,Male
2584,IMM_1,1,4,3,50-59,Male
2589,IMM_3,1,4,6,60-69,Male
2589,IMM_7,2,4,6,60-69,Male
2589,IMM_4,2,4,6,60-69,Male
2589,IMM_9,3,4,6,60-69,Male
2589,IMM_8,1,4,6,60-69,Male
2589,IMM_6,1,4,6,60-69,Male
2589,IMM_10,1,4,6,60-69,Male
2589,IMM_1,3,4,6,60-69,Male
2589,IMM_2,2,4,6,60-69,Male
2589,IMM_5,4,4,6,60-69,Male
2596,IMM_8,3,4,7,40-49,Male
2596,IMM_6,3,4,7,40-49,Male
2596,IMM_10,0,4,7,40-49,Male
2596,IMM_3,0,4,7,40-49,Male
2596,IMM_2,3,4,7,40-49,Male
2596,IMM_4,1,4,7,40-49,Male
2596,IMM_9,0,4,7,40-49,Male
2596,IMM_1,3,4,7,40-49,Male
2596,IMM_7,4,4,7,40-49,Male
2596,IMM_5,4,4,7,40-49,Male
2602,IMM_3,4,4,2,18-29,Male
2602,IMM_7,1,4,2,18-29,Male
2602,IMM_4,2,4,2,18-29,Male
2602,IMM_5,2,4,2,18-29,Male
2602,IMM_9,2,4,2,18-29,Male
2602,IMM_6,2,4,2,18-29,Male
2602,IMM_1,2,4,2,18-29,Male
2602,IMM_8,4,4,2,18-29,Male
2602,IMM_10,4,4,2,18-29,Male
2602,IMM_2,4,4,2,18-29,Male
2607,IMM_8,3,4,4,40-49,Male
2607,IMM_4,2,4,4,40-49,Male
2607,IMM_2,3,4,4,40-49,Male
2607,IMM_5,0,4,4,40-49,Male
2607,IMM_6,1,4,4,40-49,Male
2607,IMM_7,0,4,4,40-49,Male
2607,IMM_3,4,4,4,40-49,Male
2607,IMM_9,1,4,4,40-49,Male
2607,IMM_1,1,4,4,40-49,Male
2607,IMM_10,3,4,4,40-49,Male
2608,IMM_8,1,4,4,60-69,Male
2608,IMM_6,4,4,4,60-69,Male
2608,IMM_9,4,4,4,60-69,Male
2608,IMM_5,4,4,4,60-69,Male
2608,IMM_2,4,4,4,60-69,Male
2608,IMM_4,0,4,4,60-69,Male
2608,IMM_7,2,4,4,60-69,Male
2608,IMM_1,1,4,4,60-69,Male
2608,IMM_3,0,4,4,60-69,Male
2608,IMM_10,1,4,4,60-69,Male
2616,IMM_6,3,4,2,40-49,Male
2616,IMM_9,3,4,2,40-49,Male
2616,IMM_10,1,4,2,40-49,Male
2616,IMM_5,0,4,2,40-49,Male
2616,IMM_7,0,4,2,40-49,Male
2616,IMM_1,1,4,2,40-49,Male
2616,IMM_8,1,4,2,40-49,Male
2616,IMM_4,1,4,2,40-49,Male
2616,IMM_3,1,4,2,40-49,Male
2616,IMM_2,1,4,2,40-49,Male
1,IMM_3,0,5,5,60-69,Male
1,IMM_5,4,5,5,60-69,Male
1,IMM_7,3,5,5,60-69,Male
1,IMM_1,3,5,5,60-69,Male
1,IMM_6,2,5,5,60-69,Male
1,IMM_2,1,5,5,60-69,Male
1,IMM_8,1,5,5,60-69,Male
1,IMM_10,1,5,5,60-69,Male
1,IMM_9,2,5,5,60-69,Male
1,IMM_4,1,5,5,60-69,Male
9,IMM_7,1,5,6,50-59,Male
9,IMM_9,3,5,6,50-59,Male
9,IMM_8,1,5,6,50-59,Male
9,IMM_2,0,5,6,50-59,Male
9,IMM_1,0,5,6,50-59,Male
9,IMM_6,1,5,6,50-59,Male
9,IMM_3,4,5,6,50-59,Male
9,IMM_5,3,5,6,50-59,Male
9,IMM_4,1,5,6,50-59,Male
9,IMM_10,3,5,6,50-59,Male
15,IMM_6,0,5,7,60-69,Female
15,IMM_7,2,5,7,60-69,Female
15,IMM_8,3,5,7,60-69,Female
15,IMM_4,1,5,7,60-69,Female
15,IMM_1,4,5,7,60-69,Female
15,IMM_3,0,5,7,60-69,Female
15,IMM_2,1,5,7,60-69,Female
15,IMM_5,3,5,7,60-69,Female
15,IMM_9,0,5,7,60-69,Female
15,IMM_10,3,5,7,60-69,Female
20,IMM_4,4,5,5,30-39,Male
20,IMM_6,4,5,5,30-39,Male
20,IMM_9,0,5,5,30-39,Male
20,IMM_2,4,5,5,30-39,Male
20,IMM_8,4,5,5,30-39,Male
20,IMM_1,4,5,5,30-39,Male
20,IMM_7,4,5,5,30-39,Male
20,IMM_3,0,5,5,30-39,Male
20,IMM_10,0,5,5,30-39,Male
20,IMM_5,4,5,5,30-39,Male
40,IMM_2,4,5,5,30-39,Female
40,IMM_7,2,5,5,30-39,Female
40,IMM_5,1,5,5,30-39,Female
40,IMM_9,3,5,5,30-39,Female
40,IMM_3,4,5,5,30-39,Female
40,IMM_1,3,5,5,30-39,Female
40,IMM_4,2,5,5,30-39,Female
40,IMM_8,3,5,5,30-39,Female
40,IMM_6,3,5,5,30-39,Female
40,IMM_10,4,5,5,30-39,Female
54,IMM_8,3,5,3,30-39,Male
54,IMM_9,2,5,3,30-39,Male
54,IMM_7,2,5,3,30-39,Male
54,IMM_3,1,5,3,30-39,Male
54,IMM_10,3,5,3,30-39,Male
54,IMM_6,2,5,3,30-39,Male
54,IMM_1,2,5,3,30-39,Male
54,IMM_5,2,5,3,30-39,Male
54,IMM_4,2,5,3,30-39,Male
54,IMM_2,2,5,3,30-39,Male
61,IMM_3,1,5,7,18-29,Female
61,IMM_7,3,5,7,18-29,Female
61,IMM_4,3,5,7,18-29,Female
61,IMM_2,4,5,7,18-29,Female
61,IMM_6,4,5,7,18-29,Female
61,IMM_9,3,5,7,18-29,Female
61,IMM_1,4,5,7,18-29,Female
61,IMM_8,4,5,7,18-29,Female
61,IMM_5,4,5,7,18-29,Female
61,IMM_10,3,5,7,18-29,Female
99,IMM_5,1,5,6,40-49,Male
99,IMM_6,2,5,6,40-49,Male
99,IMM_9,2,5,6,40-49,Male
99,IMM_7,3,5,6,40-49,Male
99,IMM_2,2,5,6,40-49,Male
99,IMM_4,0,5,6,40-49,Male
99,IMM_3,0,5,6,40-49,Male
99,IMM_8,4,5,6,40-49,Male
99,IMM_10,2,5,6,40-49,Male
99,IMM_1,4,5,6,40-49,Male
109,IMM_6,1,5,6,40-49,Female
109,IMM_7,3,5,6,40-49,Female
109,IMM_10,3,5,6,40-49,Female
109,IMM_1,3,5,6,40-49,Female
109,IMM_9,1,5,6,40-49,Female
109,IMM_5,4,5,6,40-49,Female
109,IMM_2,3,5,6,40-49,Female
109,IMM_3,0,5,6,40-49,Female
109,IMM_8,1,5,6,40-49,Female
109,IMM_4,3,5,6,40-49,Female
115,IMM_4,1,5,5,30-39,Female
115,IMM_10,4,5,5,30-39,Female
115,IMM_8,4,5,5,30-39,Female
115,IMM_9,4,5,5,30-39,Female
115,IMM_2,4,5,5,30-39,Female
115,IMM_6,4,5,5,30-39,Female
115,IMM_3,4,5,5,30-39,Female
115,IMM_5,0,5,5,30-39,Female
115,IMM_1,0,5,5,30-39,Female
115,IMM_7,0,5,5,30-39,Female
116,IMM_3,0,5,5,50-59,Female
116,IMM_4,1,5,5,50-59,Female
116,IMM_1,1,5,5,50-59,Female
116,IMM_5,3,5,5,50-59,Female
116,IMM_6,1,5,5,50-59,Female
116,IMM_8,3,5,5,50-59,Female
116,IMM_7,2,5,5,50-59,Female
116,IMM_10,1,5,5,50-59,Female
116,IMM_2,2,5,5,50-59,Female
116,IMM_9,0,5,5,50-59,Female
143,IMM_8,3,5,5,70-79,Male
143,IMM_5,3,5,5,70-79,Male
143,IMM_6,1,5,5,70-79,Male
143,IMM_10,3,5,5,70-79,Male
143,IMM_4,1,5,5,70-79,Male
143,IMM_2,3,5,5,70-79,Male
143,IMM_3,0,5,5,70-79,Male
143,IMM_9,2,5,5,70-79,Male
143,IMM_7,2,5,5,70-79,Male
143,IMM_1,1,5,5,70-79,Male
148,IMM_1,3,5,5,18-29,Male
148,IMM_5,3,5,5,18-29,Male
148,IMM_2,4,5,5,18-29,Male
148,IMM_4,1,5,5,18-29,Male
148,IMM_9,3,5,5,18-29,Male
148,IMM_7,1,5,5,18-29,Male
148,IMM_8,4,5,5,18-29,Male
148,IMM_3,0,5,5,18-29,Male
148,IMM_10,2,5,5,18-29,Male
148,IMM_6,4,5,5,18-29,Male
151,IMM_9,2,5,5,18-29,Male
151,IMM_5,2,5,5,18-29,Male
151,IMM_10,2,5,5,18-29,Male
151,IMM_3,4,5,5,18-29,Male
151,IMM_8,3,5,5,18-29,Male
151,IMM_7,1,5,5,18-29,Male
151,IMM_6,3,5,5,18-29,Male
151,IMM_2,3,5,5,18-29,Male
151,IMM_4,3,5,5,18-29,Male
151,IMM_1,1,5,5,18-29,Male
156,IMM_8,3,5,2,30-39,Female
156,IMM_9,3,5,2,30-39,Female
156,IMM_3,3,5,2,30-39,Female
156,IMM_10,3,5,2,30-39,Female
156,IMM_4,1,5,2,30-39,Female
156,IMM_2,3,5,2,30-39,Female
156,IMM_7,1,5,2,30-39,Female
156,IMM_5,0,5,2,30-39,Female
156,IMM_1,0,5,2,30-39,Female
156,IMM_6,3,5,2,30-39,Female
169,IMM_9,4,5,3,30-39,Male
169,IMM_4,3,5,3,30-39,Male
169,IMM_8,4,5,3,30-39,Male
169,IMM_5,2,5,3,30-39,Male
169,IMM_3,2,5,3,30-39,Male
169,IMM_7,2,5,3,30-39,Male
169,IMM_1,0,5,3,30-39,Male
169,IMM_2,4,5,3,30-39,Male
169,IMM_6,3,5,3,30-39,Male
169,IMM_10,2,5,3,30-39,Male
220,IMM_6,4,5,1,18-29,Male
220,IMM_10,3,5,1,18-29,Male
220,IMM_3,4,5,1,18-29,Male
220,IMM_7,0,5,1,18-29,Male
220,IMM_8,4,5,1,18-29,Male
220,IMM_9,4,5,1,18-29,Male
220,IMM_2,1,5,1,18-29,Male
220,IMM_1,4,5,1,18-29,Male
220,IMM_4,0,5,1,18-29,Male
220,IMM_5,0,5,1,18-29,Male
230,IMM_8,1,5,5,60-69,Male
230,IMM_3,1,5,5,60-69,Male
230,IMM_4,1,5,5,60-69,Male
230,IMM_1,2,5,5,60-69,Male
230,IMM_7,2,5,5,60-69,Male
230,IMM_5,2,5,5,60-69,Male
230,IMM_10,2,5,5,60-69,Male
230,IMM_9,3,5,5,60-69,Male
230,IMM_6,3,5,5,60-69,Male
230,IMM_2,3,5,5,60-69,Male
236,IMM_2,1,5,6,70-79,Female
236,IMM_8,1,5,6,70-79,Female
236,IMM_10,0,5,6,70-79,Female
236,IMM_5,2,5,6,70-79,Female
236,IMM_6,0,5,6,70-79,Female
236,IMM_7,3,5,6,70-79,Female
236,IMM_9,2,5,6,70-79,Female
236,IMM_1,4,5,6,70-79,Female
236,IMM_4,3,5,6,70-79,Female
236,IMM_3,0,5,6,70-79,Female
240,IMM_10,3,5,5,40-49,Female
240,IMM_3,0,5,5,40-49,Female
240,IMM_9,4,5,5,40-49,Female
240,IMM_6,0,5,5,40-49,Female
240,IMM_7,0,5,5,40-49,Female
240,IMM_5,1,5,5,40-49,Female
240,IMM_2,3,5,5,40-49,Female
240,IMM_8,3,5,5,40-49,Female
240,IMM_1,1,5,5,40-49,Female
240,IMM_4,0,5,5,40-49,Female
245,IMM_5,2,5,6,60-69,Male
245,IMM_1,1,5,6,60-69,Male
245,IMM_8,3,5,6,60-69,Male
245,IMM_7,0,5,6,60-69,Male
245,IMM_6,3,5,6,60-69,Male
245,IMM_10,3,5,6,60-69,Male
245,IMM_9,3,5,6,60-69,Male
245,IMM_4,1,5,6,60-69,Male
245,IMM_3,3,5,6,60-69,Male
245,IMM_2,3,5,6,60-69,Male
258,IMM_6,2,5,2,30-39,Male
258,IMM_2,3,5,2,30-39,Male
258,IMM_4,4,5,2,30-39,Male
258,IMM_9,4,5,2,30-39,Male
258,IMM_1,1,5,2,30-39,Male
258,IMM_8,3,5,2,30-39,Male
258,IMM_10,3,5,2,30-39,Male
258,IMM_5,3,5,2,30-39,Male
258,IMM_7,2,5,2,30-39,Male
258,IMM_3,3,5,2,30-39,Male
261,IMM_5,1,5,6,30-39,Female
261,IMM_9,1,5,6,30-39,Female
261,IMM_3,4,5,6,30-39,Female
261,IMM_6,3,5,6,30-39,Female
261,IMM_1,1,5,6,30-39,Female
261,IMM_8,3,5,6,30-39,Female
261,IMM_7,2,5,6,30-39,Female
261,IMM_2,3,5,6,30-39,Female
261,IMM_10,2,5,6,30-39,Female
261,IMM_4,1,5,6,30-39,Female
269,IMM_2,3,5,5,30-39,Female
269,IMM_4,2,5,5,30-39,Female
269,IMM_7,1,5,5,30-39,Female
269,IMM_5,1,5,5,30-39,Female
269,IMM_3,4,5,5,30-39,Female
269,IMM_6,2,5,5,30-39,Female
269,IMM_1,1,5,5,30-39,Female
269,IMM_8,3,5,5,30-39,Female
269,IMM_10,1,5,5,30-39,Female
269,IMM_9,3,5,5,30-39,Female
273,IMM_1,1,5,6,18-29,Female
273,IMM_6,2,5,6,18-29,Female
273,IMM_9,1,5,6,18-29,Female
273,IMM_8,3,5,6,18-29,Female
273,IMM_4,3,5,6,18-29,Female
273,IMM_10,1,5,6,18-29,Female
273,IMM_7,3,5,6,18-29,Female
273,IMM_2,3,5,6,18-29,Female
273,IMM_3,1,5,6,18-29,Female
273,IMM_5,2,5,6,18-29,Female
287,IMM_3,1,5,5,30-39,Female
287,IMM_10,3,5,5,30-39,Female
287,IMM_8,3,5,5,30-39,Female
287,IMM_9,3,5,5,30-39,Female
287,IMM_2,2,5,5,30-39,Female
287,IMM_7,2,5,5,30-39,Female
287,IMM_6,2,5,5,30-39,Female
287,IMM_1,1,5,5,30-39,Female
287,IMM_4,1,5,5,30-39,Female
287,IMM_5,2,5,5,30-39,Female
289,IMM_1,4,5,5,50-59,Female
289,IMM_7,3,5,5,50-59,Female
289,IMM_8,0,5,5,50-59,Female
289,IMM_10,3,5,5,50-59,Female
289,IMM_9,3,5,5,50-59,Female
289,IMM_2,0,5,5,50-59,Female
289,IMM_3,0,5,5,50-59,Female
289,IMM_6,1,5,5,50-59,Female
289,IMM_4,0,5,5,50-59,Female
289,IMM_5,4,5,5,50-59,Female
300,IMM_10,4,5,1,60-69,Female
300,IMM_8,1,5,1,60-69,Female
300,IMM_3,4,5,1,60-69,Female
300,IMM_2,2,5,1,60-69,Female
300,IMM_6,4,5,1,60-69,Female
300,IMM_4,0,5,1,60-69,Female
300,IMM_7,0,5,1,60-69,Female
300,IMM_1,0,5,1,60-69,Female
300,IMM_5,0,5,1,60-69,Female
300,IMM_9,0,5,1,60-69,Female
309,IMM_6,4,5,3,30-39,Male
309,IMM_7,4,5,3,30-39,Male
309,IMM_5,4,5,3,30-39,Male
309,IMM_10,3,5,3,30-39,Male
309,IMM_9,1,5,3,30-39,Male
309,IMM_8,4,5,3,30-39,Male
309,IMM_3,0,5,3,30-39,Male
309,IMM_1,4,5,3,30-39,Male
309,IMM_2,3,5,3,30-39,Male
309,IMM_4,3,5,3,30-39,Male
323,IMM_2,3,5,2,40-49,Female
323,IMM_8,3,5,2,40-49,Female
323,IMM_4,2,5,2,40-49,Female
323,IMM_3,3,5,2,40-49,Female
323,IMM_10,0,5,2,40-49,Female
323,IMM_9,4,5,2,40-49,Female
323,IMM_1,0,5,2,40-49,Female
323,IMM_5,2,5,2,40-49,Female
323,IMM_6,1,5,2,40-49,Female
323,IMM_7,2,5,2,40-49,Female
332,IMM_7,3,5,5,70-79,Male
332,IMM_9,2,5,5,70-79,Male
332,IMM_8,3,5,5,70-79,Male
332,IMM_5,2,5,5,70-79,Male
332,IMM_2,3,5,5,70-79,Male
332,IMM_4,2,5,5,70-79,Male
332,IMM_3,0,5,5,70-79,Male
332,IMM_6,2,5,5,70-79,Male
332,IMM_1,2,5,5,70-79,Male
332,IMM_10,2,5,5,70-79,Male
359,IMM_4,1,5,5,50-59,Female
359,IMM_10,1,5,5,50-59,Female
359,IMM_6,1,5,5,50-59,Female
359,IMM_5,4,5,5,50-59,Female
359,IMM_3,3,5,5,50-59,Female
359,IMM_2,1,5,5,50-59,Female
359,IMM_9,4,5,5,50-59,Female
359,IMM_7,0,5,5,50-59,Female
359,IMM_1,3,5,5,50-59,Female
359,IMM_8,3,5,5,50-59,Female
364,IMM_8,3,5,5,18-29,Male
364,IMM_10,0,5,5,18-29,Male
364,IMM_6,4,5,5,18-29,Male
364,IMM_2,4,5,5,18-29,Male
364,IMM_9,4,5,5,18-29,Male
364,IMM_7,4,5,5,18-29,Male
364,IMM_3,0,5,5,18-29,Male
364,IMM_1,4,5,5,18-29,Male
364,IMM_5,0,5,5,18-29,Male
364,IMM_4,0,5,5,18-29,Male
367,IMM_10,0,5,5,70-79,Female
367,IMM_3,0,5,5,70-79,Female
367,IMM_7,3,5,5,70-79,Female
367,IMM_1,4,5,5,70-79,Female
367,IMM_4,0,5,5,70-79,Female
367,IMM_8,0,5,5,70-79,Female
367,IMM_2,0,5,5,70-79,Female
367,IMM_5,0,5,5,70-79,Female
367,IMM_6,0,5,5,70-79,Female
367,IMM_9,2,5,5,70-79,Female
379,IMM_5,3,5,5,80+,Female
379,IMM_9,3,5,5,80+,Female
379,IMM_1,4,5,5,80+,Female
379,IMM_6,3,5,5,80+,Female
379,IMM_7,1,5,5,80+,Female
379,IMM_4,1,5,5,80+,Female
379,IMM_3,0,5,5,80+,Female
379,IMM_10,1,5,5,80+,Female
379,IMM_8,2,5,5,80+,Female
379,IMM_2,3,5,5,80+,Female
413,IMM_2,2,5,6,18-29,Female
413,IMM_9,3,5,6,18-29,Female
413,IMM_10,1,5,6,18-29,Female
413,IMM_6,0,5,6,18-29,Female
413,IMM_5,2,5,6,18-29,Female
413,IMM_4,2,5,6,18-29,Female
413,IMM_1,0,5,6,18-29,Female
413,IMM_8,4,5,6,18-29,Female
413,IMM_7,1,5,6,18-29,Female
413,IMM_3,1,5,6,18-29,Female
440,IMM_7,0,5,2,18-29,Male
440,IMM_2,3,5,2,18-29,Male
440,IMM_3,3,5,2,18-29,Male
440,IMM_4,2,5,2,18-29,Male
440,IMM_9,3,5,2,18-29,Male
440,IMM_5,1,5,2,18-29,Male
440,IMM_8,3,5,2,18-29,Male
440,IMM_1,1,5,2,18-29,Male
440,IMM_10,3,5,2,18-29,Male
440,IMM_6,3,5,2,18-29,Male
445,IMM_7,1,5,5,40-49,Male
445,IMM_10,3,5,5,40-49,Male
445,IMM_1,3,5,5,40-49,Male
445,IMM_8,3,5,5,40-49,Male
445,IMM_6,1,5,5,40-49,Male
445,IMM_5,3,5,5,40-49,Male
445,IMM_3,0,5,5,40-49,Male
445,IMM_2,3,5,5,40-49,Male
445,IMM_4,1,5,5,40-49,Male
445,IMM_9,2,5,5,40-49,Male
447,IMM_10,2,5,6,40-49,Male
447,IMM_4,1,5,6,40-49,Male
447,IMM_9,0,5,6,40-49,Male
447,IMM_3,0,5,6,40-49,Male
447,IMM_5,2,5,6,40-49,Male
447,IMM_2,0,5,6,40-49,Male
447,IMM_1,4,5,6,40-49,Male
447,IMM_8,0,5,6,40-49,Male
447,IMM_7,1,5,6,40-49,Male
447,IMM_6,3,5,6,40-49,Male
456,IMM_9,3,5,6,60-69,Male
456,IMM_6,2,5,6,60-69,Male
456,IMM_5,2,5,6,60-69,Male
456,IMM_1,3,5,6,60-69,Male
456,IMM_10,1,5,6,60-69,Male
456,IMM_7,2,5,6,60-69,Male
456,IMM_3,2,5,6,60-69,Male
456,IMM_2,3,5,6,60-69,Male
456,IMM_4,1,5,6,60-69,Male
456,IMM_8,3,5,6,60-69,Male
471,IMM_8,4,5,2,18-29,Male
471,IMM_6,4,5,2,18-29,Male
471,IMM_7,1,5,2,18-29,Male
471,IMM_1,1,5,2,18-29,Male
471,IMM_2,4,5,2,18-29,Male
471,IMM_10,4,5,2,18-29,Male
471,IMM_5,2,5,2,18-29,Male
471,IMM_9,2,5,2,18-29,Male
471,IMM_3,1,5,2,18-29,Male
471,IMM_4,3,5,2,18-29,Male
483,IMM_7,2,5,2,40-49,Male
483,IMM_1,2,5,2,40-49,Male
483,IMM_10,2,5,2,40-49,Male
483,IMM_5,1,5,2,40-49,Male
483,IMM_6,3,5,2,40-49,Male
483,IMM_2,3,5,2,40-49,Male
483,IMM_9,2,5,2,40-49,Male
483,IMM_4,2,5,2,40-49,Male
483,IMM_3,3,5,2,40-49,Male
483,IMM_8,3,5,2,40-49,Male
513,IMM_6,3,5,6,30-39,Male
513,IMM_10,2,5,6,30-39,Male
513,IMM_7,1,5,6,30-39,Male
513,IMM_5,0,5,6,30-39,Male
513,IMM_4,1,5,6,30-39,Male
513,IMM_1,1,5,6,30-39,Male
513,IMM_3,4,5,6,30-39,Male
513,IMM_8,2,5,6,30-39,Male
513,IMM_9,3,5,6,30-39,Male
513,IMM_2,1,5,6,30-39,Male
557,IMM_1,4,5,2,30-39,Male
557,IMM_6,1,5,2,30-39,Male
557,IMM_5,3,5,2,30-39,Male
557,IMM_7,3,5,2,30-39,Male
557,IMM_10,3,5,2,30-39,Male
557,IMM_9,4,5,2,30-39,Male
557,IMM_8,3,5,2,30-39,Male
557,IMM_3,0,5,2,30-39,Male
557,IMM_4,4,5,2,30-39,Male
557,IMM_2,3,5,2,30-39,Male
559,IMM_7,3,5,6,60-69,Female
559,IMM_6,1,5,6,60-69,Female
559,IMM_4,1,5,6,60-69,Female
559,IMM_5,3,5,6,60-69,Female
559,IMM_3,1,5,6,60-69,Female
559,IMM_9,2,5,6,60-69,Female
559,IMM_8,1,5,6,60-69,Female
559,IMM_2,1,5,6,60-69,Female
559,IMM_10,2,5,6,60-69,Female
559,IMM_1,4,5,6,60-69,Female
573,IMM_10,3,5,6,40-49,Female
573,IMM_3,1,5,6,40-49,Female
573,IMM_8,3,5,6,40-49,Female
573,IMM_2,4,5,6,40-49,Female
573,IMM_5,2,5,6,40-49,Female
573,IMM_1,1,5,6,40-49,Female
573,IMM_9,2,5,6,40-49,Female
573,IMM_4,3,5,6,40-49,Female
573,IMM_6,3,5,6,40-49,Female
573,IMM_7,2,5,6,40-49,Female
575,IMM_9,3,5,6,60-69,Female
575,IMM_7,3,5,6,60-69,Female
575,IMM_4,2,5,6,60-69,Female
575,IMM_5,3,5,6,60-69,Female
575,IMM_2,1,5,6,60-69,Female
575,IMM_8,4,5,6,60-69,Female
575,IMM_1,3,5,6,60-69,Female
575,IMM_10,3,5,6,60-69,Female
575,IMM_3,1,5,6,60-69,Female
575,IMM_6,2,5,6,60-69,Female
577,IMM_5,2,5,7,30-39,Female
577,IMM_7,2,5,7,30-39,Female
577,IMM_6,3,5,7,30-39,Female
577,IMM_10,1,5,7,30-39,Female
577,IMM_9,4,5,7,30-39,Female
577,IMM_2,2,5,7,30-39,Female
577,IMM_4,1,5,7,30-39,Female
577,IMM_3,3,5,7,30-39,Female
577,IMM_1,4,5,7,30-39,Female
577,IMM_8,1,5,7,30-39,Female
590,IMM_8,3,5,6,18-29,Female
590,IMM_10,2,5,6,18-29,Female
590,IMM_9,2,5,6,18-29,Female
590,IMM_5,3,5,6,18-29,Female
590,IMM_1,1,5,6,18-29,Female
590,IMM_6,3,5,6,18-29,Female
590,IMM_3,1,5,6,18-29,Female
590,IMM_7,2,5,6,18-29,Female
590,IMM_2,2,5,6,18-29,Female
590,IMM_4,2,5,6,18-29,Female
607,IMM_7,1,5,2,40-49,Female
607,IMM_6,2,5,2,40-49,Female
607,IMM_9,3,5,2,40-49,Female
607,IMM_4,2,5,2,40-49,Female
607,IMM_5,1,5,2,40-49,Female
607,IMM_8,3,5,2,40-49,Female
607,IMM_10,2,5,2,40-49,Female
607,IMM_3,4,5,2,40-49,Female
607,IMM_1,1,5,2,40-49,Female
607,IMM_2,2,5,2,40-49,Female
622,IMM_7,2,5,5,30-39,Female
622,IMM_2,3,5,5,30-39,Female
622,IMM_1,1,5,5,30-39,Female
622,IMM_3,1,5,5,30-39,Female
622,IMM_8,4,5,5,30-39,Female
622,IMM_10,1,5,5,30-39,Female
622,IMM_6,1,5,5,30-39,Female
622,IMM_4,2,5,5,30-39,Female
622,IMM_9,3,5,5,30-39,Female
622,IMM_5,1,5,5,30-39,Female
623,IMM_4,1,5,5,18-29,Male
623,IMM_10,3,5,5,18-29,Male
623,IMM_8,2,5,5,18-29,Male
623,IMM_5,0,5,5,18-29,Male
623,IMM_3,4,5,5,18-29,Male
623,IMM_7,1,5,5,18-29,Male
623,IMM_9,4,5,5,18-29,Male
623,IMM_6,4,5,5,18-29,Male
623,IMM_2,2,5,5,18-29,Male
623,IMM_1,0,5,5,18-29,Male
731,IMM_3,3,5,5,18-29,Male
731,IMM_10,1,5,5,18-29,Male
731,IMM_5,1,5,5,18-29,Male
731,IMM_8,3,5,5,18-29,Male
731,IMM_6,3,5,5,18-29,Male
731,IMM_9,2,5,5,18-29,Male
731,IMM_4,3,5,5,18-29,Male
731,IMM_1,1,5,5,18-29,Male
731,IMM_7,3,5,5,18-29,Male
731,IMM_2,3,5,5,18-29,Male
745,IMM_10,3,5,7,50-59,Female
745,IMM_4,3,5,7,50-59,Female
745,IMM_2,2,5,7,50-59,Female
745,IMM_8,3,5,7,50-59,Female
745,IMM_5,4,5,7,50-59,Female
745,IMM_7,2,5,7,50-59,Female
745,IMM_6,3,5,7,50-59,Female
745,IMM_9,3,5,7,50-59,Female
745,IMM_3,0,5,7,50-59,Female
745,IMM_1,3,5,7,50-59,Female
796,IMM_4,4,5,7,40-49,Female
796,IMM_8,2,5,7,40-49,Female
796,IMM_10,3,5,7,40-49,Female
796,IMM_9,1,5,7,40-49,Female
796,IMM_6,2,5,7,40-49,Female
796,IMM_2,1,5,7,40-49,Female
796,IMM_3,0,5,7,40-49,Female
796,IMM_5,1,5,7,40-49,Female
796,IMM_7,2,5,7,40-49,Female
796,IMM_1,4,5,7,40-49,Female
807,IMM_1,0,5,6,30-39,Female
807,IMM_10,2,5,6,30-39,Female
807,IMM_9,3,5,6,30-39,Female
807,IMM_8,4,5,6,30-39,Female
807,IMM_7,2,5,6,30-39,Female
807,IMM_5,1,5,6,30-39,Female
807,IMM_3,1,5,6,30-39,Female
807,IMM_6,3,5,6,30-39,Female
807,IMM_2,1,5,6,30-39,Female
807,IMM_4,1,5,6,30-39,Female
838,IMM_1,4,5,2,50-59,Male
838,IMM_3,1,5,2,50-59,Male
838,IMM_10,1,5,2,50-59,Male
838,IMM_7,4,5,2,50-59,Male
838,IMM_2,1,5,2,50-59,Male
838,IMM_4,1,5,2,50-59,Male
838,IMM_5,2,5,2,50-59,Male
838,IMM_8,3,5,2,50-59,Male
838,IMM_9,1,5,2,50-59,Male
838,IMM_6,2,5,2,50-59,Male
843,IMM_2,2,5,5,40-49,Female
843,IMM_6,4,5,5,40-49,Female
843,IMM_10,3,5,5,40-49,Female
843,IMM_9,4,5,5,40-49,Female
843,IMM_8,2,5,5,40-49,Female
843,IMM_3,4,5,5,40-49,Female
843,IMM_7,1,5,5,40-49,Female
843,IMM_5,0,5,5,40-49,Female
843,IMM_1,1,5,5,40-49,Female
843,IMM_4,2,5,5,40-49,Female
857,IMM_5,3,5,6,30-39,Female
857,IMM_6,4,5,6,30-39,Female
857,IMM_10,2,5,6,30-39,Female
857,IMM_2,3,5,6,30-39,Female
857,IMM_4,2,5,6,30-39,Female
857,IMM_7,4,5,6,30-39,Female
857,IMM_1,4,5,6,30-39,Female
857,IMM_8,4,5,6,30-39,Female
857,IMM_3,0,5,6,30-39,Female
857,IMM_9,1,5,6,30-39,Female
858,IMM_10,0,5,6,50-59,Female
858,IMM_5,2,5,6,50-59,Female
858,IMM_8,0,5,6,50-59,Female
858,IMM_7,4,5,6,50-59,Female
858,IMM_6,0,5,6,50-59,Female
858,IMM_1,4,5,6,50-59,Female
858,IMM_3,0,5,6,50-59,Female
858,IMM_4,0,5,6,50-59,Female
858,IMM_9,0,5,6,50-59,Female
858,IMM_2,0,5,6,50-59,Female
867,IMM_4,0,5,6,50-59,Female
867,IMM_3,0,5,6,50-59,Female
867,IMM_2,3,5,6,50-59,Female
867,IMM_6,0,5,6,50-59,Female
867,IMM_7,3,5,6,50-59,Female
867,IMM_5,3,5,6,50-59,Female
867,IMM_10,2,5,6,50-59,Female
867,IMM_8,1,5,6,50-59,Female
867,IMM_1,0,5,6,50-59,Female
867,IMM_9,0,5,6,50-59,Female
869,IMM_5,3,5,6,50-59,Female
869,IMM_8,0,5,6,50-59,Female
869,IMM_1,4,5,6,50-59,Female
869,IMM_10,1,5,6,50-59,Female
869,IMM_4,1,5,6,50-59,Female
869,IMM_7,1,5,6,50-59,Female
869,IMM_6,1,5,6,50-59,Female
869,IMM_2,1,5,6,50-59,Female
869,IMM_9,0,5,6,50-59,Female
869,IMM_3,0,5,6,50-59,Female
870,IMM_8,4,5,3,60-69,Female
870,IMM_5,0,5,3,60-69,Female
870,IMM_4,3,5,3,60-69,Female
870,IMM_10,3,5,3,60-69,Female
870,IMM_1,1,5,3,60-69,Female
870,IMM_3,4,5,3,60-69,Female
870,IMM_9,3,5,3,60-69,Female
870,IMM_2,3,5,3,60-69,Female
870,IMM_6,3,5,3,60-69,Female
870,IMM_7,0,5,3,60-69,Female
875,IMM_3,1,5,6,50-59,Female
875,IMM_9,2,5,6,50-59,Female
875,IMM_10,1,5,6,50-59,Female
875,IMM_1,3,5,6,50-59,Female
875,IMM_8,3,5,6,50-59,Female
875,IMM_2,3,5,6,50-59,Female
875,IMM_7,1,5,6,50-59,Female
875,IMM_6,1,5,6,50-59,Female
875,IMM_4,1,5,6,50-59,Female
875,IMM_5,2,5,6,50-59,Female
885,IMM_6,1,5,5,40-49,Male
885,IMM_3,0,5,5,40-49,Male
885,IMM_1,4,5,5,40-49,Male
885,IMM_10,2,5,5,40-49,Male
885,IMM_9,2,5,5,40-49,Male
885,IMM_7,2,5,5,40-49,Male
885,IMM_8,4,5,5,40-49,Male
885,IMM_5,4,5,5,40-49,Male
885,IMM_2,3,5,5,40-49,Male
885,IMM_4,1,5,5,40-49,Male
898,IMM_1,2,5,6,18-29,Male
898,IMM_5,2,5,6,18-29,Male
898,IMM_8,4,5,6,18-29,Male
898,IMM_7,3,5,6,18-29,Male
898,IMM_10,2,5,6,18-29,Male
898,IMM_9,2,5,6,18-29,Male
898,IMM_4,3,5,6,18-29,Male
898,IMM_2,1,5,6,18-29,Male
898,IMM_6,2,5,6,18-29,Male
898,IMM_3,4,5,6,18-29,Male
903,IMM_7,3,5,5,50-59,Female
903,IMM_5,3,5,5,50-59,Female
903,IMM_1,2,5,5,50-59,Female
903,IMM_2,3,5,5,50-59,Female
903,IMM_4,3,5,5,50-59,Female
903,IMM_6,1,5,5,50-59,Female
903,IMM_8,4,5,5,50-59,Female
903,IMM_3,0,5,5,50-59,Female
903,IMM_9,1,5,5,50-59,Female
903,IMM_10,0,5,5,50-59,Female
905,IMM_8,1,5,7,50-59,Female
905,IMM_10,3,5,7,50-59,Female
905,IMM_2,4,5,7,50-59,Female
905,IMM_5,2,5,7,50-59,Female
905,IMM_7,2,5,7,50-59,Female
905,IMM_1,4,5,7,50-59,Female
905,IMM_6,3,5,7,50-59,Female
905,IMM_3,0,5,7,50-59,Female
905,IMM_4,0,5,7,50-59,Female
905,IMM_9,1,5,7,50-59,Female
909,IMM_9,2,5,5,30-39,Female
909,IMM_8,2,5,5,30-39,Female
909,IMM_6,3,5,5,30-39,Female
909,IMM_5,1,5,5,30-39,Female
909,IMM_10,1,5,5,30-39,Female
909,IMM_4,2,5,5,30-39,Female
909,IMM_2,3,5,5,30-39,Female
909,IMM_7,1,5,5,30-39,Female
909,IMM_3,4,5,5,30-39,Female
909,IMM_1,1,5,5,30-39,Female
913,IMM_2,3,5,7,50-59,Female
913,IMM_8,3,5,7,50-59,Female
913,IMM_1,4,5,7,50-59,Female
913,IMM_9,1,5,7,50-59,Female
913,IMM_5,1,5,7,50-59,Female
913,IMM_10,2,5,7,50-59,Female
913,IMM_7,1,5,7,50-59,Female
913,IMM_4,0,5,7,50-59,Female
913,IMM_6,0,5,7,50-59,Female
913,IMM_3,0,5,7,50-59,Female
916,IMM_2,3,5,6,70-79,Female
916,IMM_10,3,5,6,70-79,Female
916,IMM_5,1,5,6,70-79,Female
916,IMM_1,2,5,6,70-79,Female
916,IMM_7,0,5,6,70-79,Female
916,IMM_6,3,5,6,70-79,Female
916,IMM_9,4,5,6,70-79,Female
916,IMM_4,1,5,6,70-79,Female
916,IMM_8,2,5,6,70-79,Female
916,IMM_3,1,5,6,70-79,Female
948,IMM_9,1,5,1,70-79,Female
948,IMM_3,2,5,1,70-79,Female
948,IMM_1,3,5,1,70-79,Female
948,IMM_6,3,5,1,70-79,Female
948,IMM_8,3,5,1,70-79,Female
948,IMM_7,0,5,1,70-79,Female
948,IMM_5,0,5,1,70-79,Female
948,IMM_10,1,5,1,70-79,Female
948,IMM_4,1,5,1,70-79,Female
948,IMM_2,3,5,1,70-79,Female
962,IMM_5,1,5,6,50-59,Female
962,IMM_7,3,5,6,50-59,Female
962,IMM_10,1,5,6,50-59,Female
962,IMM_3,1,5,6,50-59,Female
962,IMM_9,3,5,6,50-59,Female
962,IMM_4,1,5,6,50-59,Female
962,IMM_1,1,5,6,50-59,Female
962,IMM_8,3,5,6,50-59,Female
962,IMM_2,3,5,6,50-59,Female
962,IMM_6,3,5,6,50-59,Female
984,IMM_1,1,5,6,30-39,Female
984,IMM_9,3,5,6,30-39,Female
984,IMM_6,1,5,6,30-39,Female
984,IMM_3,2,5,6,30-39,Female
984,IMM_8,3,5,6,30-39,Female
984,IMM_5,1,5,6,30-39,Female
984,IMM_2,2,5,6,30-39,Female
984,IMM_4,2,5,6,30-39,Female
984,IMM_10,3,5,6,30-39,Female
984,IMM_7,1,5,6,30-39,Female
997,IMM_3,3,5,5,30-39,Female
997,IMM_9,2,5,5,30-39,Female
997,IMM_10,2,5,5,30-39,Female
997,IMM_5,3,5,5,30-39,Female
997,IMM_1,1,5,5,30-39,Female
997,IMM_8,4,5,5,30-39,Female
997,IMM_6,1,5,5,30-39,Female
997,IMM_4,2,5,5,30-39,Female
997,IMM_2,2,5,5,30-39,Female
997,IMM_7,0,5,5,30-39,Female
1001,IMM_4,2,5,5,30-39,Female
1001,IMM_10,1,5,5,30-39,Female
1001,IMM_7,2,5,5,30-39,Female
1001,IMM_2,3,5,5,30-39,Female
1001,IMM_5,1,5,5,30-39,Female
1001,IMM_8,3,5,5,30-39,Female
1001,IMM_3,2,5,5,30-39,Female
1001,IMM_6,3,5,5,30-39,Female
1001,IMM_1,1,5,5,30-39,Female
1001,IMM_9,2,5,5,30-39,Female
1016,IMM_9,1,5,2,30-39,Female
1016,IMM_2,3,5,2,30-39,Female
1016,IMM_8,1,5,2,30-39,Female
1016,IMM_1,1,5,2,30-39,Female
1016,IMM_3,4,5,2,30-39,Female
1016,IMM_7,0,5,2,30-39,Female
1016,IMM_5,3,5,2,30-39,Female
1016,IMM_6,1,5,2,30-39,Female
1016,IMM_10,1,5,2,30-39,Female
1016,IMM_4,3,5,2,30-39,Female
1022,IMM_3,1,5,5,60-69,Female
1022,IMM_9,3,5,5,60-69,Female
1022,IMM_10,2,5,5,60-69,Female
1022,IMM_4,3,5,5,60-69,Female
1022,IMM_7,2,5,5,60-69,Female
1022,IMM_2,3,5,5,60-69,Female
1022,IMM_1,1,5,5,60-69,Female
1022,IMM_8,3,5,5,60-69,Female
1022,IMM_6,2,5,5,60-69,Female
1022,IMM_5,3,5,5,60-69,Female
1026,IMM_7,4,5,7,30-39,Female
1026,IMM_6,4,5,7,30-39,Female
1026,IMM_10,3,5,7,30-39,Female
1026,IMM_9,4,5,7,30-39,Female
1026,IMM_8,4,5,7,30-39,Female
1026,IMM_1,4,5,7,30-39,Female
1026,IMM_5,2,5,7,30-39,Female
1026,IMM_2,2,5,7,30-39,Female
1026,IMM_3,0,5,7,30-39,Female
1026,IMM_4,4,5,7,30-39,Female
1034,IMM_4,0,5,5,18-29,Female
1034,IMM_5,1,5,5,18-29,Female
1034,IMM_8,4,5,5,18-29,Female
1034,IMM_3,1,5,5,18-29,Female
1034,IMM_2,4,5,5,18-29,Female
1034,IMM_9,2,5,5,18-29,Female
1034,IMM_6,4,5,5,18-29,Female
1034,IMM_1,1,5,5,18-29,Female
1034,IMM_7,3,5,5,18-29,Female
1034,IMM_10,1,5,5,18-29,Female
1035,IMM_10,4,5,3,40-49,Male
1035,IMM_7,1,5,3,40-49,Male
1035,IMM_4,1,5,3,40-49,Male
1035,IMM_2,4,5,3,40-49,Male
1035,IMM_1,3,5,3,40-49,Male
1035,IMM_5,1,5,3,40-49,Male
1035,IMM_3,4,5,3,40-49,Male
1035,IMM_9,2,5,3,40-49,Male
1035,IMM_8,1,5,3,40-49,Male
1035,IMM_6,4,5,3,40-49,Male
1038,IMM_7,3,5,6,40-49,Female
1038,IMM_3,0,5,6,40-49,Female
1038,IMM_1,3,5,6,40-49,Female
1038,IMM_5,3,5,6,40-49,Female
1038,IMM_8,3,5,6,40-49,Female
1038,IMM_9,1,5,6,40-49,Female
1038,IMM_6,1,5,6,40-49,Female
1038,IMM_4,1,5,6,40-49,Female
1038,IMM_2,3,5,6,40-49,Female
1038,IMM_10,1,5,6,40-49,Female
1061,IMM_7,4,5,7,70-79,Female
1061,IMM_3,0,5,7,70-79,Female
1061,IMM_4,1,5,7,70-79,Female
1061,IMM_1,4,5,7,70-79,Female
1061,IMM_9,4,5,7,70-79,Female
1061,IMM_2,3,5,7,70-79,Female
1061,IMM_8,0,5,7,70-79,Female
1061,IMM_10,0,5,7,70-79,Female
1061,IMM_6,0,5,7,70-79,Female
1061,IMM_5,4,5,7,70-79,Female
1065,IMM_8,4,5,5,70-79,Male
1065,IMM_6,0,5,5,70-79,Male
1065,IMM_5,2,5,5,70-79,Male
1065,IMM_3,0,5,5,70-79,Male
1065,IMM_2,4,5,5,70-79,Male
1065,IMM_10,1,5,5,70-79,Male
1065,IMM_1,3,5,5,70-79,Male
1065,IMM_7,2,5,5,70-79,Male
1065,IMM_4,1,5,5,70-79,Male
1065,IMM_9,1,5,5,70-79,Male
1082,IMM_2,3,5,2,40-49,Female
1082,IMM_9,2,5,2,40-49,Female
1082,IMM_3,4,5,2,40-49,Female
1082,IMM_7,0,5,2,40-49,Female
1082,IMM_10,3,5,2,40-49,Female
1082,IMM_1,2,5,2,40-49,Female
1082,IMM_5,0,5,2,40-49,Female
1082,IMM_4,0,5,2,40-49,Female
1082,IMM_8,2,5,2,40-49,Female
1082,IMM_6,3,5,2,40-49,Female
1083,IMM_9,3,5,6,60-69,Male
1083,IMM_1,1,5,6,60-69,Male
1083,IMM_6,4,5,6,60-69,Male
1083,IMM_5,3,5,6,60-69,Male
1083,IMM_3,1,5,6,60-69,Male
1083,IMM_7,1,5,6,60-69,Male
1083,IMM_10,4,5,6,60-69,Male
1083,IMM_2,4,5,6,60-69,Male
1083,IMM_4,3,5,6,60-69,Male
1083,IMM_8,4,5,6,60-69,Male
1098,IMM_1,3,5,5,50-59,Female
1098,IMM_2,1,5,5,50-59,Female
1098,IMM_6,3,5,5,50-59,Female
1098,IMM_5,2,5,5,50-59,Female
1098,IMM_10,4,5,5,50-59,Female
1098,IMM_3,3,5,5,50-59,Female
1098,IMM_9,3,5,5,50-59,Female
1098,IMM_4,3,5,5,50-59,Female
1098,IMM_7,2,5,5,50-59,Female
1098,IMM_8,1,5,5,50-59,Female
1128,IMM_4,3,5,6,30-39,Female
1128,IMM_3,1,5,6,30-39,Female
1128,IMM_1,1,5,6,30-39,Female
1128,IMM_2,2,5,6,30-39,Female
1128,IMM_8,3,5,6,30-39,Female
1128,IMM_9,1,5,6,30-39,Female
1128,IMM_7,3,5,6,30-39,Female
1128,IMM_10,2,5,6,30-39,Female
1128,IMM_5,1,5,6,30-39,Female
1128,IMM_6,2,5,6,30-39,Female
1134,IMM_2,3,5,6,50-59,Female
1134,IMM_6,3,5,6,50-59,Female
1134,IMM_3,0,5,6,50-59,Female
1134,IMM_8,3,5,6,50-59,Female
1134,IMM_7,1,5,6,50-59,Female
1134,IMM_5,1,5,6,50-59,Female
1134,IMM_9,3,5,6,50-59,Female
1134,IMM_4,1,5,6,50-59,Female
1134,IMM_1,3,5,6,50-59,Female
1134,IMM_10,3,5,6,50-59,Female
1142,IMM_3,1,5,5,40-49,Female
1142,IMM_4,2,5,5,40-49,Female
1142,IMM_2,2,5,5,40-49,Female
1142,IMM_10,2,5,5,40-49,Female
1142,IMM_9,2,5,5,40-49,Female
1142,IMM_6,2,5,5,40-49,Female
1142,IMM_8,1,5,5,40-49,Female
1142,IMM_7,2,5,5,40-49,Female
1142,IMM_5,2,5,5,40-49,Female
1142,IMM_1,3,5,5,40-49,Female
1157,IMM_1,3,5,7,30-39,Female
1157,IMM_5,3,5,7,30-39,Female
1157,IMM_4,1,5,7,30-39,Female
1157,IMM_9,2,5,7,30-39,Female
1157,IMM_10,0,5,7,30-39,Female
1157,IMM_8,1,5,7,30-39,Female
1157,IMM_2,4,5,7,30-39,Female
1157,IMM_7,3,5,7,30-39,Female
1157,IMM_3,0,5,7,30-39,Female
1157,IMM_6,1,5,7,30-39,Female
1178,IMM_1,1,5,6,50-59,Male
1178,IMM_2,3,5,6,50-59,Male
1178,IMM_9,4,5,6,50-59,Male
1178,IMM_8,3,5,6,50-59,Male
1178,IMM_3,4,5,6,50-59,Male
1178,IMM_5,1,5,6,50-59,Male
1178,IMM_10,3,5,6,50-59,Male
1178,IMM_6,3,5,6,50-59,Male
1178,IMM_7,2,5,6,50-59,Male
1178,IMM_4,1,5,6,50-59,Male
1191,IMM_1,3,5,5,30-39,Male
1191,IMM_3,0,5,5,30-39,Male
1191,IMM_6,2,5,5,30-39,Male
1191,IMM_4,1,5,5,30-39,Male
1191,IMM_10,0,5,5,30-39,Male
1191,IMM_2,4,5,5,30-39,Male
1191,IMM_8,3,5,5,30-39,Male
1191,IMM_9,0,5,5,30-39,Male
1191,IMM_7,3,5,5,30-39,Male
1191,IMM_5,3,5,5,30-39,Male
1198,IMM_1,3,5,7,18-29,Female
1198,IMM_2,3,5,7,18-29,Female
1198,IMM_9,3,5,7,18-29,Female
1198,IMM_8,3,5,7,18-29,Female
1198,IMM_4,1,5,7,18-29,Female
1198,IMM_6,1,5,7,18-29,Female
1198,IMM_7,1,5,7,18-29,Female
1198,IMM_3,0,5,7,18-29,Female
1198,IMM_10,3,5,7,18-29,Female
1198,IMM_5,1,5,7,18-29,Female
1208,IMM_8,3,5,5,30-39,Female
1208,IMM_5,1,5,5,30-39,Female
1208,IMM_10,3,5,5,30-39,Female
1208,IMM_7,0,5,5,30-39,Female
1208,IMM_1,0,5,5,30-39,Female
1208,IMM_2,1,5,5,30-39,Female
1208,IMM_9,3,5,5,30-39,Female
1208,IMM_6,3,5,5,30-39,Female
1208,IMM_3,4,5,5,30-39,Female
1208,IMM_4,2,5,5,30-39,Female
1209,IMM_2,1,5,6,18-29,Female
1209,IMM_6,3,5,6,18-29,Female
1209,IMM_9,3,5,6,18-29,Female
1209,IMM_7,1,5,6,18-29,Female
1209,IMM_5,0,5,6,18-29,Female
1209,IMM_8,1,5,6,18-29,Female
1209,IMM_4,2,5,6,18-29,Female
1209,IMM_10,3,5,6,18-29,Female
1209,IMM_3,3,5,6,18-29,Female
1209,IMM_1,1,5,6,18-29,Female
1244,IMM_6,3,5,6,18-29,Female
1244,IMM_8,2,5,6,18-29,Female
1244,IMM_4,3,5,6,18-29,Female
1244,IMM_1,2,5,6,18-29,Female
1244,IMM_5,1,5,6,18-29,Female
1244,IMM_7,1,5,6,18-29,Female
1244,IMM_9,1,5,6,18-29,Female
1244,IMM_3,4,5,6,18-29,Female
1244,IMM_10,3,5,6,18-29,Female
1244,IMM_2,1,5,6,18-29,Female
1262,IMM_7,3,5,5,50-59,Female
1262,IMM_2,3,5,5,50-59,Female
1262,IMM_10,3,5,5,50-59,Female
1262,IMM_1,1,5,5,50-59,Female
1262,IMM_6,4,5,5,50-59,Female
1262,IMM_4,3,5,5,50-59,Female
1262,IMM_9,4,5,5,50-59,Female
1262,IMM_5,4,5,5,50-59,Female
1262,IMM_3,1,5,5,50-59,Female
1262,IMM_8,3,5,5,50-59,Female
1289,IMM_5,1,5,7,40-49,Female
1289,IMM_7,2,5,7,40-49,Female
1289,IMM_9,0,5,7,40-49,Female
1289,IMM_1,4,5,7,40-49,Female
1289,IMM_6,4,5,7,40-49,Female
1289,IMM_8,0,5,7,40-49,Female
1289,IMM_2,4,5,7,40-49,Female
1289,IMM_3,0,5,7,40-49,Female
1289,IMM_10,3,5,7,40-49,Female
1289,IMM_4,0,5,7,40-49,Female
1290,IMM_9,1,5,6,30-39,Female
1290,IMM_1,3,5,6,30-39,Female
1290,IMM_2,4,5,6,30-39,Female
1290,IMM_6,1,5,6,30-39,Female
1290,IMM_8,1,5,6,30-39,Female
1290,IMM_7,0,5,6,30-39,Female
1290,IMM_3,1,5,6,30-39,Female
1290,IMM_4,2,5,6,30-39,Female
1290,IMM_5,2,5,6,30-39,Female
1290,IMM_10,1,5,6,30-39,Female
1294,IMM_6,3,5,5,18-29,Female
1294,IMM_5,0,5,5,18-29,Female
1294,IMM_9,3,5,5,18-29,Female
1294,IMM_4,1,5,5,18-29,Female
1294,IMM_1,0,5,5,18-29,Female
1294,IMM_3,1,5,5,18-29,Female
1294,IMM_7,1,5,5,18-29,Female
1294,IMM_10,1,5,5,18-29,Female
1294,IMM_8,3,5,5,18-29,Female
1294,IMM_2,1,5,5,18-29,Female
1296,IMM_5,2,5,5,60-69,Male
1296,IMM_3,3,5,5,60-69,Male
1296,IMM_2,3,5,5,60-69,Male
1296,IMM_9,2,5,5,60-69,Male
1296,IMM_4,3,5,5,60-69,Male
1296,IMM_10,3,5,5,60-69,Male
1296,IMM_7,1,5,5,60-69,Male
1296,IMM_1,2,5,5,60-69,Male
1296,IMM_8,3,5,5,60-69,Male
1296,IMM_6,3,5,5,60-69,Male
1308,IMM_8,3,5,5,30-39,Female
1308,IMM_2,3,5,5,30-39,Female
1308,IMM_3,2,5,5,30-39,Female
1308,IMM_9,2,5,5,30-39,Female
1308,IMM_1,3,5,5,30-39,Female
1308,IMM_6,3,5,5,30-39,Female
1308,IMM_10,2,5,5,30-39,Female
1308,IMM_7,1,5,5,30-39,Female
1308,IMM_4,2,5,5,30-39,Female
1308,IMM_5,2,5,5,30-39,Female
1311,IMM_2,2,5,2,18-29,Female
1311,IMM_6,3,5,2,18-29,Female
1311,IMM_4,2,5,2,18-29,Female
1311,IMM_3,4,5,2,18-29,Female
1311,IMM_1,0,5,2,18-29,Female
1311,IMM_9,2,5,2,18-29,Female
1311,IMM_8,3,5,2,18-29,Female
1311,IMM_7,2,5,2,18-29,Female
1311,IMM_10,3,5,2,18-29,Female
1311,IMM_5,2,5,2,18-29,Female
1317,IMM_5,2,5,5,18-29,Female
1317,IMM_9,3,5,5,18-29,Female
1317,IMM_6,3,5,5,18-29,Female
1317,IMM_7,2,5,5,18-29,Female
1317,IMM_1,1,5,5,18-29,Female
1317,IMM_8,3,5,5,18-29,Female
1317,IMM_10,3,5,5,18-29,Female
1317,IMM_3,2,5,5,18-29,Female
1317,IMM_4,3,5,5,18-29,Female
1317,IMM_2,4,5,5,18-29,Female
1318,IMM_9,3,5,2,30-39,Female
1318,IMM_1,2,5,2,30-39,Female
1318,IMM_8,3,5,2,30-39,Female
1318,IMM_10,3,5,2,30-39,Female
1318,IMM_7,1,5,2,30-39,Female
1318,IMM_4,2,5,2,30-39,Female
1318,IMM_5,4,5,2,30-39,Female
1318,IMM_2,3,5,2,30-39,Female
1318,IMM_3,1,5,2,30-39,Female
1318,IMM_6,4,5,2,30-39,Female
1338,IMM_9,3,5,6,50-59,Male
1338,IMM_6,0,5,6,50-59,Male
1338,IMM_8,1,5,6,50-59,Male
1338,IMM_10,0,5,6,50-59,Male
1338,IMM_1,4,5,6,50-59,Male
1338,IMM_2,0,5,6,50-59,Male
1338,IMM_7,0,5,6,50-59,Male
1338,IMM_5,3,5,6,50-59,Male
1338,IMM_3,1,5,6,50-59,Male
1338,IMM_4,1,5,6,50-59,Male
1343,IMM_1,2,5,5,18-29,Male
1343,IMM_7,2,5,5,18-29,Male
1343,IMM_6,2,5,5,18-29,Male
1343,IMM_8,2,5,5,18-29,Male
1343,IMM_10,2,5,5,18-29,Male
1343,IMM_9,1,5,5,18-29,Male
1343,IMM_3,1,5,5,18-29,Male
1343,IMM_2,2,5,5,18-29,Male
1343,IMM_5,3,5,5,18-29,Male
1343,IMM_4,2,5,5,18-29,Male
1394,IMM_10,1,5,6,18-29,Female
1394,IMM_7,1,5,6,18-29,Female
1394,IMM_3,3,5,6,18-29,Female
1394,IMM_1,3,5,6,18-29,Female
1394,IMM_5,1,5,6,18-29,Female
1394,IMM_9,2,5,6,18-29,Female
1394,IMM_4,2,5,6,18-29,Female
1394,IMM_2,1,5,6,18-29,Female
1394,IMM_6,1,5,6,18-29,Female
1394,IMM_8,1,5,6,18-29,Female
1415,IMM_3,1,5,2,18-29,Male
1415,IMM_5,3,5,2,18-29,Male
1415,IMM_4,1,5,2,18-29,Male
1415,IMM_8,3,5,2,18-29,Male
1415,IMM_7,3,5,2,18-29,Male
1415,IMM_6,3,5,2,18-29,Male
1415,IMM_2,3,5,2,18-29,Male
1415,IMM_9,1,5,2,18-29,Male
1415,IMM_1,3,5,2,18-29,Male
1415,IMM_10,0,5,2,18-29,Male
1424,IMM_9,0,5,6,70-79,Male
1424,IMM_4,3,5,6,70-79,Male
1424,IMM_1,0,5,6,70-79,Male
1424,IMM_3,0,5,6,70-79,Male
1424,IMM_6,0,5,6,70-79,Male
1424,IMM_8,3,5,6,70-79,Male
1424,IMM_10,3,5,6,70-79,Male
1424,IMM_5,2,5,6,70-79,Male
1424,IMM_7,3,5,6,70-79,Male
1424,IMM_2,4,5,6,70-79,Male
1428,IMM_3,2,5,3,30-39,Male
1428,IMM_4,2,5,3,30-39,Male
1428,IMM_10,3,5,3,30-39,Male
1428,IMM_1,2,5,3,30-39,Male
1428,IMM_2,1,5,3,30-39,Male
1428,IMM_6,3,5,3,30-39,Male
1428,IMM_7,2,5,3,30-39,Male
1428,IMM_9,4,5,3,30-39,Male
1428,IMM_8,0,5,3,30-39,Male
1428,IMM_5,1,5,3,30-39,Male
1439,IMM_9,1,5,1,40-49,Male
1439,IMM_7,3,5,1,40-49,Male
1439,IMM_3,4,5,1,40-49,Male
1439,IMM_2,1,5,1,40-49,Male
1439,IMM_4,2,5,1,40-49,Male
1439,IMM_1,1,5,1,40-49,Male
1439,IMM_5,2,5,1,40-49,Male
1439,IMM_8,3,5,1,40-49,Male
1439,IMM_10,2,5,1,40-49,Male
1439,IMM_6,3,5,1,40-49,Male
1440,IMM_1,4,5,5,30-39,Male
1440,IMM_4,0,5,5,30-39,Male
1440,IMM_10,0,5,5,30-39,Male
1440,IMM_7,4,5,5,30-39,Male
1440,IMM_5,4,5,5,30-39,Male
1440,IMM_6,4,5,5,30-39,Male
1440,IMM_8,0,5,5,30-39,Male
1440,IMM_9,0,5,5,30-39,Male
1440,IMM_2,4,5,5,30-39,Male
1440,IMM_3,0,5,5,30-39,Male
1441,IMM_1,2,5,5,60-69,Male
1441,IMM_4,2,5,5,60-69,Male
1441,IMM_8,2,5,5,60-69,Male
1441,IMM_2,1,5,5,60-69,Male
1441,IMM_5,1,5,5,60-69,Male
1441,IMM_3,3,5,5,60-69,Male
1441,IMM_7,1,5,5,60-69,Male
1441,IMM_9,2,5,5,60-69,Male
1441,IMM_10,2,5,5,60-69,Male
1441,IMM_6,1,5,5,60-69,Male
1444,IMM_8,4,5,6,30-39,Male
1444,IMM_1,1,5,6,30-39,Male
1444,IMM_4,1,5,6,30-39,Male
1444,IMM_3,1,5,6,30-39,Male
1444,IMM_6,4,5,6,30-39,Male
1444,IMM_5,0,5,6,30-39,Male
1444,IMM_2,4,5,6,30-39,Male
1444,IMM_9,4,5,6,30-39,Male
1444,IMM_10,4,5,6,30-39,Male
1444,IMM_7,1,5,6,30-39,Male
1445,IMM_9,2,5,6,18-29,Male
1445,IMM_5,3,5,6,18-29,Male
1445,IMM_2,3,5,6,18-29,Male
1445,IMM_7,3,5,6,18-29,Male
1445,IMM_8,1,5,6,18-29,Male
1445,IMM_6,3,5,6,18-29,Male
1445,IMM_10,1,5,6,18-29,Male
1445,IMM_4,1,5,6,18-29,Male
1445,IMM_3,1,5,6,18-29,Male
1445,IMM_1,3,5,6,18-29,Male
1459,IMM_10,4,5,6,40-49,Male
1459,IMM_6,3,5,6,40-49,Male
1459,IMM_9,3,5,6,40-49,Male
1459,IMM_1,1,5,6,40-49,Male
1459,IMM_7,0,5,6,40-49,Male
1459,IMM_3,2,5,6,40-49,Male
1459,IMM_4,4,5,6,40-49,Male
1459,IMM_2,4,5,6,40-49,Male
1459,IMM_8,4,5,6,40-49,Male
1459,IMM_5,3,5,6,40-49,Male
1472,IMM_1,4,5,5,30-39,Female
1472,IMM_5,2,5,5,30-39,Female
1472,IMM_2,4,5,5,30-39,Female
1472,IMM_6,1,5,5,30-39,Female
1472,IMM_3,0,5,5,30-39,Female
1472,IMM_9,3,5,5,30-39,Female
1472,IMM_4,0,5,5,30-39,Female
1472,IMM_10,2,5,5,30-39,Female
1472,IMM_8,3,5,5,30-39,Female
1472,IMM_7,3,5,5,30-39,Female
1475,IMM_6,2,5,3,30-39,Male
1475,IMM_5,1,5,3,30-39,Male
1475,IMM_7,2,5,3,30-39,Male
1475,IMM_10,4,5,3,30-39,Male
1475,IMM_9,3,5,3,30-39,Male
1475,IMM_8,4,5,3,30-39,Male
1475,IMM_4,3,5,3,30-39,Male
1475,IMM_3,4,5,3,30-39,Male
1475,IMM_2,0,5,3,30-39,Male
1475,IMM_1,4,5,3,30-39,Male
1480,IMM_9,3,5,5,70-79,Female
1480,IMM_7,1,5,5,70-79,Female
1480,IMM_1,1,5,5,70-79,Female
1480,IMM_2,2,5,5,70-79,Female
1480,IMM_8,4,5,5,70-79,Female
1480,IMM_4,2,5,5,70-79,Female
1480,IMM_3,0,5,5,70-79,Female
1480,IMM_5,4,5,5,70-79,Female
1480,IMM_10,4,5,5,70-79,Female
1480,IMM_6,4,5,5,70-79,Female
1483,IMM_8,1,5,6,60-69,Male
1483,IMM_10,2,5,6,60-69,Male
1483,IMM_2,3,5,6,60-69,Male
1483,IMM_4,1,5,6,60-69,Male
1483,IMM_1,2,5,6,60-69,Male
1483,IMM_9,2,5,6,60-69,Male
1483,IMM_6,0,5,6,60-69,Male
1483,IMM_5,2,5,6,60-69,Male
1483,IMM_7,1,5,6,60-69,Male
1483,IMM_3,2,5,6,60-69,Male
1504,IMM_3,4,5,6,70-79,Male
1504,IMM_4,1,5,6,70-79,Male
1504,IMM_8,4,5,6,70-79,Male
1504,IMM_9,1,5,6,70-79,Male
1504,IMM_1,1,5,6,70-79,Male
1504,IMM_5,4,5,6,70-79,Male
1504,IMM_7,0,5,6,70-79,Male
1504,IMM_10,0,5,6,70-79,Male
1504,IMM_6,0,5,6,70-79,Male
1504,IMM_2,1,5,6,70-79,Male
1526,IMM_8,3,5,4,60-69,Male
1526,IMM_1,0,5,4,60-69,Male
1526,IMM_4,1,5,4,60-69,Male
1526,IMM_10,3,5,4,60-69,Male
1526,IMM_3,4,5,4,60-69,Male
1526,IMM_9,3,5,4,60-69,Male
1526,IMM_2,3,5,4,60-69,Male
1526,IMM_5,1,5,4,60-69,Male
1526,IMM_7,1,5,4,60-69,Male
1526,IMM_6,4,5,4,60-69,Male
1533,IMM_2,1,5,5,30-39,Male
1533,IMM_1,1,5,5,30-39,Male
1533,IMM_8,3,5,5,30-39,Male
1533,IMM_10,3,5,5,30-39,Male
1533,IMM_3,4,5,5,30-39,Male
1533,IMM_4,2,5,5,30-39,Male
1533,IMM_7,0,5,5,30-39,Male
1533,IMM_6,3,5,5,30-39,Male
1533,IMM_5,2,5,5,30-39,Male
1533,IMM_9,3,5,5,30-39,Male
1539,IMM_8,3,5,5,70-79,Male
1539,IMM_10,1,5,5,70-79,Male
1539,IMM_4,1,5,5,70-79,Male
1539,IMM_6,4,5,5,70-79,Male
1539,IMM_3,0,5,5,70-79,Male
1539,IMM_7,3,5,5,70-79,Male
1539,IMM_5,3,5,5,70-79,Male
1539,IMM_1,4,5,5,70-79,Male
1539,IMM_2,3,5,5,70-79,Male
1539,IMM_9,3,5,5,70-79,Male
1565,IMM_5,3,5,7,40-49,Male
1565,IMM_9,0,5,7,40-49,Male
1565,IMM_7,4,5,7,40-49,Male
1565,IMM_8,0,5,7,40-49,Male
1565,IMM_4,0,5,7,40-49,Male
1565,IMM_3,1,5,7,40-49,Male
1565,IMM_10,2,5,7,40-49,Male
1565,IMM_1,4,5,7,40-49,Male
1565,IMM_6,2,5,7,40-49,Male
1565,IMM_2,3,5,7,40-49,Male
1572,IMM_8,3,5,6,40-49,Male
1572,IMM_3,4,5,6,40-49,Male
1572,IMM_9,3,5,6,40-49,Male
1572,IMM_7,1,5,6,40-49,Male
1572,IMM_2,3,5,6,40-49,Male
1572,IMM_4,3,5,6,40-49,Male
1572,IMM_1,0,5,6,40-49,Male
1572,IMM_5,2,5,6,40-49,Male
1572,IMM_6,3,5,6,40-49,Male
1572,IMM_10,4,5,6,40-49,Male
1575,IMM_8,3,5,5,40-49,Male
1575,IMM_10,0,5,5,40-49,Male
1575,IMM_2,3,5,5,40-49,Male
1575,IMM_1,2,5,5,40-49,Male
1575,IMM_7,3,5,5,40-49,Male
1575,IMM_5,3,5,5,40-49,Male
1575,IMM_3,0,5,5,40-49,Male
1575,IMM_6,1,5,5,40-49,Male
1575,IMM_9,3,5,5,40-49,Male
1575,IMM_4,1,5,5,40-49,Male
1578,IMM_2,0,5,5,50-59,Male
1578,IMM_1,4,5,5,50-59,Male
1578,IMM_5,3,5,5,50-59,Male
1578,IMM_9,2,5,5,50-59,Male
1578,IMM_3,0,5,5,50-59,Male
1578,IMM_4,1,5,5,50-59,Male
1578,IMM_7,4,5,5,50-59,Male
1578,IMM_6,2,5,5,50-59,Male
1578,IMM_10,1,5,5,50-59,Male
1578,IMM_8,2,5,5,50-59,Male
1579,IMM_6,2,5,2,50-59,Male
1579,IMM_5,1,5,2,50-59,Male
1579,IMM_8,2,5,2,50-59,Male
1579,IMM_1,4,5,2,50-59,Male
1579,IMM_10,2,5,2,50-59,Male
1579,IMM_2,0,5,2,50-59,Male
1579,IMM_9,1,5,2,50-59,Male
1579,IMM_3,1,5,2,50-59,Male
1579,IMM_7,1,5,2,50-59,Male
1579,IMM_4,2,5,2,50-59,Male
1599,IMM_6,2,5,5,60-69,Male
1599,IMM_8,3,5,5,60-69,Male
1599,IMM_9,1,5,5,60-69,Male
1599,IMM_10,2,5,5,60-69,Male
1599,IMM_2,1,5,5,60-69,Male
1599,IMM_4,1,5,5,60-69,Male
1599,IMM_7,1,5,5,60-69,Male
1599,IMM_5,2,5,5,60-69,Male
1599,IMM_3,1,5,5,60-69,Male
1599,IMM_1,1,5,5,60-69,Male
1601,IMM_7,1,5,6,40-49,Male
1601,IMM_8,3,5,6,40-49,Male
1601,IMM_2,2,5,6,40-49,Male
1601,IMM_3,2,5,6,40-49,Male
1601,IMM_10,2,5,6,40-49,Male
1601,IMM_6,3,5,6,40-49,Male
1601,IMM_5,3,5,6,40-49,Male
1601,IMM_4,3,5,6,40-49,Male
1601,IMM_9,2,5,6,40-49,Male
1601,IMM_1,2,5,6,40-49,Male
1621,IMM_6,0,5,1,18-29,Female
1621,IMM_7,4,5,1,18-29,Female
1621,IMM_5,2,5,1,18-29,Female
1621,IMM_2,3,5,1,18-29,Female
1621,IMM_9,2,5,1,18-29,Female
1621,IMM_8,2,5,1,18-29,Female
1621,IMM_4,1,5,1,18-29,Female
1621,IMM_1,4,5,1,18-29,Female
1621,IMM_10,2,5,1,18-29,Female
1621,IMM_3,4,5,1,18-29,Female
1637,IMM_9,2,5,1,60-69,Female
1637,IMM_7,1,5,1,60-69,Female
1637,IMM_5,1,5,1,60-69,Female
1637,IMM_8,2,5,1,60-69,Female
1637,IMM_3,0,5,1,60-69,Female
1637,IMM_10,3,5,1,60-69,Female
1637,IMM_2,3,5,1,60-69,Female
1637,IMM_1,2,5,1,60-69,Female
1637,IMM_6,0,5,1,60-69,Female
1637,IMM_4,2,5,1,60-69,Female
1649,IMM_4,2,5,3,50-59,Female
1649,IMM_1,4,5,3,50-59,Female
1649,IMM_10,2,5,3,50-59,Female
1649,IMM_7,2,5,3,50-59,Female
1649,IMM_9,3,5,3,50-59,Female
1649,IMM_6,2,5,3,50-59,Female
1649,IMM_8,0,5,3,50-59,Female
1649,IMM_5,2,5,3,50-59,Female
1649,IMM_2,1,5,3,50-59,Female
1649,IMM_3,4,5,3,50-59,Female
1657,IMM_1,2,5,6,50-59,Female
1657,IMM_9,3,5,6,50-59,Female
1657,IMM_8,3,5,6,50-59,Female
1657,IMM_2,3,5,6,50-59,Female
1657,IMM_6,2,5,6,50-59,Female
1657,IMM_5,1,5,6,50-59,Female
1657,IMM_4,1,5,6,50-59,Female
1657,IMM_3,2,5,6,50-59,Female
1657,IMM_7,1,5,6,50-59,Female
1657,IMM_10,3,5,6,50-59,Female
1664,IMM_9,3,5,6,70-79,Female
1664,IMM_7,1,5,6,70-79,Female
1664,IMM_4,2,5,6,70-79,Female
1664,IMM_6,3,5,6,70-79,Female
1664,IMM_5,1,5,6,70-79,Female
1664,IMM_2,3,5,6,70-79,Female
1664,IMM_3,4,5,6,70-79,Female
1664,IMM_10,3,5,6,70-79,Female
1664,IMM_8,3,5,6,70-79,Female
1664,IMM_1,2,5,6,70-79,Female
1674,IMM_5,4,5,6,60-69,Male
1674,IMM_10,3,5,6,60-69,Male
1674,IMM_9,4,5,6,60-69,Male
1674,IMM_6,3,5,6,60-69,Male
1674,IMM_8,1,5,6,60-69,Male
1674,IMM_7,1,5,6,60-69,Male
1674,IMM_2,2,5,6,60-69,Male
1674,IMM_1,3,5,6,60-69,Male
1674,IMM_3,1,5,6,60-69,Male
1674,IMM_4,0,5,6,60-69,Male
1679,IMM_10,1,5,5,40-49,Female
1679,IMM_3,1,5,5,40-49,Female
1679,IMM_5,2,5,5,40-49,Female
1679,IMM_8,4,5,5,40-49,Female
1679,IMM_4,1,5,5,40-49,Female
1679,IMM_7,0,5,5,40-49,Female
1679,IMM_1,3,5,5,40-49,Female
1679,IMM_9,1,5,5,40-49,Female
1679,IMM_6,0,5,5,40-49,Female
1679,IMM_2,4,5,5,40-49,Female
1685,IMM_6,0,5,7,60-69,Male
1685,IMM_3,0,5,7,60-69,Male
1685,IMM_8,0,5,7,60-69,Male
1685,IMM_5,4,5,7,60-69,Male
1685,IMM_7,4,5,7,60-69,Male
1685,IMM_2,2,5,7,60-69,Male
1685,IMM_10,0,5,7,60-69,Male
1685,IMM_1,4,5,7,60-69,Male
1685,IMM_4,2,5,7,60-69,Male
1685,IMM_9,2,5,7,60-69,Male
1726,IMM_7,0,5,5,30-39,Female
1726,IMM_5,3,5,5,30-39,Female
1726,IMM_8,1,5,5,30-39,Female
1726,IMM_10,1,5,5,30-39,Female
1726,IMM_4,1,5,5,30-39,Female
1726,IMM_9,3,5,5,30-39,Female
1726,IMM_6,1,5,5,30-39,Female
1726,IMM_3,2,5,5,30-39,Female
1726,IMM_1,3,5,5,30-39,Female
1726,IMM_2,1,5,5,30-39,Female
1752,IMM_6,4,5,5,50-59,Female
1752,IMM_7,3,5,5,50-59,Female
1752,IMM_1,0,5,5,50-59,Female
1752,IMM_2,2,5,5,50-59,Female
1752,IMM_5,1,5,5,50-59,Female
1752,IMM_3,0,5,5,50-59,Female
1752,IMM_10,3,5,5,50-59,Female
1752,IMM_4,1,5,5,50-59,Female
1752,IMM_9,4,5,5,50-59,Female
1752,IMM_8,3,5,5,50-59,Female
1756,IMM_7,2,5,5,80+,Male
1756,IMM_4,0,5,5,80+,Male
1756,IMM_9,3,5,5,80+,Male
1756,IMM_6,1,5,5,80+,Male
1756,IMM_5,3,5,5,80+,Male
1756,IMM_3,0,5,5,80+,Male
1756,IMM_2,1,5,5,80+,Male
1756,IMM_1,3,5,5,80+,Male
1756,IMM_10,1,5,5,80+,Male
1756,IMM_8,1,5,5,80+,Male
1768,IMM_1,3,5,6,60-69,Female
1768,IMM_9,1,5,6,60-69,Female
1768,IMM_10,1,5,6,60-69,Female
1768,IMM_8,1,5,6,60-69,Female
1768,IMM_5,1,5,6,60-69,Female
1768,IMM_4,1,5,6,60-69,Female
1768,IMM_3,0,5,6,60-69,Female
1768,IMM_6,2,5,6,60-69,Female
1768,IMM_7,4,5,6,60-69,Female
1768,IMM_2,3,5,6,60-69,Female
1782,IMM_5,4,5,5,50-59,Male
1782,IMM_8,1,5,5,50-59,Male
1782,IMM_1,3,5,5,50-59,Male
1782,IMM_2,1,5,5,50-59,Male
1782,IMM_9,3,5,5,50-59,Male
1782,IMM_4,4,5,5,50-59,Male
1782,IMM_10,0,5,5,50-59,Male
1782,IMM_3,0,5,5,50-59,Male
1782,IMM_6,1,5,5,50-59,Male
1782,IMM_7,3,5,5,50-59,Male
1821,IMM_3,3,5,7,30-39,Male
1821,IMM_8,2,5,7,30-39,Male
1821,IMM_6,3,5,7,30-39,Male
1821,IMM_10,3,5,7,30-39,Male
1821,IMM_1,3,5,7,30-39,Male
1821,IMM_4,3,5,7,30-39,Male
1821,IMM_5,3,5,7,30-39,Male
1821,IMM_2,1,5,7,30-39,Male
1821,IMM_9,1,5,7,30-39,Male
1821,IMM_7,2,5,7,30-39,Male
1827,IMM_9,4,5,5,70-79,Male
1827,IMM_10,1,5,5,70-79,Male
1827,IMM_5,4,5,5,70-79,Male
1827,IMM_6,4,5,5,70-79,Male
1827,IMM_3,0,5,5,70-79,Male
1827,IMM_2,4,5,5,70-79,Male
1827,IMM_7,2,5,5,70-79,Male
1827,IMM_8,3,5,5,70-79,Male
1827,IMM_4,3,5,5,70-79,Male
1827,IMM_1,1,5,5,70-79,Male
1839,IMM_7,2,5,1,60-69,Male
1839,IMM_4,0,5,1,60-69,Male
1839,IMM_3,4,5,1,60-69,Male
1839,IMM_8,0,5,1,60-69,Male
1839,IMM_10,2,5,1,60-69,Male
1839,IMM_9,0,5,1,60-69,Male
1839,IMM_6,0,5,1,60-69,Male
1839,IMM_1,4,5,1,60-69,Male
1839,IMM_5,3,5,1,60-69,Male
1839,IMM_2,0,5,1,60-69,Male
1879,IMM_8,3,5,6,70-79,Male
1879,IMM_7,0,5,6,70-79,Male
1879,IMM_5,0,5,6,70-79,Male
1879,IMM_3,0,5,6,70-79,Male
1879,IMM_1,0,5,6,70-79,Male
1879,IMM_2,1,5,6,70-79,Male
1879,IMM_6,0,5,6,70-79,Male
1879,IMM_9,2,5,6,70-79,Male
1879,IMM_10,4,5,6,70-79,Male
1879,IMM_4,0,5,6,70-79,Male
1890,IMM_6,1,5,2,60-69,Male
1890,IMM_1,3,5,2,60-69,Male
1890,IMM_9,2,5,2,60-69,Male
1890,IMM_5,3,5,2,60-69,Male
1890,IMM_3,0,5,2,60-69,Male
1890,IMM_2,2,5,2,60-69,Male
1890,IMM_8,3,5,2,60-69,Male
1890,IMM_7,1,5,2,60-69,Male
1890,IMM_10,3,5,2,60-69,Male
1890,IMM_4,2,5,2,60-69,Male
1905,IMM_2,1,5,1,18-29,Male
1905,IMM_10,4,5,1,18-29,Male
1905,IMM_9,3,5,1,18-29,Male
1905,IMM_6,4,5,1,18-29,Male
1905,IMM_5,3,5,1,18-29,Male
1905,IMM_7,3,5,1,18-29,Male
1905,IMM_4,1,5,1,18-29,Male
1905,IMM_1,2,5,1,18-29,Male
1905,IMM_3,2,5,1,18-29,Male
1905,IMM_8,4,5,1,18-29,Male
1910,IMM_8,3,5,6,60-69,Male
1910,IMM_6,0,5,6,60-69,Male
1910,IMM_5,4,5,6,60-69,Male
1910,IMM_1,3,5,6,60-69,Male
1910,IMM_9,2,5,6,60-69,Male
1910,IMM_2,3,5,6,60-69,Male
1910,IMM_7,3,5,6,60-69,Male
1910,IMM_10,2,5,6,60-69,Male
1910,IMM_4,1,5,6,60-69,Male
1910,IMM_3,0,5,6,60-69,Male
1913,IMM_6,4,5,5,60-69,Male
1913,IMM_7,2,5,5,60-69,Male
1913,IMM_5,2,5,5,60-69,Male
1913,IMM_2,0,5,5,60-69,Male
1913,IMM_8,2,5,5,60-69,Male
1913,IMM_3,0,5,5,60-69,Male
1913,IMM_9,4,5,5,60-69,Male
1913,IMM_1,4,5,5,60-69,Male
1913,IMM_4,0,5,5,60-69,Male
1913,IMM_10,2,5,5,60-69,Male
1930,IMM_3,1,5,5,80+,Male
1930,IMM_2,4,5,5,80+,Male
1930,IMM_6,3,5,5,80+,Male
1930,IMM_8,3,5,5,80+,Male
1930,IMM_7,2,5,5,80+,Male
1930,IMM_9,3,5,5,80+,Male
1930,IMM_5,1,5,5,80+,Male
1930,IMM_10,3,5,5,80+,Male
1930,IMM_4,1,5,5,80+,Male
1930,IMM_1,2,5,5,80+,Male
1932,IMM_8,3,5,3,60-69,Male
1932,IMM_2,1,5,3,60-69,Male
1932,IMM_1,0,5,3,60-69,Male
1932,IMM_10,2,5,3,60-69,Male
1932,IMM_9,2,5,3,60-69,Male
1932,IMM_7,0,5,3,60-69,Male
1932,IMM_6,4,5,3,60-69,Male
1932,IMM_5,0,5,3,60-69,Male
1932,IMM_4,0,5,3,60-69,Male
1932,IMM_3,4,5,3,60-69,Male
1935,IMM_9,2,5,5,50-59,Male
1935,IMM_5,0,5,5,50-59,Male
1935,IMM_10,4,5,5,50-59,Male
1935,IMM_3,2,5,5,50-59,Male
1935,IMM_8,3,5,5,50-59,Male
1935,IMM_1,1,5,5,50-59,Male
1935,IMM_7,1,5,5,50-59,Male
1935,IMM_6,3,5,5,50-59,Male
1935,IMM_2,3,5,5,50-59,Male
1935,IMM_4,1,5,5,50-59,Male
1944,IMM_9,0,5,6,60-69,Male
1944,IMM_3,3,5,6,60-69,Male
1944,IMM_7,3,5,6,60-69,Male
1944,IMM_6,1,5,6,60-69,Male
1944,IMM_5,3,5,6,60-69,Male
1944,IMM_10,0,5,6,60-69,Male
1944,IMM_8,1,5,6,60-69,Male
1944,IMM_4,0,5,6,60-69,Male
1944,IMM_2,1,5,6,60-69,Male
1944,IMM_1,4,5,6,60-69,Male
1948,IMM_2,3,5,2,60-69,Male
1948,IMM_7,2,5,2,60-69,Male
1948,IMM_10,3,5,2,60-69,Male
1948,IMM_4,3,5,2,60-69,Male
1948,IMM_5,3,5,2,60-69,Male
1948,IMM_6,2,5,2,60-69,Male
1948,IMM_1,2,5,2,60-69,Male
1948,IMM_9,3,5,2,60-69,Male
1948,IMM_3,0,5,2,60-69,Male
1948,IMM_8,4,5,2,60-69,Male
1969,IMM_1,0,5,3,60-69,Male
1969,IMM_10,4,5,3,60-69,Male
1969,IMM_3,4,5,3,60-69,Male
1969,IMM_8,4,5,3,60-69,Male
1969,IMM_2,1,5,3,60-69,Male
1969,IMM_5,0,5,3,60-69,Male
1969,IMM_9,3,5,3,60-69,Male
1969,IMM_6,2,5,3,60-69,Male
1969,IMM_7,0,5,3,60-69,Male
1969,IMM_4,1,5,3,60-69,Male
1977,IMM_1,3,5,5,70-79,Male
1977,IMM_3,1,5,5,70-79,Male
1977,IMM_4,1,5,5,70-79,Male
1977,IMM_8,2,5,5,70-79,Male
1977,IMM_2,1,5,5,70-79,Male
1977,IMM_6,2,5,5,70-79,Male
1977,IMM_5,3,5,5,70-79,Male
1977,IMM_9,3,5,5,70-79,Male
1977,IMM_7,2,5,5,70-79,Male
1977,IMM_10,2,5,5,70-79,Male
1982,IMM_2,1,5,4,50-59,Male
1982,IMM_3,1,5,4,50-59,Male
1982,IMM_8,1,5,4,50-59,Male
1982,IMM_4,0,5,4,50-59,Male
1982,IMM_7,0,5,4,50-59,Male
1982,IMM_10,3,5,4,50-59,Male
1982,IMM_1,0,5,4,50-59,Male
1982,IMM_5,1,5,4,50-59,Male
1982,IMM_6,3,5,4,50-59,Male
1982,IMM_9,2,5,4,50-59,Male
1984,IMM_6,3,5,6,60-69,Male
1984,IMM_3,0,5,6,60-69,Male
1984,IMM_2,2,5,6,60-69,Male
1984,IMM_1,3,5,6,60-69,Male
1984,IMM_4,1,5,6,60-69,Male
1984,IMM_5,3,5,6,60-69,Male
1984,IMM_9,3,5,6,60-69,Male
1984,IMM_8,3,5,6,60-69,Male
1984,IMM_7,3,5,6,60-69,Male
1984,IMM_10,1,5,6,60-69,Male
1989,IMM_4,0,5,5,50-59,Male
1989,IMM_8,1,5,5,50-59,Male
1989,IMM_10,3,5,5,50-59,Male
1989,IMM_3,0,5,5,50-59,Male
1989,IMM_2,3,5,5,50-59,Male
1989,IMM_7,2,5,5,50-59,Male
1989,IMM_6,1,5,5,50-59,Male
1989,IMM_9,3,5,5,50-59,Male
1989,IMM_1,3,5,5,50-59,Male
1989,IMM_5,4,5,5,50-59,Male
2014,IMM_8,2,5,5,60-69,Male
2014,IMM_9,3,5,5,60-69,Male
2014,IMM_1,3,5,5,60-69,Male
2014,IMM_5,3,5,5,60-69,Male
2014,IMM_6,4,5,5,60-69,Male
2014,IMM_4,3,5,5,60-69,Male
2014,IMM_3,1,5,5,60-69,Male
2014,IMM_10,1,5,5,60-69,Male
2014,IMM_2,2,5,5,60-69,Male
2014,IMM_7,1,5,5,60-69,Male
2030,IMM_1,3,5,5,50-59,Male
2030,IMM_10,2,5,5,50-59,Male
2030,IMM_7,3,5,5,50-59,Male
2030,IMM_5,4,5,5,50-59,Male
2030,IMM_6,3,5,5,50-59,Male
2030,IMM_8,4,5,5,50-59,Male
2030,IMM_3,0,5,5,50-59,Male
2030,IMM_2,4,5,5,50-59,Male
2030,IMM_9,2,5,5,50-59,Male
2030,IMM_4,2,5,5,50-59,Male
2034,IMM_5,2,5,4,70-79,Male
2034,IMM_7,1,5,4,70-79,Male
2034,IMM_3,1,5,4,70-79,Male
2034,IMM_10,3,5,4,70-79,Male
2034,IMM_4,1,5,4,70-79,Male
2034,IMM_8,1,5,4,70-79,Male
2034,IMM_9,3,5,4,70-79,Male
2034,IMM_2,2,5,4,70-79,Male
2034,IMM_1,1,5,4,70-79,Male
2034,IMM_6,4,5,4,70-79,Male
2049,IMM_4,1,5,6,70-79,Male
2049,IMM_5,2,5,6,70-79,Male
2049,IMM_2,2,5,6,70-79,Male
2049,IMM_10,3,5,6,70-79,Male
2049,IMM_7,2,5,6,70-79,Male
2049,IMM_8,3,5,6,70-79,Male
2049,IMM_1,3,5,6,70-79,Male
2049,IMM_3,1,5,6,70-79,Male
2049,IMM_6,2,5,6,70-79,Male
2049,IMM_9,1,5,6,70-79,Male
2050,IMM_6,3,5,5,50-59,Female
2050,IMM_10,1,5,5,50-59,Female
2050,IMM_3,1,5,5,50-59,Female
2050,IMM_2,3,5,5,50-59,Female
2050,IMM_9,2,5,5,50-59,Female
2050,IMM_5,2,5,5,50-59,Female
2050,IMM_8,3,5,5,50-59,Female
2050,IMM_7,3,5,5,50-59,Female
2050,IMM_1,1,5,5,50-59,Female
2050,IMM_4,1,5,5,50-59,Female
2076,IMM_9,3,5,2,60-69,Male
2076,IMM_8,3,5,2,60-69,Male
2076,IMM_3,3,5,2,60-69,Male
2076,IMM_1,1,5,2,60-69,Male
2076,IMM_7,2,5,2,60-69,Male
2076,IMM_5,0,5,2,60-69,Male
2076,IMM_2,3,5,2,60-69,Male
2076,IMM_10,3,5,2,60-69,Male
2076,IMM_6,3,5,2,60-69,Male
2076,IMM_4,1,5,2,60-69,Male
2079,IMM_8,4,5,6,60-69,Male
2079,IMM_3,3,5,6,60-69,Male
2079,IMM_7,1,5,6,60-69,Male
2079,IMM_6,3,5,6,60-69,Male
2079,IMM_10,3,5,6,60-69,Male
2079,IMM_2,3,5,6,60-69,Male
2079,IMM_5,1,5,6,60-69,Male
2079,IMM_9,3,5,6,60-69,Male
2079,IMM_1,3,5,6,60-69,Male
2079,IMM_4,1,5,6,60-69,Male
2084,IMM_1,1,5,5,70-79,Male
2084,IMM_3,0,5,5,70-79,Male
2084,IMM_7,2,5,5,70-79,Male
2084,IMM_5,2,5,5,70-79,Male
2084,IMM_6,1,5,5,70-79,Male
2084,IMM_9,3,5,5,70-79,Male
2084,IMM_4,0,5,5,70-79,Male
2084,IMM_10,2,5,5,70-79,Male
2084,IMM_8,3,5,5,70-79,Male
2084,IMM_2,3,5,5,70-79,Male
2101,IMM_3,2,5,5,60-69,Male
2101,IMM_9,3,5,5,60-69,Male
2101,IMM_5,3,5,5,60-69,Male
2101,IMM_2,3,5,5,60-69,Male
2101,IMM_4,1,5,5,60-69,Male
2101,IMM_10,1,5,5,60-69,Male
2101,IMM_6,3,5,5,60-69,Male
2101,IMM_8,1,5,5,60-69,Male
2101,IMM_1,2,5,5,60-69,Male
2101,IMM_7,3,5,5,60-69,Male
2108,IMM_2,3,5,5,60-69,Male
2108,IMM_9,4,5,5,60-69,Male
2108,IMM_10,1,5,5,60-69,Male
2108,IMM_5,4,5,5,60-69,Male
2108,IMM_4,0,5,5,60-69,Male
2108,IMM_1,1,5,5,60-69,Male
2108,IMM_8,0,5,5,60-69,Male
2108,IMM_6,4,5,5,60-69,Male
2108,IMM_7,4,5,5,60-69,Male
2108,IMM_3,0,5,5,60-69,Male
2125,IMM_5,2,5,5,40-49,Male
2125,IMM_10,2,5,5,40-49,Male
2125,IMM_3,3,5,5,40-49,Male
2125,IMM_8,3,5,5,40-49,Male
2125,IMM_2,2,5,5,40-49,Male
2125,IMM_4,1,5,5,40-49,Male
2125,IMM_1,3,5,5,40-49,Male
2125,IMM_6,1,5,5,40-49,Male
2125,IMM_9,2,5,5,40-49,Male
2125,IMM_7,2,5,5,40-49,Male
2157,IMM_8,2,5,5,70-79,Male
2157,IMM_9,3,5,5,70-79,Male
2157,IMM_10,3,5,5,70-79,Male
2157,IMM_6,3,5,5,70-79,Male
2157,IMM_7,2,5,5,70-79,Male
2157,IMM_1,2,5,5,70-79,Male
2157,IMM_3,3,5,5,70-79,Male
2157,IMM_4,1,5,5,70-79,Male
2157,IMM_2,3,5,5,70-79,Male
2157,IMM_5,2,5,5,70-79,Male
2178,IMM_9,1,5,5,18-29,Male
2178,IMM_3,2,5,5,18-29,Male
2178,IMM_2,1,5,5,18-29,Male
2178,IMM_1,3,5,5,18-29,Male
2178,IMM_7,3,5,5,18-29,Male
2178,IMM_8,2,5,5,18-29,Male
2178,IMM_6,2,5,5,18-29,Male
2178,IMM_4,2,5,5,18-29,Male
2178,IMM_10,2,5,5,18-29,Male
2178,IMM_5,3,5,5,18-29,Male
2179,IMM_4,1,5,2,40-49,Male
2179,IMM_8,3,5,2,40-49,Male
2179,IMM_9,4,5,2,40-49,Male
2179,IMM_2,3,5,2,40-49,Male
2179,IMM_3,3,5,2,40-49,Male
2179,IMM_10,3,5,2,40-49,Male
2179,IMM_7,1,5,2,40-49,Male
2179,IMM_6,4,5,2,40-49,Male
2179,IMM_5,1,5,2,40-49,Male
2179,IMM_1,1,5,2,40-49,Male
2180,IMM_10,1,5,5,18-29,Male
2180,IMM_4,2,5,5,18-29,Male
2180,IMM_3,2,5,5,18-29,Male
2180,IMM_2,3,5,5,18-29,Male
2180,IMM_7,2,5,5,18-29,Male
2180,IMM_9,2,5,5,18-29,Male
2180,IMM_8,2,5,5,18-29,Male
2180,IMM_5,1,5,5,18-29,Male
2180,IMM_6,1,5,5,18-29,Male
2180,IMM_1,3,5,5,18-29,Male
2196,IMM_8,2,5,2,30-39,Male
2196,IMM_9,2,5,2,30-39,Male
2196,IMM_5,3,5,2,30-39,Male
2196,IMM_4,2,5,2,30-39,Male
2196,IMM_7,1,5,2,30-39,Male
2196,IMM_2,3,5,2,30-39,Male
2196,IMM_10,1,5,2,30-39,Male
2196,IMM_1,2,5,2,30-39,Male
2196,IMM_3,3,5,2,30-39,Male
2196,IMM_6,3,5,2,30-39,Male
2218,IMM_6,1,5,6,30-39,Male
2218,IMM_2,3,5,6,30-39,Male
2218,IMM_7,3,5,6,30-39,Male
2218,IMM_8,1,5,6,30-39,Male
2218,IMM_1,1,5,6,30-39,Male
2218,IMM_5,1,5,6,30-39,Male
2218,IMM_4,3,5,6,30-39,Male
2218,IMM_3,1,5,6,30-39,Male
2218,IMM_9,1,5,6,30-39,Male
2218,IMM_10,1,5,6,30-39,Male
2219,IMM_5,2,5,6,30-39,Male
2219,IMM_7,3,5,6,30-39,Male
2219,IMM_3,4,5,6,30-39,Male
2219,IMM_1,3,5,6,30-39,Male
2219,IMM_10,2,5,6,30-39,Male
2219,IMM_9,1,5,6,30-39,Male
2219,IMM_2,3,5,6,30-39,Male
2219,IMM_6,1,5,6,30-39,Male
2219,IMM_4,2,5,6,30-39,Male
2219,IMM_8,3,5,6,30-39,Male
2236,IMM_2,3,5,5,60-69,Male
2236,IMM_10,2,5,5,60-69,Male
2236,IMM_6,4,5,5,60-69,Male
2236,IMM_9,2,5,5,60-69,Male
2236,IMM_7,2,5,5,60-69,Male
2236,IMM_1,2,5,5,60-69,Male
2236,IMM_5,3,5,5,60-69,Male
2236,IMM_8,4,5,5,60-69,Male
2236,IMM_4,3,5,5,60-69,Male
2236,IMM_3,1,5,5,60-69,Male
2258,IMM_6,3,5,6,40-49,Male
2258,IMM_10,1,5,6,40-49,Male
2258,IMM_4,2,5,6,40-49,Male
2258,IMM_5,2,5,6,40-49,Male
2258,IMM_9,3,5,6,40-49,Male
2258,IMM_1,2,5,6,40-49,Male
2258,IMM_3,0,5,6,40-49,Male
2258,IMM_2,3,5,6,40-49,Male
2258,IMM_7,2,5,6,40-49,Male
2258,IMM_8,3,5,6,40-49,Male
2269,IMM_4,4,5,5,70-79,Male
2269,IMM_9,4,5,5,70-79,Male
2269,IMM_10,0,5,5,70-79,Male
2269,IMM_1,4,5,5,70-79,Male
2269,IMM_8,0,5,5,70-79,Male
2269,IMM_5,4,5,5,70-79,Male
2269,IMM_6,0,5,5,70-79,Male
2269,IMM_3,0,5,5,70-79,Male
2269,IMM_2,0,5,5,70-79,Male
2269,IMM_7,4,5,5,70-79,Male
2280,IMM_6,2,5,6,60-69,Male
2280,IMM_3,3,5,6,60-69,Male
2280,IMM_1,1,5,6,60-69,Male
2280,IMM_10,3,5,6,60-69,Male
2280,IMM_5,1,5,6,60-69,Male
2280,IMM_9,3,5,6,60-69,Male
2280,IMM_2,2,5,6,60-69,Male
2280,IMM_8,3,5,6,60-69,Male
2280,IMM_7,1,5,6,60-69,Male
2280,IMM_4,2,5,6,60-69,Male
2301,IMM_7,1,5,6,40-49,Male
2301,IMM_2,3,5,6,40-49,Male
2301,IMM_5,1,5,6,40-49,Male
2301,IMM_3,4,5,6,40-49,Male
2301,IMM_10,3,5,6,40-49,Male
2301,IMM_1,0,5,6,40-49,Male
2301,IMM_6,3,5,6,40-49,Male
2301,IMM_8,3,5,6,40-49,Male
2301,IMM_9,3,5,6,40-49,Male
2301,IMM_4,2,5,6,40-49,Male
2311,IMM_1,1,5,6,70-79,Male
2311,IMM_9,2,5,6,70-79,Male
2311,IMM_3,0,5,6,70-79,Male
2311,IMM_5,3,5,6,70-79,Male
2311,IMM_4,3,5,6,70-79,Male
2311,IMM_8,1,5,6,70-79,Male
2311,IMM_7,2,5,6,70-79,Male
2311,IMM_10,2,5,6,70-79,Male
2311,IMM_6,4,5,6,70-79,Male
2311,IMM_2,3,5,6,70-79,Male
2323,IMM_9,1,5,5,60-69,Male
2323,IMM_2,3,5,5,60-69,Male
2323,IMM_8,1,5,5,60-69,Male
2323,IMM_6,4,5,5,60-69,Male
2323,IMM_10,3,5,5,60-69,Male
2323,IMM_7,1,5,5,60-69,Male
2323,IMM_4,3,5,5,60-69,Male
2323,IMM_5,3,5,5,60-69,Male
2323,IMM_3,0,5,5,60-69,Male
2323,IMM_1,3,5,5,60-69,Male
2326,IMM_4,0,5,6,50-59,Male
2326,IMM_10,3,5,6,50-59,Male
2326,IMM_3,0,5,6,50-59,Male
2326,IMM_2,2,5,6,50-59,Male
2326,IMM_6,3,5,6,50-59,Male
2326,IMM_8,2,5,6,50-59,Male
2326,IMM_9,3,5,6,50-59,Male
2326,IMM_7,2,5,6,50-59,Male
2326,IMM_1,4,5,6,50-59,Male
2326,IMM_5,3,5,6,50-59,Male
2356,IMM_7,1,5,5,60-69,Male
2356,IMM_10,1,5,5,60-69,Male
2356,IMM_2,3,5,5,60-69,Male
2356,IMM_8,3,5,5,60-69,Male
2356,IMM_5,2,5,5,60-69,Male
2356,IMM_3,0,5,5,60-69,Male
2356,IMM_6,3,5,5,60-69,Male
2356,IMM_9,2,5,5,60-69,Male
2356,IMM_4,1,5,5,60-69,Male
2356,IMM_1,3,5,5,60-69,Male
2367,IMM_6,4,5,6,60-69,Male
2367,IMM_8,3,5,6,60-69,Male
2367,IMM_9,3,5,6,60-69,Male
2367,IMM_7,0,5,6,60-69,Male
2367,IMM_2,4,5,6,60-69,Male
2367,IMM_4,1,5,6,60-69,Male
2367,IMM_1,1,5,6,60-69,Male
2367,IMM_10,3,5,6,60-69,Male
2367,IMM_3,4,5,6,60-69,Male
2367,IMM_5,2,5,6,60-69,Male
2373,IMM_5,3,5,5,70-79,Male
2373,IMM_6,2,5,5,70-79,Male
2373,IMM_2,2,5,5,70-79,Male
2373,IMM_4,1,5,5,70-79,Male
2373,IMM_3,1,5,5,70-79,Male
2373,IMM_1,3,5,5,70-79,Male
2373,IMM_10,2,5,5,70-79,Male
2373,IMM_8,1,5,5,70-79,Male
2373,IMM_7,3,5,5,70-79,Male
2373,IMM_9,2,5,5,70-79,Male
2380,IMM_5,3,5,6,70-79,Male
2380,IMM_7,1,5,6,70-79,Male
2380,IMM_1,0,5,6,70-79,Male
2380,IMM_3,0,5,6,70-79,Male
2380,IMM_2,3,5,6,70-79,Male
2380,IMM_6,4,5,6,70-79,Male
2380,IMM_4,3,5,6,70-79,Male
2380,IMM_10,3,5,6,70-79,Male
2380,IMM_9,2,5,6,70-79,Male
2380,IMM_8,1,5,6,70-79,Male
2382,IMM_4,4,5,5,70-79,Male
2382,IMM_9,2,5,5,70-79,Male
2382,IMM_5,4,5,5,70-79,Male
2382,IMM_1,1,5,5,70-79,Male
2382,IMM_6,1,5,5,70-79,Male
2382,IMM_3,0,5,5,70-79,Male
2382,IMM_8,3,5,5,70-79,Male
2382,IMM_10,2,5,5,70-79,Male
2382,IMM_7,1,5,5,70-79,Male
2382,IMM_2,3,5,5,70-79,Male
2402,IMM_5,4,5,6,50-59,Male
2402,IMM_2,4,5,6,50-59,Male
2402,IMM_1,1,5,6,50-59,Male
2402,IMM_6,1,5,6,50-59,Male
2402,IMM_10,0,5,6,50-59,Male
2402,IMM_4,3,5,6,50-59,Male
2402,IMM_8,3,5,6,50-59,Male
2402,IMM_7,1,5,6,50-59,Male
2402,IMM_9,1,5,6,50-59,Male
2402,IMM_3,0,5,6,50-59,Male
2407,IMM_1,4,5,3,50-59,Male
2407,IMM_3,4,5,3,50-59,Male
2407,IMM_10,0,5,3,50-59,Male
2407,IMM_7,0,5,3,50-59,Male
2407,IMM_9,0,5,3,50-59,Male
2407,IMM_6,0,5,3,50-59,Male
2407,IMM_8,0,5,3,50-59,Male
2407,IMM_4,1,5,3,50-59,Male
2407,IMM_2,4,5,3,50-59,Male
2407,IMM_5,4,5,3,50-59,Male
2408,IMM_5,0,5,6,70-79,Male
2408,IMM_7,0,5,6,70-79,Male
2408,IMM_3,4,5,6,70-79,Male
2408,IMM_2,3,5,6,70-79,Male
2408,IMM_9,4,5,6,70-79,Male
2408,IMM_10,4,5,6,70-79,Male
2408,IMM_8,4,5,6,70-79,Male
2408,IMM_6,4,5,6,70-79,Male
2408,IMM_1,1,5,6,70-79,Male
2408,IMM_4,1,5,6,70-79,Male
2414,IMM_2,3,5,2,50-59,Male
2414,IMM_5,1,5,2,50-59,Male
2414,IMM_10,2,5,2,50-59,Male
2414,IMM_7,2,5,2,50-59,Male
2414,IMM_6,1,5,2,50-59,Male
2414,IMM_1,3,5,2,50-59,Male
2414,IMM_3,1,5,2,50-59,Male
2414,IMM_9,1,5,2,50-59,Male
2414,IMM_4,3,5,2,50-59,Male
2414,IMM_8,4,5,2,50-59,Male
2442,IMM_4,1,5,7,30-39,Male
2442,IMM_10,2,5,7,30-39,Male
2442,IMM_7,4,5,7,30-39,Male
2442,IMM_9,1,5,7,30-39,Male
2442,IMM_8,3,5,7,30-39,Male
2442,IMM_6,3,5,7,30-39,Male
2442,IMM_2,3,5,7,30-39,Male
2442,IMM_3,0,5,7,30-39,Male
2442,IMM_5,4,5,7,30-39,Male
2442,IMM_1,4,5,7,30-39,Male
2457,IMM_5,1,5,6,30-39,Male
2457,IMM_2,3,5,6,30-39,Male
2457,IMM_4,2,5,6,30-39,Male
2457,IMM_9,3,5,6,30-39,Male
2457,IMM_6,3,5,6,30-39,Male
2457,IMM_7,2,5,6,30-39,Male
2457,IMM_8,4,5,6,30-39,Male
2457,IMM_10,3,5,6,30-39,Male
2457,IMM_3,1,5,6,30-39,Male
2457,IMM_1,3,5,6,30-39,Male
2464,IMM_2,3,5,1,30-39,Male
2464,IMM_6,3,5,1,30-39,Male
2464,IMM_3,4,5,1,30-39,Male
2464,IMM_5,1,5,1,30-39,Male
2464,IMM_4,1,5,1,30-39,Male
2464,IMM_8,4,5,1,30-39,Male
2464,IMM_1,0,5,1,30-39,Male
2464,IMM_9,2,5,1,30-39,Male
2464,IMM_10,3,5,1,30-39,Male
2464,IMM_7,3,5,1,30-39,Male
2473,IMM_1,1,5,1,60-69,Male
2473,IMM_8,3,5,1,60-69,Male
2473,IMM_7,0,5,1,60-69,Male
2473,IMM_5,0,5,1,60-69,Male
2473,IMM_6,0,5,1,60-69,Male
2473,IMM_9,4,5,1,60-69,Male
2473,IMM_4,1,5,1,60-69,Male
2473,IMM_10,3,5,1,60-69,Male
2473,IMM_2,3,5,1,60-69,Male
2473,IMM_3,4,5,1,60-69,Male
2505,IMM_4,2,5,6,30-39,Male
2505,IMM_10,0,5,6,30-39,Male
2505,IMM_6,4,5,6,30-39,Male
2505,IMM_5,2,5,6,30-39,Male
2505,IMM_8,2,5,6,30-39,Male
2505,IMM_7,3,5,6,30-39,Male
2505,IMM_9,3,5,6,30-39,Male
2505,IMM_2,2,5,6,30-39,Male
2505,IMM_3,0,5,6,30-39,Male
2505,IMM_1,4,5,6,30-39,Male
2529,IMM_2,1,5,5,40-49,Male
2529,IMM_6,1,5,5,40-49,Male
2529,IMM_5,4,5,5,40-49,Male
2529,IMM_3,0,5,5,40-49,Male
2529,IMM_10,1,5,5,40-49,Male
2529,IMM_7,3,5,5,40-49,Male
2529,IMM_8,2,5,5,40-49,Male
2529,IMM_9,0,5,5,40-49,Male
2529,IMM_1,4,5,5,40-49,Male
2529,IMM_4,1,5,5,40-49,Male
2533,IMM_2,3,5,6,30-39,Male
2533,IMM_10,2,5,6,30-39,Male
2533,IMM_5,1,5,6,30-39,Male
2533,IMM_4,2,5,6,30-39,Male
2533,IMM_6,3,5,6,30-39,Male
2533,IMM_9,3,5,6,30-39,Male
2533,IMM_1,1,5,6,30-39,Male
2533,IMM_8,3,5,6,30-39,Male
2533,IMM_3,1,5,6,30-39,Male
2533,IMM_7,3,5,6,30-39,Male
2535,IMM_6,1,5,3,40-49,Male
2535,IMM_2,2,5,3,40-49,Male
2535,IMM_10,2,5,3,40-49,Male
2535,IMM_1,1,5,3,40-49,Male
2535,IMM_5,0,5,3,40-49,Male
2535,IMM_8,3,5,3,40-49,Male
2535,IMM_4,1,5,3,40-49,Male
2535,IMM_7,0,5,3,40-49,Male
2535,IMM_9,0,5,3,40-49,Male
2535,IMM_3,4,5,3,40-49,Male
2543,IMM_4,2,5,7,40-49,Male
2543,IMM_10,1,5,7,40-49,Male
2543,IMM_6,3,5,7,40-49,Male
2543,IMM_1,1,5,7,40-49,Male
2543,IMM_5,2,5,7,40-49,Male
2543,IMM_2,2,5,7,40-49,Male
2543,IMM_3,1,5,7,40-49,Male
2543,IMM_8,1,5,7,40-49,Male
2543,IMM_9,2,5,7,40-49,Male
2543,IMM_7,1,5,7,40-49,Male
2562,IMM_5,4,5,6,50-59,Male
2562,IMM_6,0,5,6,50-59,Male
2562,IMM_3,0,5,6,50-59,Male
2562,IMM_4,0,5,6,50-59,Male
2562,IMM_2,3,5,6,50-59,Male
2562,IMM_8,0,5,6,50-59,Male
2562,IMM_7,2,5,6,50-59,Male
2562,IMM_10,0,5,6,50-59,Male
2562,IMM_1,4,5,6,50-59,Male
2562,IMM_9,1,5,6,50-59,Male
2585,IMM_9,3,5,6,50-59,Male
2585,IMM_7,2,5,6,50-59,Male
2585,IMM_10,3,5,6,50-59,Male
2585,IMM_1,1,5,6,50-59,Male
2585,IMM_6,3,5,6,50-59,Male
2585,IMM_4,2,5,6,50-59,Male
2585,IMM_2,3,5,6,50-59,Male
2585,IMM_3,1,5,6,50-59,Male
2585,IMM_8,3,5,6,50-59,Male
2585,IMM_5,2,5,6,50-59,Male
2595,IMM_4,3,5,6,60-69,Male
2595,IMM_2,3,5,6,60-69,Male
2595,IMM_6,3,5,6,60-69,Male
2595,IMM_8,3,5,6,60-69,Male
2595,IMM_1,2,5,6,60-69,Male
2595,IMM_3,4,5,6,60-69,Male
2595,IMM_5,1,5,6,60-69,Male
2595,IMM_7,2,5,6,60-69,Male
2595,IMM_10,2,5,6,60-69,Male
2595,IMM_9,3,5,6,60-69,Male
2598,IMM_7,3,5,6,40-49,Male
2598,IMM_5,2,5,6,40-49,Male
2598,IMM_1,3,5,6,40-49,Male
2598,IMM_10,1,5,6,40-49,Male
2598,IMM_6,3,5,6,40-49,Male
2598,IMM_8,3,5,6,40-49,Male
2598,IMM_4,3,5,6,40-49,Male
2598,IMM_2,1,5,6,40-49,Male
2598,IMM_9,0,5,6,40-49,Male
2598,IMM_3,2,5,6,40-49,Male
2601,IMM_10,3,5,6,50-59,Male
2601,IMM_6,3,5,6,50-59,Male
2601,IMM_3,0,5,6,50-59,Male
2601,IMM_5,3,5,6,50-59,Male
2601,IMM_9,3,5,6,50-59,Male
2601,IMM_7,2,5,6,50-59,Male
2601,IMM_1,4,5,6,50-59,Male
2601,IMM_8,2,5,6,50-59,Male
2601,IMM_2,3,5,6,50-59,Male
2601,IMM_4,1,5,6,50-59,Male
5,IMM_2,2,6,7,80+,Male
5,IMM_9,1,6,7,80+,Male
5,IMM_3,1,6,7,80+,Male
5,IMM_7,2,6,7,80+,Male
5,IMM_4,3,6,7,80+,Male
5,IMM_1,0,6,7,80+,Male
5,IMM_6,4,6,7,80+,Male
5,IMM_10,4,6,7,80+,Male
5,IMM_5,3,6,7,80+,Male
5,IMM_8,4,6,7,80+,Male
13,IMM_8,2,6,7,70-79,Male
13,IMM_7,3,6,7,70-79,Male
13,IMM_3,0,6,7,70-79,Male
13,IMM_1,3,6,7,70-79,Male
13,IMM_5,4,6,7,70-79,Male
13,IMM_4,1,6,7,70-79,Male
13,IMM_10,3,6,7,70-79,Male
13,IMM_6,3,6,7,70-79,Male
13,IMM_9,2,6,7,70-79,Male
13,IMM_2,3,6,7,70-79,Male
19,IMM_8,4,6,7,50-59,Male
19,IMM_7,3,6,7,50-59,Male
19,IMM_3,0,6,7,50-59,Male
19,IMM_9,4,6,7,50-59,Male
19,IMM_6,4,6,7,50-59,Male
19,IMM_2,3,6,7,50-59,Male
19,IMM_1,3,6,7,50-59,Male
19,IMM_10,1,6,7,50-59,Male
19,IMM_5,4,6,7,50-59,Male
19,IMM_4,0,6,7,50-59,Male
21,IMM_8,3,6,6,50-59,Female
21,IMM_10,3,6,6,50-59,Female
21,IMM_1,3,6,6,50-59,Female
21,IMM_2,3,6,6,50-59,Female
21,IMM_5,3,6,6,50-59,Female
21,IMM_6,1,6,6,50-59,Female
21,IMM_4,1,6,6,50-59,Female
21,IMM_9,3,6,6,50-59,Female
21,IMM_7,2,6,6,50-59,Female
21,IMM_3,0,6,6,50-59,Female
26,IMM_10,2,6,7,70-79,Male
26,IMM_5,3,6,7,70-79,Male
26,IMM_9,2,6,7,70-79,Male
26,IMM_8,3,6,7,70-79,Male
26,IMM_6,3,6,7,70-79,Male
26,IMM_2,3,6,7,70-79,Male
26,IMM_7,2,6,7,70-79,Male
26,IMM_1,2,6,7,70-79,Male
26,IMM_3,0,6,7,70-79,Male
26,IMM_4,3,6,7,70-79,Male
32,IMM_5,2,6,6,18-29,Male
32,IMM_10,1,6,6,18-29,Male
32,IMM_4,2,6,6,18-29,Male
32,IMM_8,2,6,6,18-29,Male
32,IMM_2,2,6,6,18-29,Male
32,IMM_3,0,6,6,18-29,Male
32,IMM_1,3,6,6,18-29,Male
32,IMM_6,2,6,6,18-29,Male
32,IMM_9,2,6,6,18-29,Male
32,IMM_7,2,6,6,18-29,Male
33,IMM_6,3,6,7,18-29,Female
33,IMM_4,2,6,7,18-29,Female
33,IMM_7,2,6,7,18-29,Female
33,IMM_10,1,6,7,18-29,Female
33,IMM_9,2,6,7,18-29,Female
33,IMM_8,3,6,7,18-29,Female
33,IMM_3,2,6,7,18-29,Female
33,IMM_2,3,6,7,18-29,Female
33,IMM_5,1,6,7,18-29,Female
33,IMM_1,2,6,7,18-29,Female
36,IMM_10,0,6,5,70-79,Female
36,IMM_7,2,6,5,70-79,Female
36,IMM_2,1,6,5,70-79,Female
36,IMM_1,4,6,5,70-79,Female
36,IMM_3,0,6,5,70-79,Female
36,IMM_5,3,6,5,70-79,Female
36,IMM_4,1,6,5,70-79,Female
36,IMM_8,0,6,5,70-79,Female
36,IMM_9,1,6,5,70-79,Female
36,IMM_6,1,6,5,70-79,Female
45,IMM_5,1,6,7,60-69,Female
45,IMM_8,3,6,7,60-69,Female
45,IMM_9,2,6,7,60-69,Female
45,IMM_6,2,6,7,60-69,Female
45,IMM_4,0,6,7,60-69,Female
45,IMM_1,3,6,7,60-69,Female
45,IMM_7,3,6,7,60-69,Female
45,IMM_3,0,6,7,60-69,Female
45,IMM_2,2,6,7,60-69,Female
45,IMM_10,0,6,7,60-69,Female
48,IMM_1,2,6,7,18-29,Female
48,IMM_4,4,6,7,18-29,Female
48,IMM_8,3,6,7,18-29,Female
48,IMM_7,2,6,7,18-29,Female
48,IMM_10,2,6,7,18-29,Female
48,IMM_3,4,6,7,18-29,Female
48,IMM_9,1,6,7,18-29,Female
48,IMM_6,3,6,7,18-29,Female
48,IMM_5,3,6,7,18-29,Female
48,IMM_2,2,6,7,18-29,Female
49,IMM_7,2,6,5,60-69,Male
49,IMM_1,4,6,5,60-69,Male
49,IMM_9,2,6,5,60-69,Male
49,IMM_3,0,6,5,60-69,Male
49,IMM_5,3,6,5,60-69,Male
49,IMM_2,0,6,5,60-69,Male
49,IMM_8,0,6,5,60-69,Male
49,IMM_10,2,6,5,60-69,Male
49,IMM_6,0,6,5,60-69,Male
49,IMM_4,0,6,5,60-69,Male
59,IMM_7,3,6,7,18-29,Female
59,IMM_10,3,6,7,18-29,Female
59,IMM_4,1,6,7,18-29,Female
59,IMM_9,3,6,7,18-29,Female
59,IMM_6,1,6,7,18-29,Female
59,IMM_5,1,6,7,18-29,Female
59,IMM_2,3,6,7,18-29,Female
59,IMM_8,3,6,7,18-29,Female
59,IMM_3,1,6,7,18-29,Female
59,IMM_1,4,6,7,18-29,Female
62,IMM_5,3,6,6,40-49,Male
62,IMM_3,0,6,6,40-49,Male
62,IMM_8,1,6,6,40-49,Male
62,IMM_1,3,6,6,40-49,Male
62,IMM_2,3,6,6,40-49,Male
62,IMM_6,2,6,6,40-49,Male
62,IMM_10,2,6,6,40-49,Male
62,IMM_9,3,6,6,40-49,Male
62,IMM_7,3,6,6,40-49,Male
62,IMM_4,1,6,6,40-49,Male
63,IMM_5,3,6,6,30-39,Male
63,IMM_4,3,6,6,30-39,Male
63,IMM_9,1,6,6,30-39,Male
63,IMM_7,2,6,6,30-39,Male
63,IMM_10,1,6,6,30-39,Male
63,IMM_2,1,6,6,30-39,Male
63,IMM_3,3,6,6,30-39,Male
63,IMM_6,1,6,6,30-39,Male
63,IMM_1,2,6,6,30-39,Male
63,IMM_8,1,6,6,30-39,Male
65,IMM_9,0,6,6,40-49,Female
65,IMM_3,4,6,6,40-49,Female
65,IMM_1,1,6,6,40-49,Female
65,IMM_8,4,6,6,40-49,Female
65,IMM_10,3,6,6,40-49,Female
65,IMM_7,2,6,6,40-49,Female
65,IMM_2,3,6,6,40-49,Female
65,IMM_5,2,6,6,40-49,Female
65,IMM_4,2,6,6,40-49,Female
65,IMM_6,4,6,6,40-49,Female
68,IMM_10,3,6,6,60-69,Female
68,IMM_9,3,6,6,60-69,Female
68,IMM_7,0,6,6,60-69,Female
68,IMM_6,3,6,6,60-69,Female
68,IMM_8,4,6,6,60-69,Female
68,IMM_4,1,6,6,60-69,Female
68,IMM_5,2,6,6,60-69,Female
68,IMM_3,3,6,6,60-69,Female
68,IMM_1,0,6,6,60-69,Female
68,IMM_2,4,6,6,60-69,Female
70,IMM_9,0,6,7,70-79,Male
70,IMM_7,4,6,7,70-79,Male
70,IMM_4,3,6,7,70-79,Male
70,IMM_3,0,6,7,70-79,Male
70,IMM_5,4,6,7,70-79,Male
70,IMM_10,0,6,7,70-79,Male
70,IMM_8,0,6,7,70-79,Male
70,IMM_6,0,6,7,70-79,Male
70,IMM_1,4,6,7,70-79,Male
70,IMM_2,0,6,7,70-79,Male
74,IMM_10,2,6,5,70-79,Female
74,IMM_2,2,6,5,70-79,Female
74,IMM_1,3,6,5,70-79,Female
74,IMM_5,3,6,5,70-79,Female
74,IMM_7,2,6,5,70-79,Female
74,IMM_4,3,6,5,70-79,Female
74,IMM_6,2,6,5,70-79,Female
74,IMM_9,2,6,5,70-79,Female
74,IMM_3,0,6,5,70-79,Female
74,IMM_8,3,6,5,70-79,Female
77,IMM_8,3,6,5,50-59,Female
77,IMM_3,2,6,5,50-59,Female
77,IMM_2,2,6,5,50-59,Female
77,IMM_5,1,6,5,50-59,Female
77,IMM_9,2,6,5,50-59,Female
77,IMM_6,3,6,5,50-59,Female
77,IMM_1,1,6,5,50-59,Female
77,IMM_7,3,6,5,50-59,Female
77,IMM_4,1,6,5,50-59,Female
77,IMM_10,3,6,5,50-59,Female
83,IMM_5,2,6,6,18-29,Female
83,IMM_6,2,6,6,18-29,Female
83,IMM_9,2,6,6,18-29,Female
83,IMM_2,2,6,6,18-29,Female
83,IMM_8,3,6,6,18-29,Female
83,IMM_10,2,6,6,18-29,Female
83,IMM_3,1,6,6,18-29,Female
83,IMM_1,3,6,6,18-29,Female
83,IMM_4,2,6,6,18-29,Female
83,IMM_7,2,6,6,18-29,Female
87,IMM_9,3,6,7,60-69,Female
87,IMM_4,1,6,7,60-69,Female
87,IMM_2,3,6,7,60-69,Female
87,IMM_6,1,6,7,60-69,Female
87,IMM_7,2,6,7,60-69,Female
87,IMM_10,3,6,7,60-69,Female
87,IMM_8,4,6,7,60-69,Female
87,IMM_3,0,6,7,60-69,Female
87,IMM_1,1,6,7,60-69,Female
87,IMM_5,3,6,7,60-69,Female
111,IMM_3,0,6,6,70-79,Male
111,IMM_5,4,6,6,70-79,Male
111,IMM_6,4,6,6,70-79,Male
111,IMM_10,3,6,6,70-79,Male
111,IMM_1,1,6,6,70-79,Male
111,IMM_7,2,6,6,70-79,Male
111,IMM_9,1,6,6,70-79,Male
111,IMM_4,3,6,6,70-79,Male
111,IMM_8,4,6,6,70-79,Male
111,IMM_2,3,6,6,70-79,Male
121,IMM_9,3,6,6,70-79,Female
121,IMM_8,3,6,6,70-79,Female
121,IMM_1,1,6,6,70-79,Female
121,IMM_2,3,6,6,70-79,Female
121,IMM_6,3,6,6,70-79,Female
121,IMM_4,1,6,6,70-79,Female
121,IMM_10,3,6,6,70-79,Female
121,IMM_5,4,6,6,70-79,Female
121,IMM_7,2,6,6,70-79,Female
121,IMM_3,2,6,6,70-79,Female
122,IMM_4,1,6,6,60-69,Female
122,IMM_9,2,6,6,60-69,Female
122,IMM_8,3,6,6,60-69,Female
122,IMM_2,3,6,6,60-69,Female
122,IMM_5,2,6,6,60-69,Female
122,IMM_1,1,6,6,60-69,Female
122,IMM_3,3,6,6,60-69,Female
122,IMM_10,2,6,6,60-69,Female
122,IMM_7,1,6,6,60-69,Female
122,IMM_6,1,6,6,60-69,Female
124,IMM_4,1,6,4,50-59,Female
124,IMM_3,2,6,4,50-59,Female
124,IMM_5,1,6,4,50-59,Female
124,IMM_10,1,6,4,50-59,Female
124,IMM_2,0,6,4,50-59,Female
124,IMM_9,1,6,4,50-59,Female
124,IMM_8,4,6,4,50-59,Female
124,IMM_7,2,6,4,50-59,Female
124,IMM_1,4,6,4,50-59,Female
124,IMM_6,1,6,4,50-59,Female
132,IMM_9,0,6,7,70-79,Female
132,IMM_1,2,6,7,70-79,Female
132,IMM_8,3,6,7,70-79,Female
132,IMM_3,0,6,7,70-79,Female
132,IMM_10,1,6,7,70-79,Female
132,IMM_7,1,6,7,70-79,Female
132,IMM_6,1,6,7,70-79,Female
132,IMM_5,1,6,7,70-79,Female
132,IMM_2,3,6,7,70-79,Female
132,IMM_4,0,6,7,70-79,Female
133,IMM_4,0,6,7,60-69,Female
133,IMM_6,1,6,7,60-69,Female
133,IMM_2,3,6,7,60-69,Female
133,IMM_1,4,6,7,60-69,Female
133,IMM_10,1,6,7,60-69,Female
133,IMM_5,4,6,7,60-69,Female
133,IMM_9,2,6,7,60-69,Female
133,IMM_8,1,6,7,60-69,Female
133,IMM_3,0,6,7,60-69,Female
133,IMM_7,3,6,7,60-69,Female
153,IMM_4,3,6,7,30-39,Female
153,IMM_8,4,6,7,30-39,Female
153,IMM_10,3,6,7,30-39,Female
153,IMM_2,4,6,7,30-39,Female
153,IMM_1,3,6,7,30-39,Female
153,IMM_3,1,6,7,30-39,Female
153,IMM_7,4,6,7,30-39,Female
153,IMM_6,3,6,7,30-39,Female
153,IMM_9,4,6,7,30-39,Female
153,IMM_5,4,6,7,30-39,Female
155,IMM_6,3,6,6,60-69,Male
155,IMM_7,2,6,6,60-69,Male
155,IMM_2,3,6,6,60-69,Male
155,IMM_8,3,6,6,60-69,Male
155,IMM_1,2,6,6,60-69,Male
155,IMM_9,2,6,6,60-69,Male
155,IMM_10,3,6,6,60-69,Male
155,IMM_5,4,6,6,60-69,Male
155,IMM_3,0,6,6,60-69,Male
155,IMM_4,1,6,6,60-69,Male
163,IMM_1,1,6,7,18-29,Male
163,IMM_9,4,6,7,18-29,Male
163,IMM_10,3,6,7,18-29,Male
163,IMM_5,1,6,7,18-29,Male
163,IMM_8,3,6,7,18-29,Male
163,IMM_7,1,6,7,18-29,Male
163,IMM_2,3,6,7,18-29,Male
163,IMM_4,1,6,7,18-29,Male
163,IMM_3,3,6,7,18-29,Male
163,IMM_6,1,6,7,18-29,Male
172,IMM_10,2,6,7,60-69,Female
172,IMM_5,3,6,7,60-69,Female
172,IMM_2,4,6,7,60-69,Female
172,IMM_6,1,6,7,60-69,Female
172,IMM_4,1,6,7,60-69,Female
172,IMM_1,2,6,7,60-69,Female
172,IMM_8,3,6,7,60-69,Female
172,IMM_3,0,6,7,60-69,Female
172,IMM_9,1,6,7,60-69,Female
172,IMM_7,3,6,7,60-69,Female
175,IMM_3,0,6,6,30-39,Male
175,IMM_9,0,6,6,30-39,Male
175,IMM_2,0,6,6,30-39,Male
175,IMM_8,0,6,6,30-39,Male
175,IMM_6,0,6,6,30-39,Male
175,IMM_5,2,6,6,30-39,Male
175,IMM_4,0,6,6,30-39,Male
175,IMM_1,4,6,6,30-39,Male
175,IMM_10,0,6,6,30-39,Male
175,IMM_7,1,6,6,30-39,Male
176,IMM_7,3,6,1,18-29,Male
176,IMM_4,4,6,1,18-29,Male
176,IMM_8,3,6,1,18-29,Male
176,IMM_1,4,6,1,18-29,Male
176,IMM_3,3,6,1,18-29,Male
176,IMM_6,4,6,1,18-29,Male
176,IMM_10,1,6,1,18-29,Male
176,IMM_9,3,6,1,18-29,Male
176,IMM_2,4,6,1,18-29,Male
176,IMM_5,3,6,1,18-29,Male
181,IMM_2,3,6,7,40-49,Female
181,IMM_10,3,6,7,40-49,Female
181,IMM_5,2,6,7,40-49,Female
181,IMM_9,2,6,7,40-49,Female
181,IMM_4,1,6,7,40-49,Female
181,IMM_3,0,6,7,40-49,Female
181,IMM_6,3,6,7,40-49,Female
181,IMM_8,4,6,7,40-49,Female
181,IMM_1,3,6,7,40-49,Female
181,IMM_7,1,6,7,40-49,Female
185,IMM_4,2,6,1,40-49,Female
185,IMM_5,1,6,1,40-49,Female
185,IMM_9,2,6,1,40-49,Female
185,IMM_10,3,6,1,40-49,Female
185,IMM_8,3,6,1,40-49,Female
185,IMM_3,3,6,1,40-49,Female
185,IMM_6,3,6,1,40-49,Female
185,IMM_7,3,6,1,40-49,Female
185,IMM_1,3,6,1,40-49,Female
185,IMM_2,2,6,1,40-49,Female
190,IMM_3,3,6,6,40-49,Female
190,IMM_10,3,6,6,40-49,Female
190,IMM_8,3,6,6,40-49,Female
190,IMM_5,2,6,6,40-49,Female
190,IMM_6,1,6,6,40-49,Female
190,IMM_4,1,6,6,40-49,Female
190,IMM_1,1,6,6,40-49,Female
190,IMM_2,3,6,6,40-49,Female
190,IMM_9,1,6,6,40-49,Female
190,IMM_7,1,6,6,40-49,Female
192,IMM_8,4,6,6,60-69,Female
192,IMM_3,0,6,6,60-69,Female
192,IMM_1,3,6,6,60-69,Female
192,IMM_9,2,6,6,60-69,Female
192,IMM_2,2,6,6,60-69,Female
192,IMM_6,3,6,6,60-69,Female
192,IMM_7,2,6,6,60-69,Female
192,IMM_5,1,6,6,60-69,Female
192,IMM_4,3,6,6,60-69,Female
192,IMM_10,1,6,6,60-69,Female
208,IMM_10,0,6,5,40-49,Female
208,IMM_1,4,6,5,40-49,Female
208,IMM_8,0,6,5,40-49,Female
208,IMM_6,0,6,5,40-49,Female
208,IMM_4,0,6,5,40-49,Female
208,IMM_7,3,6,5,40-49,Female
208,IMM_9,4,6,5,40-49,Female
208,IMM_3,0,6,5,40-49,Female
208,IMM_2,4,6,5,40-49,Female
208,IMM_5,4,6,5,40-49,Female
212,IMM_7,2,6,7,18-29,Female
212,IMM_1,4,6,7,18-29,Female
212,IMM_4,1,6,7,18-29,Female
212,IMM_9,3,6,7,18-29,Female
212,IMM_2,3,6,7,18-29,Female
212,IMM_3,3,6,7,18-29,Female
212,IMM_5,3,6,7,18-29,Female
212,IMM_10,1,6,7,18-29,Female
212,IMM_8,4,6,7,18-29,Female
212,IMM_6,1,6,7,18-29,Female
216,IMM_6,1,6,6,60-69,Female
216,IMM_10,1,6,6,60-69,Female
216,IMM_9,2,6,6,60-69,Female
216,IMM_7,2,6,6,60-69,Female
216,IMM_5,3,6,6,60-69,Female
216,IMM_3,0,6,6,60-69,Female
216,IMM_8,3,6,6,60-69,Female
216,IMM_4,1,6,6,60-69,Female
216,IMM_1,2,6,6,60-69,Female
216,IMM_2,1,6,6,60-69,Female
224,IMM_1,3,6,7,60-69,Female
224,IMM_6,3,6,7,60-69,Female
224,IMM_7,3,6,7,60-69,Female
224,IMM_10,1,6,7,60-69,Female
224,IMM_9,2,6,7,60-69,Female
224,IMM_8,1,6,7,60-69,Female
224,IMM_2,3,6,7,60-69,Female
224,IMM_3,0,6,7,60-69,Female
224,IMM_4,0,6,7,60-69,Female
224,IMM_5,4,6,7,60-69,Female
231,IMM_2,1,6,7,18-29,Female
231,IMM_8,3,6,7,18-29,Female
231,IMM_10,4,6,7,18-29,Female
231,IMM_1,3,6,7,18-29,Female
231,IMM_5,3,6,7,18-29,Female
231,IMM_7,1,6,7,18-29,Female
231,IMM_3,0,6,7,18-29,Female
231,IMM_4,1,6,7,18-29,Female
231,IMM_9,3,6,7,18-29,Female
231,IMM_6,4,6,7,18-29,Female
233,IMM_5,1,6,7,18-29,Female
233,IMM_7,1,6,7,18-29,Female
233,IMM_4,1,6,7,18-29,Female
233,IMM_1,2,6,7,18-29,Female
233,IMM_9,3,6,7,18-29,Female
233,IMM_8,3,6,7,18-29,Female
233,IMM_3,4,6,7,18-29,Female
233,IMM_10,3,6,7,18-29,Female
233,IMM_6,4,6,7,18-29,Female
233,IMM_2,3,6,7,18-29,Female
235,IMM_7,3,6,6,60-69,Male
235,IMM_9,3,6,6,60-69,Male
235,IMM_8,1,6,6,60-69,Male
235,IMM_2,4,6,6,60-69,Male
235,IMM_10,1,6,6,60-69,Male
235,IMM_6,1,6,6,60-69,Male
235,IMM_5,3,6,6,60-69,Male
235,IMM_4,3,6,6,60-69,Male
235,IMM_3,1,6,6,60-69,Male
235,IMM_1,2,6,6,60-69,Male
238,IMM_4,2,6,5,50-59,Female
238,IMM_2,2,6,5,50-59,Female
238,IMM_8,2,6,5,50-59,Female
238,IMM_9,2,6,5,50-59,Female
238,IMM_6,4,6,5,50-59,Female
238,IMM_7,1,6,5,50-59,Female
238,IMM_3,2,6,5,50-59,Female
238,IMM_5,2,6,5,50-59,Female
238,IMM_1,2,6,5,50-59,Female
238,IMM_10,2,6,5,50-59,Female
244,IMM_5,4,6,6,70-79,Female
244,IMM_10,0,6,6,70-79,Female
244,IMM_6,3,6,6,70-79,Female
244,IMM_2,4,6,6,70-79,Female
244,IMM_7,3,6,6,70-79,Female
244,IMM_8,1,6,6,70-79,Female
244,IMM_9,4,6,6,70-79,Female
244,IMM_3,0,6,6,70-79,Female
244,IMM_1,4,6,6,70-79,Female
244,IMM_4,0,6,6,70-79,Female
247,IMM_10,3,6,2,40-49,Male
247,IMM_3,2,6,2,40-49,Male
247,IMM_7,2,6,2,40-49,Male
247,IMM_4,1,6,2,40-49,Male
247,IMM_9,2,6,2,40-49,Male
247,IMM_5,1,6,2,40-49,Male
247,IMM_2,3,6,2,40-49,Male
247,IMM_1,2,6,2,40-49,Male
247,IMM_8,3,6,2,40-49,Male
247,IMM_6,3,6,2,40-49,Male
255,IMM_6,2,6,2,60-69,Female
255,IMM_2,4,6,2,60-69,Female
255,IMM_7,1,6,2,60-69,Female
255,IMM_8,4,6,2,60-69,Female
255,IMM_9,0,6,2,60-69,Female
255,IMM_5,4,6,2,60-69,Female
255,IMM_3,0,6,2,60-69,Female
255,IMM_10,3,6,2,60-69,Female
255,IMM_1,1,6,2,60-69,Female
255,IMM_4,0,6,2,60-69,Female
257,IMM_7,0,6,2,30-39,Female
257,IMM_10,4,6,2,30-39,Female
257,IMM_1,2,6,2,30-39,Female
257,IMM_2,3,6,2,30-39,Female
257,IMM_3,1,6,2,30-39,Female
257,IMM_4,2,6,2,30-39,Female
257,IMM_8,4,6,2,30-39,Female
257,IMM_6,3,6,2,30-39,Female
257,IMM_5,3,6,2,30-39,Female
257,IMM_9,3,6,2,30-39,Female
260,IMM_5,2,6,2,30-39,Female
260,IMM_10,0,6,2,30-39,Female
260,IMM_4,3,6,2,30-39,Female
260,IMM_7,0,6,2,30-39,Female
260,IMM_1,1,6,2,30-39,Female
260,IMM_6,3,6,2,30-39,Female
260,IMM_3,3,6,2,30-39,Female
260,IMM_9,3,6,2,30-39,Female
260,IMM_8,1,6,2,30-39,Female
260,IMM_2,3,6,2,30-39,Female
270,IMM_3,1,6,7,40-49,Female
270,IMM_5,3,6,7,40-49,Female
270,IMM_6,3,6,7,40-49,Female
270,IMM_2,3,6,7,40-49,Female
270,IMM_1,2,6,7,40-49,Female
270,IMM_8,1,6,7,40-49,Female
270,IMM_4,1,6,7,40-49,Female
270,IMM_9,2,6,7,40-49,Female
270,IMM_7,1,6,7,40-49,Female
270,IMM_10,3,6,7,40-49,Female
272,IMM_2,0,6,7,18-29,Female
272,IMM_7,3,6,7,18-29,Female
272,IMM_5,1,6,7,18-29,Female
272,IMM_8,1,6,7,18-29,Female
272,IMM_1,4,6,7,18-29,Female
272,IMM_10,0,6,7,18-29,Female
272,IMM_3,0,6,7,18-29,Female
272,IMM_9,2,6,7,18-29,Female
272,IMM_6,1,6,7,18-29,Female
272,IMM_4,0,6,7,18-29,Female
280,IMM_2,2,6,7,50-59,Female
280,IMM_1,3,6,7,50-59,Female
280,IMM_7,3,6,7,50-59,Female
280,IMM_9,3,6,7,50-59,Female
280,IMM_10,3,6,7,50-59,Female
280,IMM_5,4,6,7,50-59,Female
280,IMM_3,1,6,7,50-59,Female
280,IMM_4,1,6,7,50-59,Female
280,IMM_8,3,6,7,50-59,Female
280,IMM_6,4,6,7,50-59,Female
283,IMM_8,1,6,7,70-79,Male
283,IMM_3,0,6,7,70-79,Male
283,IMM_1,3,6,7,70-79,Male
283,IMM_4,0,6,7,70-79,Male
283,IMM_5,3,6,7,70-79,Male
283,IMM_10,3,6,7,70-79,Male
283,IMM_7,2,6,7,70-79,Male
283,IMM_2,2,6,7,70-79,Male
283,IMM_9,4,6,7,70-79,Male
283,IMM_6,3,6,7,70-79,Male
290,IMM_9,1,6,1,30-39,Male
290,IMM_2,3,6,1,30-39,Male
290,IMM_8,3,6,1,30-39,Male
290,IMM_1,1,6,1,30-39,Male
290,IMM_7,3,6,1,30-39,Male
290,IMM_3,1,6,1,30-39,Male
290,IMM_6,3,6,1,30-39,Male
290,IMM_4,3,6,1,30-39,Male
290,IMM_5,3,6,1,30-39,Male
290,IMM_10,3,6,1,30-39,Male
304,IMM_6,3,6,6,50-59,Male
304,IMM_8,4,6,6,50-59,Male
304,IMM_7,2,6,6,50-59,Male
304,IMM_1,4,6,6,50-59,Male
304,IMM_2,3,6,6,50-59,Male
304,IMM_4,1,6,6,50-59,Male
304,IMM_5,3,6,6,50-59,Male
304,IMM_10,1,6,6,50-59,Male
304,IMM_3,0,6,6,50-59,Male
304,IMM_9,1,6,6,50-59,Male
305,IMM_6,4,6,7,60-69,Male
305,IMM_7,0,6,7,60-69,Male
305,IMM_2,4,6,7,60-69,Male
305,IMM_9,4,6,7,60-69,Male
305,IMM_3,0,6,7,60-69,Male
305,IMM_4,3,6,7,60-69,Male
305,IMM_1,1,6,7,60-69,Male
305,IMM_8,3,6,7,60-69,Male
305,IMM_5,3,6,7,60-69,Male
305,IMM_10,3,6,7,60-69,Male
316,IMM_8,4,6,7,60-69,Male
316,IMM_6,1,6,7,60-69,Male
316,IMM_5,4,6,7,60-69,Male
316,IMM_4,4,6,7,60-69,Male
316,IMM_1,4,6,7,60-69,Male
316,IMM_3,0,6,7,60-69,Male
316,IMM_7,4,6,7,60-69,Male
316,IMM_2,4,6,7,60-69,Male
316,IMM_9,0,6,7,60-69,Male
316,IMM_10,0,6,7,60-69,Male
320,IMM_5,1,6,2,50-59,Female
320,IMM_9,3,6,2,50-59,Female
320,IMM_3,3,6,2,50-59,Female
320,IMM_8,3,6,2,50-59,Female
320,IMM_10,4,6,2,50-59,Female
320,IMM_7,1,6,2,50-59,Female
320,IMM_4,2,6,2,50-59,Female
320,IMM_1,2,6,2,50-59,Female
320,IMM_2,3,6,2,50-59,Female
320,IMM_6,3,6,2,50-59,Female
328,IMM_9,0,6,6,60-69,Female
328,IMM_1,1,6,6,60-69,Female
328,IMM_7,1,6,6,60-69,Female
328,IMM_2,4,6,6,60-69,Female
328,IMM_5,3,6,6,60-69,Female
328,IMM_8,3,6,6,60-69,Female
328,IMM_10,3,6,6,60-69,Female
328,IMM_6,4,6,6,60-69,Female
328,IMM_3,1,6,6,60-69,Female
328,IMM_4,1,6,6,60-69,Female
331,IMM_1,1,6,7,70-79,Female
331,IMM_10,4,6,7,70-79,Female
331,IMM_5,1,6,7,70-79,Female
331,IMM_9,4,6,7,70-79,Female
331,IMM_6,4,6,7,70-79,Female
331,IMM_4,3,6,7,70-79,Female
331,IMM_8,4,6,7,70-79,Female
331,IMM_7,3,6,7,70-79,Female
331,IMM_3,0,6,7,70-79,Female
331,IMM_2,4,6,7,70-79,Female
340,IMM_3,3,6,6,50-59,Female
340,IMM_1,2,6,6,50-59,Female
340,IMM_9,2,6,6,50-59,Female
340,IMM_6,3,6,6,50-59,Female
340,IMM_7,2,6,6,50-59,Female
340,IMM_5,0,6,6,50-59,Female
340,IMM_8,4,6,6,50-59,Female
340,IMM_10,2,6,6,50-59,Female
340,IMM_4,1,6,6,50-59,Female
340,IMM_2,3,6,6,50-59,Female
345,IMM_7,4,6,5,50-59,Female
345,IMM_5,4,6,5,50-59,Female
345,IMM_2,0,6,5,50-59,Female
345,IMM_8,0,6,5,50-59,Female
345,IMM_6,3,6,5,50-59,Female
345,IMM_4,0,6,5,50-59,Female
345,IMM_1,4,6,5,50-59,Female
345,IMM_9,0,6,5,50-59,Female
345,IMM_3,0,6,5,50-59,Female
345,IMM_10,0,6,5,50-59,Female
352,IMM_7,3,6,7,30-39,Male
352,IMM_9,1,6,7,30-39,Male
352,IMM_3,1,6,7,30-39,Male
352,IMM_6,1,6,7,30-39,Male
352,IMM_5,3,6,7,30-39,Male
352,IMM_10,0,6,7,30-39,Male
352,IMM_2,2,6,7,30-39,Male
352,IMM_1,3,6,7,30-39,Male
352,IMM_4,1,6,7,30-39,Male
352,IMM_8,1,6,7,30-39,Male
377,IMM_9,3,6,7,30-39,Female
377,IMM_7,2,6,7,30-39,Female
377,IMM_3,2,6,7,30-39,Female
377,IMM_4,0,6,7,30-39,Female
377,IMM_8,2,6,7,30-39,Female
377,IMM_1,2,6,7,30-39,Female
377,IMM_2,3,6,7,30-39,Female
377,IMM_6,2,6,7,30-39,Female
377,IMM_5,1,6,7,30-39,Female
377,IMM_10,2,6,7,30-39,Female
394,IMM_6,1,6,7,18-29,Female
394,IMM_4,1,6,7,18-29,Female
394,IMM_1,4,6,7,18-29,Female
394,IMM_7,3,6,7,18-29,Female
394,IMM_2,1,6,7,18-29,Female
394,IMM_10,3,6,7,18-29,Female
394,IMM_8,3,6,7,18-29,Female
394,IMM_9,4,6,7,18-29,Female
394,IMM_3,1,6,7,18-29,Female
394,IMM_5,1,6,7,18-29,Female
411,IMM_8,3,6,7,60-69,Female
411,IMM_9,2,6,7,60-69,Female
411,IMM_1,3,6,7,60-69,Female
411,IMM_2,3,6,7,60-69,Female
411,IMM_7,3,6,7,60-69,Female
411,IMM_3,0,6,7,60-69,Female
411,IMM_4,2,6,7,60-69,Female
411,IMM_10,3,6,7,60-69,Female
411,IMM_5,3,6,7,60-69,Female
411,IMM_6,3,6,7,60-69,Female
414,IMM_2,3,6,7,30-39,Male
414,IMM_5,2,6,7,30-39,Male
414,IMM_9,3,6,7,30-39,Male
414,IMM_6,1,6,7,30-39,Male
414,IMM_7,1,6,7,30-39,Male
414,IMM_4,1,6,7,30-39,Male
414,IMM_8,3,6,7,30-39,Male
414,IMM_10,1,6,7,30-39,Male
414,IMM_1,1,6,7,30-39,Male
414,IMM_3,1,6,7,30-39,Male
419,IMM_2,1,6,6,18-29,Female
419,IMM_4,2,6,6,18-29,Female
419,IMM_5,0,6,6,18-29,Female
419,IMM_3,3,6,6,18-29,Female
419,IMM_9,2,6,6,18-29,Female
419,IMM_6,3,6,6,18-29,Female
419,IMM_8,3,6,6,18-29,Female
419,IMM_7,1,6,6,18-29,Female
419,IMM_1,1,6,6,18-29,Female
419,IMM_10,3,6,6,18-29,Female
421,IMM_10,1,6,6,70-79,Male
421,IMM_1,4,6,6,70-79,Male
421,IMM_5,4,6,6,70-79,Male
421,IMM_3,0,6,6,70-79,Male
421,IMM_4,1,6,6,70-79,Male
421,IMM_2,3,6,6,70-79,Male
421,IMM_9,3,6,6,70-79,Male
421,IMM_7,4,6,6,70-79,Male
421,IMM_8,1,6,6,70-79,Male
421,IMM_6,4,6,6,70-79,Male
422,IMM_2,0,6,7,60-69,Male
422,IMM_3,1,6,7,60-69,Male
422,IMM_4,1,6,7,60-69,Male
422,IMM_1,0,6,7,60-69,Male
422,IMM_6,0,6,7,60-69,Male
422,IMM_9,4,6,7,60-69,Male
422,IMM_10,0,6,7,60-69,Male
422,IMM_5,0,6,7,60-69,Male
422,IMM_8,4,6,7,60-69,Male
422,IMM_7,2,6,7,60-69,Male
426,IMM_8,0,6,5,18-29,Male
426,IMM_5,1,6,5,18-29,Male
426,IMM_1,4,6,5,18-29,Male
426,IMM_4,0,6,5,18-29,Male
426,IMM_6,3,6,5,18-29,Male
426,IMM_7,3,6,5,18-29,Male
426,IMM_9,0,6,5,18-29,Male
426,IMM_2,3,6,5,18-29,Male
426,IMM_10,0,6,5,18-29,Male
426,IMM_3,0,6,5,18-29,Male
436,IMM_8,4,6,7,70-79,Male
436,IMM_6,1,6,7,70-79,Male
436,IMM_10,4,6,7,70-79,Male
436,IMM_3,3,6,7,70-79,Male
436,IMM_2,0,6,7,70-79,Male
436,IMM_1,4,6,7,70-79,Male
436,IMM_5,1,6,7,70-79,Male
436,IMM_7,0,6,7,70-79,Male
436,IMM_4,1,6,7,70-79,Male
436,IMM_9,1,6,7,70-79,Male
438,IMM_7,3,6,7,60-69,Male
438,IMM_1,1,6,7,60-69,Male
438,IMM_3,0,6,7,60-69,Male
438,IMM_9,2,6,7,60-69,Male
438,IMM_8,3,6,7,60-69,Male
438,IMM_2,0,6,7,60-69,Male
438,IMM_5,4,6,7,60-69,Male
438,IMM_6,2,6,7,60-69,Male
438,IMM_4,0,6,7,60-69,Male
438,IMM_10,0,6,7,60-69,Male
462,IMM_8,1,6,7,50-59,Male
462,IMM_9,3,6,7,50-59,Male
462,IMM_10,1,6,7,50-59,Male
462,IMM_1,3,6,7,50-59,Male
462,IMM_5,2,6,7,50-59,Male
462,IMM_2,1,6,7,50-59,Male
462,IMM_7,2,6,7,50-59,Male
462,IMM_4,1,6,7,50-59,Male
462,IMM_6,3,6,7,50-59,Male
462,IMM_3,2,6,7,50-59,Male
467,IMM_9,3,6,1,40-49,Male
467,IMM_5,3,6,1,40-49,Male
467,IMM_1,3,6,1,40-49,Male
467,IMM_4,3,6,1,40-49,Male
467,IMM_7,3,6,1,40-49,Male
467,IMM_8,1,6,1,40-49,Male
467,IMM_2,3,6,1,40-49,Male
467,IMM_3,3,6,1,40-49,Male
467,IMM_10,3,6,1,40-49,Male
467,IMM_6,3,6,1,40-49,Male
468,IMM_2,0,6,7,60-69,Male
468,IMM_5,2,6,7,60-69,Male
468,IMM_1,3,6,7,60-69,Male
468,IMM_10,2,6,7,60-69,Male
468,IMM_7,3,6,7,60-69,Male
468,IMM_6,3,6,7,60-69,Male
468,IMM_8,1,6,7,60-69,Male
468,IMM_3,0,6,7,60-69,Male
468,IMM_9,0,6,7,60-69,Male
468,IMM_4,3,6,7,60-69,Male
475,IMM_6,3,6,7,70-79,Male
475,IMM_2,3,6,7,70-79,Male
475,IMM_4,0,6,7,70-79,Male
475,IMM_1,3,6,7,70-79,Male
475,IMM_3,0,6,7,70-79,Male
475,IMM_5,4,6,7,70-79,Male
475,IMM_9,2,6,7,70-79,Male
475,IMM_8,3,6,7,70-79,Male
475,IMM_10,0,6,7,70-79,Male
475,IMM_7,2,6,7,70-79,Male
478,IMM_5,3,6,7,50-59,Male
478,IMM_1,2,6,7,50-59,Male
478,IMM_10,0,6,7,50-59,Male
478,IMM_7,2,6,7,50-59,Male
478,IMM_3,0,6,7,50-59,Male
478,IMM_2,2,6,7,50-59,Male
478,IMM_9,3,6,7,50-59,Male
478,IMM_6,2,6,7,50-59,Male
478,IMM_4,3,6,7,50-59,Male
478,IMM_8,4,6,7,50-59,Male
484,IMM_1,3,6,7,70-79,Male
484,IMM_2,3,6,7,70-79,Male
484,IMM_3,0,6,7,70-79,Male
484,IMM_10,1,6,7,70-79,Male
484,IMM_8,4,6,7,70-79,Male
484,IMM_4,1,6,7,70-79,Male
484,IMM_9,2,6,7,70-79,Male
484,IMM_5,3,6,7,70-79,Male
484,IMM_7,3,6,7,70-79,Male
484,IMM_6,3,6,7,70-79,Male
488,IMM_6,3,6,7,70-79,Male
488,IMM_7,3,6,7,70-79,Male
488,IMM_8,3,6,7,70-79,Male
488,IMM_10,2,6,7,70-79,Male
488,IMM_2,1,6,7,70-79,Male
488,IMM_1,4,6,7,70-79,Male
488,IMM_9,3,6,7,70-79,Male
488,IMM_4,0,6,7,70-79,Male
488,IMM_3,0,6,7,70-79,Male
488,IMM_5,4,6,7,70-79,Male
489,IMM_1,0,6,5,18-29,Male
489,IMM_5,2,6,5,18-29,Male
489,IMM_10,3,6,5,18-29,Male
489,IMM_6,4,6,5,18-29,Male
489,IMM_8,0,6,5,18-29,Male
489,IMM_9,0,6,5,18-29,Male
489,IMM_4,2,6,5,18-29,Male
489,IMM_2,4,6,5,18-29,Male
489,IMM_7,0,6,5,18-29,Male
489,IMM_3,4,6,5,18-29,Male
494,IMM_1,4,6,7,18-29,Male
494,IMM_10,3,6,7,18-29,Male
494,IMM_6,3,6,7,18-29,Male
494,IMM_8,3,6,7,18-29,Male
494,IMM_4,1,6,7,18-29,Male
494,IMM_2,4,6,7,18-29,Male
494,IMM_5,3,6,7,18-29,Male
494,IMM_3,0,6,7,18-29,Male
494,IMM_7,1,6,7,18-29,Male
494,IMM_9,3,6,7,18-29,Male
515,IMM_3,4,6,6,70-79,Male
515,IMM_10,1,6,6,70-79,Male
515,IMM_1,0,6,6,70-79,Male
515,IMM_6,1,6,6,70-79,Male
515,IMM_4,1,6,6,70-79,Male
515,IMM_8,0,6,6,70-79,Male
515,IMM_9,3,6,6,70-79,Male
515,IMM_5,3,6,6,70-79,Male
515,IMM_7,1,6,6,70-79,Male
515,IMM_2,0,6,6,70-79,Male
517,IMM_8,4,6,7,40-49,Male
517,IMM_3,0,6,7,40-49,Male
517,IMM_2,3,6,7,40-49,Male
517,IMM_5,3,6,7,40-49,Male
517,IMM_7,2,6,7,40-49,Male
517,IMM_4,1,6,7,40-49,Male
517,IMM_6,4,6,7,40-49,Male
517,IMM_10,0,6,7,40-49,Male
517,IMM_1,3,6,7,40-49,Male
517,IMM_9,2,6,7,40-49,Male
530,IMM_7,3,6,7,30-39,Female
530,IMM_6,2,6,7,30-39,Female
530,IMM_1,4,6,7,30-39,Female
530,IMM_8,1,6,7,30-39,Female
530,IMM_10,1,6,7,30-39,Female
530,IMM_2,1,6,7,30-39,Female
530,IMM_3,0,6,7,30-39,Female
530,IMM_5,2,6,7,30-39,Female
530,IMM_9,1,6,7,30-39,Female
530,IMM_4,1,6,7,30-39,Female
536,IMM_8,1,6,7,50-59,Female
536,IMM_2,4,6,7,50-59,Female
536,IMM_10,2,6,7,50-59,Female
536,IMM_3,0,6,7,50-59,Female
536,IMM_4,1,6,7,50-59,Female
536,IMM_5,3,6,7,50-59,Female
536,IMM_7,1,6,7,50-59,Female
536,IMM_9,2,6,7,50-59,Female
536,IMM_6,1,6,7,50-59,Female
536,IMM_1,3,6,7,50-59,Female
555,IMM_9,3,6,5,70-79,Male
555,IMM_3,0,6,5,70-79,Male
555,IMM_5,1,6,5,70-79,Male
555,IMM_4,0,6,5,70-79,Male
555,IMM_10,3,6,5,70-79,Male
555,IMM_2,0,6,5,70-79,Male
555,IMM_7,3,6,5,70-79,Male
555,IMM_6,4,6,5,70-79,Male
555,IMM_1,4,6,5,70-79,Male
555,IMM_8,0,6,5,70-79,Male
565,IMM_7,1,6,3,70-79,Female
565,IMM_2,3,6,3,70-79,Female
565,IMM_3,3,6,3,70-79,Female
565,IMM_6,3,6,3,70-79,Female
565,IMM_9,1,6,3,70-79,Female
565,IMM_10,0,6,3,70-79,Female
565,IMM_8,3,6,3,70-79,Female
565,IMM_4,2,6,3,70-79,Female
565,IMM_5,1,6,3,70-79,Female
565,IMM_1,0,6,3,70-79,Female
570,IMM_7,2,6,6,60-69,Female
570,IMM_6,3,6,6,60-69,Female
570,IMM_8,1,6,6,60-69,Female
570,IMM_1,3,6,6,60-69,Female
570,IMM_5,3,6,6,60-69,Female
570,IMM_10,1,6,6,60-69,Female
570,IMM_3,0,6,6,60-69,Female
570,IMM_2,0,6,6,60-69,Female
570,IMM_4,0,6,6,60-69,Female
570,IMM_9,4,6,6,60-69,Female
571,IMM_4,1,6,7,30-39,Female
571,IMM_5,3,6,7,30-39,Female
571,IMM_7,0,6,7,30-39,Female
571,IMM_2,4,6,7,30-39,Female
571,IMM_10,1,6,7,30-39,Female
571,IMM_8,2,6,7,30-39,Female
571,IMM_9,2,6,7,30-39,Female
571,IMM_3,3,6,7,30-39,Female
571,IMM_1,2,6,7,30-39,Female
571,IMM_6,2,6,7,30-39,Female
580,IMM_7,2,6,5,30-39,Male
580,IMM_6,2,6,5,30-39,Male
580,IMM_10,3,6,5,30-39,Male
580,IMM_3,0,6,5,30-39,Male
580,IMM_4,2,6,5,30-39,Male
580,IMM_5,3,6,5,30-39,Male
580,IMM_8,3,6,5,30-39,Male
580,IMM_9,2,6,5,30-39,Male
580,IMM_1,3,6,5,30-39,Male
580,IMM_2,3,6,5,30-39,Male
583,IMM_4,1,6,7,18-29,Female
583,IMM_1,2,6,7,18-29,Female
583,IMM_8,3,6,7,18-29,Female
583,IMM_2,3,6,7,18-29,Female
583,IMM_5,0,6,7,18-29,Female
583,IMM_7,0,6,7,18-29,Female
583,IMM_9,3,6,7,18-29,Female
583,IMM_6,3,6,7,18-29,Female
583,IMM_3,4,6,7,18-29,Female
583,IMM_10,3,6,7,18-29,Female
598,IMM_8,3,6,7,18-29,Female
598,IMM_5,0,6,7,18-29,Female
598,IMM_9,0,6,7,18-29,Female
598,IMM_4,1,6,7,18-29,Female
598,IMM_3,2,6,7,18-29,Female
598,IMM_6,0,6,7,18-29,Female
598,IMM_2,1,6,7,18-29,Female
598,IMM_10,1,6,7,18-29,Female
598,IMM_1,4,6,7,18-29,Female
598,IMM_7,3,6,7,18-29,Female
604,IMM_10,2,6,7,30-39,Female
604,IMM_5,2,6,7,30-39,Female
604,IMM_1,3,6,7,30-39,Female
604,IMM_2,3,6,7,30-39,Female
604,IMM_8,1,6,7,30-39,Female
604,IMM_7,2,6,7,30-39,Female
604,IMM_9,2,6,7,30-39,Female
604,IMM_6,2,6,7,30-39,Female
604,IMM_4,1,6,7,30-39,Female
604,IMM_3,1,6,7,30-39,Female
616,IMM_6,0,6,6,40-49,Female
616,IMM_3,0,6,6,40-49,Female
616,IMM_5,3,6,6,40-49,Female
616,IMM_7,2,6,6,40-49,Female
616,IMM_9,3,6,6,40-49,Female
616,IMM_2,1,6,6,40-49,Female
616,IMM_8,1,6,6,40-49,Female
616,IMM_10,0,6,6,40-49,Female
616,IMM_1,4,6,6,40-49,Female
616,IMM_4,0,6,6,40-49,Female
617,IMM_9,3,6,7,30-39,Female
617,IMM_10,3,6,7,30-39,Female
617,IMM_4,0,6,7,30-39,Female
617,IMM_8,4,6,7,30-39,Female
617,IMM_1,1,6,7,30-39,Female
617,IMM_5,1,6,7,30-39,Female
617,IMM_6,1,6,7,30-39,Female
617,IMM_2,4,6,7,30-39,Female
617,IMM_3,0,6,7,30-39,Female
617,IMM_7,1,6,7,30-39,Female
621,IMM_1,1,6,2,60-69,Female
621,IMM_10,2,6,2,60-69,Female
621,IMM_7,1,6,2,60-69,Female
621,IMM_2,3,6,2,60-69,Female
621,IMM_9,2,6,2,60-69,Female
621,IMM_6,4,6,2,60-69,Female
621,IMM_8,0,6,2,60-69,Female
621,IMM_4,2,6,2,60-69,Female
621,IMM_3,4,6,2,60-69,Female
621,IMM_5,1,6,2,60-69,Female
634,IMM_4,0,6,6,40-49,Female
634,IMM_10,3,6,6,40-49,Female
634,IMM_7,3,6,6,40-49,Female
634,IMM_8,2,6,6,40-49,Female
634,IMM_6,0,6,6,40-49,Female
634,IMM_3,0,6,6,40-49,Female
634,IMM_2,2,6,6,40-49,Female
634,IMM_9,1,6,6,40-49,Female
634,IMM_1,3,6,6,40-49,Female
634,IMM_5,2,6,6,40-49,Female
643,IMM_3,1,6,1,18-29,Female
643,IMM_8,2,6,1,18-29,Female
643,IMM_5,0,6,1,18-29,Female
643,IMM_4,1,6,1,18-29,Female
643,IMM_10,4,6,1,18-29,Female
643,IMM_7,0,6,1,18-29,Female
643,IMM_6,3,6,1,18-29,Female
643,IMM_1,3,6,1,18-29,Female
643,IMM_2,3,6,1,18-29,Female
643,IMM_9,2,6,1,18-29,Female
651,IMM_1,0,6,7,18-29,Female
651,IMM_5,0,6,7,18-29,Female
651,IMM_8,4,6,7,18-29,Female
651,IMM_3,4,6,7,18-29,Female
651,IMM_7,2,6,7,18-29,Female
651,IMM_4,2,6,7,18-29,Female
651,IMM_6,3,6,7,18-29,Female
651,IMM_10,3,6,7,18-29,Female
651,IMM_2,2,6,7,18-29,Female
651,IMM_9,3,6,7,18-29,Female
653,IMM_3,0,6,7,18-29,Female
653,IMM_1,4,6,7,18-29,Female
653,IMM_5,2,6,7,18-29,Female
653,IMM_4,2,6,7,18-29,Female
653,IMM_7,3,6,7,18-29,Female
653,IMM_8,1,6,7,18-29,Female
653,IMM_10,2,6,7,18-29,Female
653,IMM_9,2,6,7,18-29,Female
653,IMM_2,2,6,7,18-29,Female
653,IMM_6,1,6,7,18-29,Female
658,IMM_1,0,6,6,18-29,Female
658,IMM_7,1,6,6,18-29,Female
658,IMM_8,3,6,6,18-29,Female
658,IMM_9,3,6,6,18-29,Female
658,IMM_4,1,6,6,18-29,Female
658,IMM_2,2,6,6,18-29,Female
658,IMM_5,1,6,6,18-29,Female
658,IMM_6,4,6,6,18-29,Female
658,IMM_10,2,6,6,18-29,Female
658,IMM_3,3,6,6,18-29,Female
661,IMM_5,4,6,7,70-79,Male
661,IMM_8,4,6,7,70-79,Male
661,IMM_2,0,6,7,70-79,Male
661,IMM_9,1,6,7,70-79,Male
661,IMM_10,0,6,7,70-79,Male
661,IMM_1,4,6,7,70-79,Male
661,IMM_4,1,6,7,70-79,Male
661,IMM_3,0,6,7,70-79,Male
661,IMM_6,1,6,7,70-79,Male
661,IMM_7,4,6,7,70-79,Male
662,IMM_1,3,6,6,18-29,Female
662,IMM_8,2,6,6,18-29,Female
662,IMM_9,3,6,6,18-29,Female
662,IMM_5,2,6,6,18-29,Female
662,IMM_10,2,6,6,18-29,Female
662,IMM_6,2,6,6,18-29,Female
662,IMM_2,3,6,6,18-29,Female
662,IMM_3,1,6,6,18-29,Female
662,IMM_7,3,6,6,18-29,Female
662,IMM_4,3,6,6,18-29,Female
663,IMM_2,3,6,7,70-79,Female
663,IMM_4,0,6,7,70-79,Female
663,IMM_10,1,6,7,70-79,Female
663,IMM_5,1,6,7,70-79,Female
663,IMM_8,3,6,7,70-79,Female
663,IMM_7,3,6,7,70-79,Female
663,IMM_3,0,6,7,70-79,Female
663,IMM_6,3,6,7,70-79,Female
663,IMM_9,1,6,7,70-79,Female
663,IMM_1,4,6,7,70-79,Female
666,IMM_10,1,6,7,30-39,Female
666,IMM_6,0,6,7,30-39,Female
666,IMM_4,1,6,7,30-39,Female
666,IMM_2,1,6,7,30-39,Female
666,IMM_5,1,6,7,30-39,Female
666,IMM_9,1,6,7,30-39,Female
666,IMM_8,1,6,7,30-39,Female
666,IMM_3,0,6,7,30-39,Female
666,IMM_7,3,6,7,30-39,Female
666,IMM_1,4,6,7,30-39,Female
694,IMM_7,3,6,7,40-49,Female
694,IMM_9,0,6,7,40-49,Female
694,IMM_3,0,6,7,40-49,Female
694,IMM_1,4,6,7,40-49,Female
694,IMM_4,3,6,7,40-49,Female
694,IMM_10,0,6,7,40-49,Female
694,IMM_6,3,6,7,40-49,Female
694,IMM_5,3,6,7,40-49,Female
694,IMM_8,3,6,7,40-49,Female
694,IMM_2,3,6,7,40-49,Female
722,IMM_9,3,6,2,60-69,Female
722,IMM_10,3,6,2,60-69,Female
722,IMM_2,3,6,2,60-69,Female
722,IMM_4,3,6,2,60-69,Female
722,IMM_6,3,6,2,60-69,Female
722,IMM_7,1,6,2,60-69,Female
722,IMM_5,1,6,2,60-69,Female
722,IMM_1,1,6,2,60-69,Female
722,IMM_3,4,6,2,60-69,Female
722,IMM_8,3,6,2,60-69,Female
725,IMM_1,4,6,7,70-79,Male
725,IMM_5,4,6,7,70-79,Male
725,IMM_8,0,6,7,70-79,Male
725,IMM_2,0,6,7,70-79,Male
725,IMM_4,1,6,7,70-79,Male
725,IMM_7,1,6,7,70-79,Male
725,IMM_6,0,6,7,70-79,Male
725,IMM_10,1,6,7,70-79,Male
725,IMM_9,1,6,7,70-79,Male
725,IMM_3,0,6,7,70-79,Male
726,IMM_10,0,6,6,60-69,Female
726,IMM_9,2,6,6,60-69,Female
726,IMM_2,1,6,6,60-69,Female
726,IMM_3,0,6,6,60-69,Female
726,IMM_5,2,6,6,60-69,Female
726,IMM_8,1,6,6,60-69,Female
726,IMM_7,2,6,6,60-69,Female
726,IMM_1,4,6,6,60-69,Female
726,IMM_4,1,6,6,60-69,Female
726,IMM_6,1,6,6,60-69,Female
727,IMM_7,1,6,6,60-69,Female
727,IMM_8,1,6,6,60-69,Female
727,IMM_10,0,6,6,60-69,Female
727,IMM_1,3,6,6,60-69,Female
727,IMM_3,1,6,6,60-69,Female
727,IMM_4,2,6,6,60-69,Female
727,IMM_2,1,6,6,60-69,Female
727,IMM_6,1,6,6,60-69,Female
727,IMM_5,2,6,6,60-69,Female
727,IMM_9,0,6,6,60-69,Female
738,IMM_2,3,6,7,60-69,Female
738,IMM_9,1,6,7,60-69,Female
738,IMM_6,1,6,7,60-69,Female
738,IMM_5,4,6,7,60-69,Female
738,IMM_7,2,6,7,60-69,Female
738,IMM_8,3,6,7,60-69,Female
738,IMM_4,1,6,7,60-69,Female
738,IMM_10,1,6,7,60-69,Female
738,IMM_1,3,6,7,60-69,Female
738,IMM_3,0,6,7,60-69,Female
751,IMM_4,0,6,5,50-59,Female
751,IMM_8,3,6,5,50-59,Female
751,IMM_10,0,6,5,50-59,Female
751,IMM_6,0,6,5,50-59,Female
751,IMM_1,4,6,5,50-59,Female
751,IMM_7,2,6,5,50-59,Female
751,IMM_3,0,6,5,50-59,Female
751,IMM_9,0,6,5,50-59,Female
751,IMM_5,0,6,5,50-59,Female
751,IMM_2,0,6,5,50-59,Female
752,IMM_10,0,6,5,30-39,Female
752,IMM_2,3,6,5,30-39,Female
752,IMM_4,2,6,5,30-39,Female
752,IMM_6,1,6,5,30-39,Female
752,IMM_7,3,6,5,30-39,Female
752,IMM_1,4,6,5,30-39,Female
752,IMM_3,0,6,5,30-39,Female
752,IMM_8,1,6,5,30-39,Female
752,IMM_5,3,6,5,30-39,Female
752,IMM_9,2,6,5,30-39,Female
755,IMM_10,1,6,7,60-69,Female
755,IMM_6,1,6,7,60-69,Female
755,IMM_9,2,6,7,60-69,Female
755,IMM_4,1,6,7,60-69,Female
755,IMM_7,2,6,7,60-69,Female
755,IMM_2,3,6,7,60-69,Female
755,IMM_1,3,6,7,60-69,Female
755,IMM_8,3,6,7,60-69,Female
755,IMM_3,1,6,7,60-69,Female
755,IMM_5,1,6,7,60-69,Female
758,IMM_5,0,6,5,40-49,Female
758,IMM_4,1,6,5,40-49,Female
758,IMM_6,3,6,5,40-49,Female
758,IMM_8,3,6,5,40-49,Female
758,IMM_2,3,6,5,40-49,Female
758,IMM_1,1,6,5,40-49,Female
758,IMM_7,0,6,5,40-49,Female
758,IMM_9,4,6,5,40-49,Female
758,IMM_3,3,6,5,40-49,Female
758,IMM_10,4,6,5,40-49,Female
769,IMM_2,4,6,5,70-79,Female
769,IMM_9,3,6,5,70-79,Female
769,IMM_6,0,6,5,70-79,Female
769,IMM_7,4,6,5,70-79,Female
769,IMM_8,1,6,5,70-79,Female
769,IMM_4,3,6,5,70-79,Female
769,IMM_10,0,6,5,70-79,Female
769,IMM_1,4,6,5,70-79,Female
769,IMM_3,0,6,5,70-79,Female
769,IMM_5,4,6,5,70-79,Female
770,IMM_8,3,6,5,50-59,Female
770,IMM_2,3,6,5,50-59,Female
770,IMM_5,3,6,5,50-59,Female
770,IMM_3,1,6,5,50-59,Female
770,IMM_6,3,6,5,50-59,Female
770,IMM_9,2,6,5,50-59,Female
770,IMM_7,2,6,5,50-59,Female
770,IMM_1,1,6,5,50-59,Female
770,IMM_10,3,6,5,50-59,Female
770,IMM_4,2,6,5,50-59,Female
771,IMM_4,2,6,7,30-39,Female
771,IMM_5,4,6,7,30-39,Female
771,IMM_2,0,6,7,30-39,Female
771,IMM_3,0,6,7,30-39,Female
771,IMM_9,2,6,7,30-39,Female
771,IMM_6,2,6,7,30-39,Female
771,IMM_7,1,6,7,30-39,Female
771,IMM_10,2,6,7,30-39,Female
771,IMM_1,4,6,7,30-39,Female
771,IMM_8,0,6,7,30-39,Female
773,IMM_3,2,6,6,18-29,Female
773,IMM_8,3,6,6,18-29,Female
773,IMM_7,2,6,6,18-29,Female
773,IMM_4,2,6,6,18-29,Female
773,IMM_5,0,6,6,18-29,Female
773,IMM_9,3,6,6,18-29,Female
773,IMM_10,3,6,6,18-29,Female
773,IMM_2,3,6,6,18-29,Female
773,IMM_1,1,6,6,18-29,Female
773,IMM_6,3,6,6,18-29,Female
776,IMM_10,0,6,5,60-69,Female
776,IMM_6,1,6,5,60-69,Female
776,IMM_1,3,6,5,60-69,Female
776,IMM_8,4,6,5,60-69,Female
776,IMM_7,4,6,5,60-69,Female
776,IMM_2,1,6,5,60-69,Female
776,IMM_9,0,6,5,60-69,Female
776,IMM_4,1,6,5,60-69,Female
776,IMM_5,4,6,5,60-69,Female
776,IMM_3,0,6,5,60-69,Female
777,IMM_8,1,6,5,50-59,Male
777,IMM_6,0,6,5,50-59,Male
777,IMM_2,1,6,5,50-59,Male
777,IMM_7,2,6,5,50-59,Male
777,IMM_4,0,6,5,50-59,Male
777,IMM_1,4,6,5,50-59,Male
777,IMM_9,3,6,5,50-59,Male
777,IMM_3,0,6,5,50-59,Male
777,IMM_5,3,6,5,50-59,Male
777,IMM_10,0,6,5,50-59,Male
778,IMM_4,1,6,7,70-79,Male
778,IMM_8,0,6,7,70-79,Male
778,IMM_6,1,6,7,70-79,Male
778,IMM_2,1,6,7,70-79,Male
778,IMM_9,1,6,7,70-79,Male
778,IMM_1,3,6,7,70-79,Male
778,IMM_10,1,6,7,70-79,Male
778,IMM_5,3,6,7,70-79,Male
778,IMM_7,1,6,7,70-79,Male
778,IMM_3,0,6,7,70-79,Male
782,IMM_1,3,6,5,60-69,Male
782,IMM_6,0,6,5,60-69,Male
782,IMM_7,3,6,5,60-69,Male
782,IMM_4,0,6,5,60-69,Male
782,IMM_3,0,6,5,60-69,Male
782,IMM_5,3,6,5,60-69,Male
782,IMM_2,0,6,5,60-69,Male
782,IMM_9,2,6,5,60-69,Male
782,IMM_8,1,6,5,60-69,Male
782,IMM_10,0,6,5,60-69,Male
786,IMM_2,2,6,7,70-79,Female
786,IMM_1,4,6,7,70-79,Female
786,IMM_7,3,6,7,70-79,Female
786,IMM_9,1,6,7,70-79,Female
786,IMM_8,1,6,7,70-79,Female
786,IMM_5,2,6,7,70-79,Female
786,IMM_6,4,6,7,70-79,Female
786,IMM_3,0,6,7,70-79,Female
786,IMM_10,0,6,7,70-79,Female
786,IMM_4,1,6,7,70-79,Female
787,IMM_3,3,6,6,60-69,Male
787,IMM_4,1,6,6,60-69,Male
787,IMM_10,3,6,6,60-69,Male
787,IMM_9,2,6,6,60-69,Male
787,IMM_1,2,6,6,60-69,Male
787,IMM_2,3,6,6,60-69,Male
787,IMM_5,3,6,6,60-69,Male
787,IMM_6,3,6,6,60-69,Male
787,IMM_7,2,6,6,60-69,Male
787,IMM_8,3,6,6,60-69,Male
789,IMM_2,3,6,5,50-59,Male
789,IMM_8,4,6,5,50-59,Male
789,IMM_9,2,6,5,50-59,Male
789,IMM_4,2,6,5,50-59,Male
789,IMM_1,3,6,5,50-59,Male
789,IMM_10,2,6,5,50-59,Male
789,IMM_6,2,6,5,50-59,Male
789,IMM_3,0,6,5,50-59,Male
789,IMM_7,3,6,5,50-59,Male
789,IMM_5,2,6,5,50-59,Male
790,IMM_3,0,6,6,40-49,Female
790,IMM_8,4,6,6,40-49,Female
790,IMM_6,3,6,6,40-49,Female
790,IMM_2,4,6,6,40-49,Female
790,IMM_7,3,6,6,40-49,Female
790,IMM_9,3,6,6,40-49,Female
790,IMM_4,0,6,6,40-49,Female
790,IMM_1,1,6,6,40-49,Female
790,IMM_5,2,6,6,40-49,Female
790,IMM_10,2,6,6,40-49,Female
798,IMM_2,3,6,6,70-79,Female
798,IMM_4,1,6,6,70-79,Female
798,IMM_6,1,6,6,70-79,Female
798,IMM_7,2,6,6,70-79,Female
798,IMM_9,2,6,6,70-79,Female
798,IMM_10,1,6,6,70-79,Female
798,IMM_5,4,6,6,70-79,Female
798,IMM_8,3,6,6,70-79,Female
798,IMM_3,0,6,6,70-79,Female
798,IMM_1,1,6,6,70-79,Female
802,IMM_2,3,6,6,70-79,Female
802,IMM_4,1,6,6,70-79,Female
802,IMM_9,3,6,6,70-79,Female
802,IMM_3,0,6,6,70-79,Female
802,IMM_8,4,6,6,70-79,Female
802,IMM_1,1,6,6,70-79,Female
802,IMM_10,3,6,6,70-79,Female
802,IMM_5,2,6,6,70-79,Female
802,IMM_6,3,6,6,70-79,Female
802,IMM_7,3,6,6,70-79,Female
805,IMM_4,0,6,3,70-79,Female
805,IMM_7,0,6,3,70-79,Female
805,IMM_9,4,6,3,70-79,Female
805,IMM_5,0,6,3,70-79,Female
805,IMM_2,3,6,3,70-79,Female
805,IMM_6,4,6,3,70-79,Female
805,IMM_8,4,6,3,70-79,Female
805,IMM_1,0,6,3,70-79,Female
805,IMM_10,4,6,3,70-79,Female
805,IMM_3,4,6,3,70-79,Female
806,IMM_9,2,6,7,60-69,Female
806,IMM_5,3,6,7,60-69,Female
806,IMM_4,1,6,7,60-69,Female
806,IMM_10,1,6,7,60-69,Female
806,IMM_1,2,6,7,60-69,Female
806,IMM_7,2,6,7,60-69,Female
806,IMM_8,3,6,7,60-69,Female
806,IMM_3,0,6,7,60-69,Female
806,IMM_2,3,6,7,60-69,Female
806,IMM_6,1,6,7,60-69,Female
813,IMM_9,2,6,7,60-69,Female
813,IMM_2,0,6,7,60-69,Female
813,IMM_1,2,6,7,60-69,Female
813,IMM_3,0,6,7,60-69,Female
813,IMM_5,2,6,7,60-69,Female
813,IMM_4,1,6,7,60-69,Female
813,IMM_7,2,6,7,60-69,Female
813,IMM_6,0,6,7,60-69,Female
813,IMM_10,1,6,7,60-69,Female
813,IMM_8,4,6,7,60-69,Female
814,IMM_7,0,6,6,40-49,Female
814,IMM_8,4,6,6,40-49,Female
814,IMM_1,0,6,6,40-49,Female
814,IMM_2,3,6,6,40-49,Female
814,IMM_6,4,6,6,40-49,Female
814,IMM_3,0,6,6,40-49,Female
814,IMM_4,2,6,6,40-49,Female
814,IMM_5,3,6,6,40-49,Female
814,IMM_9,1,6,6,40-49,Female
814,IMM_10,4,6,6,40-49,Female
823,IMM_10,1,6,6,50-59,Male
823,IMM_6,2,6,6,50-59,Male
823,IMM_9,3,6,6,50-59,Male
823,IMM_3,1,6,6,50-59,Male
823,IMM_7,2,6,6,50-59,Male
823,IMM_8,1,6,6,50-59,Male
823,IMM_5,3,6,6,50-59,Male
823,IMM_4,3,6,6,50-59,Male
823,IMM_1,3,6,6,50-59,Male
823,IMM_2,1,6,6,50-59,Male
825,IMM_10,1,6,6,70-79,Female
825,IMM_5,2,6,6,70-79,Female
825,IMM_1,2,6,6,70-79,Female
825,IMM_2,3,6,6,70-79,Female
825,IMM_8,4,6,6,70-79,Female
825,IMM_4,3,6,6,70-79,Female
825,IMM_3,4,6,6,70-79,Female
825,IMM_7,3,6,6,70-79,Female
825,IMM_9,3,6,6,70-79,Female
825,IMM_6,3,6,6,70-79,Female
827,IMM_5,3,6,7,18-29,Female
827,IMM_9,1,6,7,18-29,Female
827,IMM_6,3,6,7,18-29,Female
827,IMM_4,1,6,7,18-29,Female
827,IMM_1,4,6,7,18-29,Female
827,IMM_2,0,6,7,18-29,Female
827,IMM_8,0,6,7,18-29,Female
827,IMM_3,2,6,7,18-29,Female
827,IMM_7,1,6,7,18-29,Female
827,IMM_10,0,6,7,18-29,Female
828,IMM_8,3,6,3,18-29,Female
828,IMM_1,1,6,3,18-29,Female
828,IMM_4,1,6,3,18-29,Female
828,IMM_10,2,6,3,18-29,Female
828,IMM_2,2,6,3,18-29,Female
828,IMM_3,4,6,3,18-29,Female
828,IMM_6,2,6,3,18-29,Female
828,IMM_7,1,6,3,18-29,Female
828,IMM_5,3,6,3,18-29,Female
828,IMM_9,2,6,3,18-29,Female
829,IMM_4,0,6,7,50-59,Female
829,IMM_2,3,6,7,50-59,Female
829,IMM_9,3,6,7,50-59,Female
829,IMM_3,0,6,7,50-59,Female
829,IMM_7,2,6,7,50-59,Female
829,IMM_8,2,6,7,50-59,Female
829,IMM_6,3,6,7,50-59,Female
829,IMM_10,3,6,7,50-59,Female
829,IMM_1,4,6,7,50-59,Female
829,IMM_5,4,6,7,50-59,Female
830,IMM_5,2,6,7,60-69,Female
830,IMM_10,2,6,7,60-69,Female
830,IMM_4,1,6,7,60-69,Female
830,IMM_1,3,6,7,60-69,Female
830,IMM_8,3,6,7,60-69,Female
830,IMM_3,1,6,7,60-69,Female
830,IMM_6,0,6,7,60-69,Female
830,IMM_7,2,6,7,60-69,Female
830,IMM_2,3,6,7,60-69,Female
830,IMM_9,2,6,7,60-69,Female
850,IMM_5,3,6,6,50-59,Female
850,IMM_6,1,6,6,50-59,Female
850,IMM_2,1,6,6,50-59,Female
850,IMM_9,1,6,6,50-59,Female
850,IMM_7,3,6,6,50-59,Female
850,IMM_1,3,6,6,50-59,Female
850,IMM_3,1,6,6,50-59,Female
850,IMM_4,1,6,6,50-59,Female
850,IMM_10,1,6,6,50-59,Female
850,IMM_8,3,6,6,50-59,Female
859,IMM_9,3,6,6,50-59,Male
859,IMM_8,3,6,6,50-59,Male
859,IMM_1,1,6,6,50-59,Male
859,IMM_4,1,6,6,50-59,Male
859,IMM_3,1,6,6,50-59,Male
859,IMM_5,3,6,6,50-59,Male
859,IMM_6,3,6,6,50-59,Male
859,IMM_10,3,6,6,50-59,Male
859,IMM_7,3,6,6,50-59,Male
859,IMM_2,4,6,6,50-59,Male
861,IMM_3,0,6,5,50-59,Female
861,IMM_7,3,6,5,50-59,Female
861,IMM_2,4,6,5,50-59,Female
861,IMM_6,1,6,5,50-59,Female
861,IMM_9,2,6,5,50-59,Female
861,IMM_8,2,6,5,50-59,Female
861,IMM_10,2,6,5,50-59,Female
861,IMM_5,4,6,5,50-59,Female
861,IMM_1,3,6,5,50-59,Female
861,IMM_4,4,6,5,50-59,Female
868,IMM_7,3,6,6,70-79,Female
868,IMM_2,2,6,6,70-79,Female
868,IMM_5,0,6,6,70-79,Female
868,IMM_6,3,6,6,70-79,Female
868,IMM_3,3,6,6,70-79,Female
868,IMM_10,3,6,6,70-79,Female
868,IMM_4,1,6,6,70-79,Female
868,IMM_1,3,6,6,70-79,Female
868,IMM_9,3,6,6,70-79,Female
868,IMM_8,1,6,6,70-79,Female
876,IMM_8,3,6,6,40-49,Female
876,IMM_4,1,6,6,40-49,Female
876,IMM_9,3,6,6,40-49,Female
876,IMM_5,1,6,6,40-49,Female
876,IMM_6,4,6,6,40-49,Female
876,IMM_10,0,6,6,40-49,Female
876,IMM_2,4,6,6,40-49,Female
876,IMM_3,0,6,6,40-49,Female
876,IMM_7,1,6,6,40-49,Female
876,IMM_1,1,6,6,40-49,Female
888,IMM_9,2,6,5,40-49,Female
888,IMM_2,3,6,5,40-49,Female
888,IMM_7,3,6,5,40-49,Female
888,IMM_6,3,6,5,40-49,Female
888,IMM_10,1,6,5,40-49,Female
888,IMM_3,0,6,5,40-49,Female
888,IMM_1,3,6,5,40-49,Female
888,IMM_4,0,6,5,40-49,Female
888,IMM_8,1,6,5,40-49,Female
888,IMM_5,3,6,5,40-49,Female
889,IMM_1,3,6,6,60-69,Male
889,IMM_10,2,6,6,60-69,Male
889,IMM_7,2,6,6,60-69,Male
889,IMM_3,0,6,6,60-69,Male
889,IMM_6,3,6,6,60-69,Male
889,IMM_8,4,6,6,60-69,Male
889,IMM_4,1,6,6,60-69,Male
889,IMM_5,3,6,6,60-69,Male
889,IMM_9,2,6,6,60-69,Male
889,IMM_2,2,6,6,60-69,Male
890,IMM_5,0,6,3,60-69,Female
890,IMM_1,1,6,3,60-69,Female
890,IMM_2,3,6,3,60-69,Female
890,IMM_6,4,6,3,60-69,Female
890,IMM_3,4,6,3,60-69,Female
890,IMM_9,3,6,3,60-69,Female
890,IMM_8,3,6,3,60-69,Female
890,IMM_10,1,6,3,60-69,Female
890,IMM_4,0,6,3,60-69,Female
890,IMM_7,0,6,3,60-69,Female
907,IMM_7,2,6,6,60-69,Female
907,IMM_6,3,6,6,60-69,Female
907,IMM_5,4,6,6,60-69,Female
907,IMM_3,1,6,6,60-69,Female
907,IMM_2,1,6,6,60-69,Female
907,IMM_10,3,6,6,60-69,Female
907,IMM_9,2,6,6,60-69,Female
907,IMM_4,0,6,6,60-69,Female
907,IMM_8,1,6,6,60-69,Female
907,IMM_1,4,6,6,60-69,Female
912,IMM_2,3,6,6,60-69,Female
912,IMM_1,4,6,6,60-69,Female
912,IMM_5,4,6,6,60-69,Female
912,IMM_7,4,6,6,60-69,Female
912,IMM_4,1,6,6,60-69,Female
912,IMM_3,0,6,6,60-69,Female
912,IMM_9,2,6,6,60-69,Female
912,IMM_8,4,6,6,60-69,Female
912,IMM_6,1,6,6,60-69,Female
912,IMM_10,1,6,6,60-69,Female
915,IMM_5,3,6,7,60-69,Female
915,IMM_8,0,6,7,60-69,Female
915,IMM_1,3,6,7,60-69,Female
915,IMM_7,2,6,7,60-69,Female
915,IMM_4,1,6,7,60-69,Female
915,IMM_9,2,6,7,60-69,Female
915,IMM_10,1,6,7,60-69,Female
915,IMM_3,0,6,7,60-69,Female
915,IMM_2,1,6,7,60-69,Female
915,IMM_6,1,6,7,60-69,Female
927,IMM_2,1,6,7,50-59,Female
927,IMM_8,2,6,7,50-59,Female
927,IMM_4,0,6,7,50-59,Female
927,IMM_7,4,6,7,50-59,Female
927,IMM_3,0,6,7,50-59,Female
927,IMM_10,2,6,7,50-59,Female
927,IMM_6,0,6,7,50-59,Female
927,IMM_1,4,6,7,50-59,Female
927,IMM_9,0,6,7,50-59,Female
927,IMM_5,3,6,7,50-59,Female
935,IMM_8,0,6,6,60-69,Female
935,IMM_6,2,6,6,60-69,Female
935,IMM_1,4,6,6,60-69,Female
935,IMM_5,4,6,6,60-69,Female
935,IMM_7,3,6,6,60-69,Female
935,IMM_9,4,6,6,60-69,Female
935,IMM_4,2,6,6,60-69,Female
935,IMM_3,0,6,6,60-69,Female
935,IMM_2,3,6,6,60-69,Female
935,IMM_10,3,6,6,60-69,Female
936,IMM_8,4,6,2,50-59,Female
936,IMM_5,0,6,2,50-59,Female
936,IMM_10,3,6,2,50-59,Female
936,IMM_9,3,6,2,50-59,Female
936,IMM_3,4,6,2,50-59,Female
936,IMM_4,0,6,2,50-59,Female
936,IMM_7,1,6,2,50-59,Female
936,IMM_1,0,6,2,50-59,Female
936,IMM_6,1,6,2,50-59,Female
936,IMM_2,4,6,2,50-59,Female
942,IMM_9,3,6,6,70-79,Male
942,IMM_6,1,6,6,70-79,Male
942,IMM_4,1,6,6,70-79,Male
942,IMM_2,3,6,6,70-79,Male
942,IMM_8,3,6,6,70-79,Male
942,IMM_3,1,6,6,70-79,Male
942,IMM_5,3,6,6,70-79,Male
942,IMM_1,2,6,6,70-79,Male
942,IMM_7,3,6,6,70-79,Male
942,IMM_10,2,6,6,70-79,Male
946,IMM_2,3,6,6,30-39,Female
946,IMM_10,2,6,6,30-39,Female
946,IMM_3,3,6,6,30-39,Female
946,IMM_5,1,6,6,30-39,Female
946,IMM_6,3,6,6,30-39,Female
946,IMM_1,1,6,6,30-39,Female
946,IMM_7,2,6,6,30-39,Female
946,IMM_9,1,6,6,30-39,Female
946,IMM_4,1,6,6,30-39,Female
946,IMM_8,3,6,6,30-39,Female
957,IMM_9,2,6,2,30-39,Female
957,IMM_2,4,6,2,30-39,Female
957,IMM_8,3,6,2,30-39,Female
957,IMM_7,3,6,2,30-39,Female
957,IMM_1,2,6,2,30-39,Female
957,IMM_4,0,6,2,30-39,Female
957,IMM_6,2,6,2,30-39,Female
957,IMM_5,0,6,2,30-39,Female
957,IMM_3,3,6,2,30-39,Female
957,IMM_10,0,6,2,30-39,Female
963,IMM_5,0,6,6,50-59,Female
963,IMM_2,0,6,6,50-59,Female
963,IMM_7,4,6,6,50-59,Female
963,IMM_9,3,6,6,50-59,Female
963,IMM_8,4,6,6,50-59,Female
963,IMM_10,2,6,6,50-59,Female
963,IMM_6,1,6,6,50-59,Female
963,IMM_4,0,6,6,50-59,Female
963,IMM_1,1,6,6,50-59,Female
963,IMM_3,0,6,6,50-59,Female
968,IMM_2,3,6,1,70-79,Female
968,IMM_5,1,6,1,70-79,Female
968,IMM_3,3,6,1,70-79,Female
968,IMM_9,2,6,1,70-79,Female
968,IMM_10,1,6,1,70-79,Female
968,IMM_7,3,6,1,70-79,Female
968,IMM_8,1,6,1,70-79,Female
968,IMM_4,2,6,1,70-79,Female
968,IMM_6,3,6,1,70-79,Female
968,IMM_1,3,6,1,70-79,Female
971,IMM_2,2,6,6,70-79,Female
971,IMM_6,3,6,6,70-79,Female
971,IMM_10,2,6,6,70-79,Female
971,IMM_5,2,6,6,70-79,Female
971,IMM_9,1,6,6,70-79,Female
971,IMM_3,0,6,6,70-79,Female
971,IMM_1,4,6,6,70-79,Female
971,IMM_8,0,6,6,70-79,Female
971,IMM_7,2,6,6,70-79,Female
971,IMM_4,1,6,6,70-79,Female
973,IMM_1,3,6,6,70-79,Female
973,IMM_10,1,6,6,70-79,Female
973,IMM_5,3,6,6,70-79,Female
973,IMM_9,1,6,6,70-79,Female
973,IMM_6,1,6,6,70-79,Female
973,IMM_2,2,6,6,70-79,Female
973,IMM_3,0,6,6,70-79,Female
973,IMM_4,1,6,6,70-79,Female
973,IMM_7,3,6,6,70-79,Female
973,IMM_8,2,6,6,70-79,Female
994,IMM_10,2,6,7,70-79,Female
994,IMM_5,4,6,7,70-79,Female
994,IMM_8,3,6,7,70-79,Female
994,IMM_9,1,6,7,70-79,Female
994,IMM_1,4,6,7,70-79,Female
994,IMM_4,0,6,7,70-79,Female
994,IMM_3,0,6,7,70-79,Female
994,IMM_7,2,6,7,70-79,Female
994,IMM_2,4,6,7,70-79,Female
994,IMM_6,1,6,7,70-79,Female
1021,IMM_3,1,6,7,40-49,Male
1021,IMM_2,3,6,7,40-49,Male
1021,IMM_5,3,6,7,40-49,Male
1021,IMM_8,3,6,7,40-49,Male
1021,IMM_4,3,6,7,40-49,Male
1021,IMM_1,1,6,7,40-49,Male
1021,IMM_9,4,6,7,40-49,Male
1021,IMM_7,4,6,7,40-49,Male
1021,IMM_10,3,6,7,40-49,Male
1021,IMM_6,4,6,7,40-49,Male
1041,IMM_2,3,6,6,60-69,Female
1041,IMM_7,0,6,6,60-69,Female
1041,IMM_8,1,6,6,60-69,Female
1041,IMM_1,0,6,6,60-69,Female
1041,IMM_3,1,6,6,60-69,Female
1041,IMM_10,1,6,6,60-69,Female
1041,IMM_4,0,6,6,60-69,Female
1041,IMM_5,1,6,6,60-69,Female
1041,IMM_6,1,6,6,60-69,Female
1041,IMM_9,3,6,6,60-69,Female
1042,IMM_10,3,6,1,40-49,Male
1042,IMM_3,3,6,1,40-49,Male
1042,IMM_7,4,6,1,40-49,Male
1042,IMM_4,1,6,1,40-49,Male
1042,IMM_5,1,6,1,40-49,Male
1042,IMM_6,1,6,1,40-49,Male
1042,IMM_8,4,6,1,40-49,Male
1042,IMM_2,3,6,1,40-49,Male
1042,IMM_1,2,6,1,40-49,Male
1042,IMM_9,3,6,1,40-49,Male
1044,IMM_6,0,6,7,30-39,Female
1044,IMM_7,2,6,7,30-39,Female
1044,IMM_9,0,6,7,30-39,Female
1044,IMM_4,0,6,7,30-39,Female
1044,IMM_5,2,6,7,30-39,Female
1044,IMM_8,1,6,7,30-39,Female
1044,IMM_2,4,6,7,30-39,Female
1044,IMM_10,0,6,7,30-39,Female
1044,IMM_3,0,6,7,30-39,Female
1044,IMM_1,4,6,7,30-39,Female
1045,IMM_2,1,6,6,18-29,Female
1045,IMM_10,4,6,6,18-29,Female
1045,IMM_5,0,6,6,18-29,Female
1045,IMM_1,4,6,6,18-29,Female
1045,IMM_7,1,6,6,18-29,Female
1045,IMM_4,2,6,6,18-29,Female
1045,IMM_9,4,6,6,18-29,Female
1045,IMM_3,4,6,6,18-29,Female
1045,IMM_6,4,6,6,18-29,Female
1045,IMM_8,1,6,6,18-29,Female
1048,IMM_7,2,6,7,80+,Male
1048,IMM_2,4,6,7,80+,Male
1048,IMM_9,2,6,7,80+,Male
1048,IMM_8,4,6,7,80+,Male
1048,IMM_5,4,6,7,80+,Male
1048,IMM_4,0,6,7,80+,Male
1048,IMM_3,0,6,7,80+,Male
1048,IMM_1,4,6,7,80+,Male
1048,IMM_10,1,6,7,80+,Male
1048,IMM_6,4,6,7,80+,Male
1055,IMM_8,0,6,7,50-59,Female
1055,IMM_4,3,6,7,50-59,Female
1055,IMM_3,0,6,7,50-59,Female
1055,IMM_10,0,6,7,50-59,Female
1055,IMM_2,2,6,7,50-59,Female
1055,IMM_6,0,6,7,50-59,Female
1055,IMM_5,3,6,7,50-59,Female
1055,IMM_1,4,6,7,50-59,Female
1055,IMM_9,2,6,7,50-59,Female
1055,IMM_7,3,6,7,50-59,Female
1060,IMM_2,3,6,6,18-29,Female
1060,IMM_4,1,6,6,18-29,Female
1060,IMM_5,1,6,6,18-29,Female
1060,IMM_7,1,6,6,18-29,Female
1060,IMM_8,3,6,6,18-29,Female
1060,IMM_9,2,6,6,18-29,Female
1060,IMM_3,3,6,6,18-29,Female
1060,IMM_10,1,6,6,18-29,Female
1060,IMM_1,1,6,6,18-29,Female
1060,IMM_6,1,6,6,18-29,Female
1072,IMM_5,1,6,7,80+,Male
1072,IMM_1,4,6,7,80+,Male
1072,IMM_3,1,6,7,80+,Male
1072,IMM_10,3,6,7,80+,Male
1072,IMM_4,1,6,7,80+,Male
1072,IMM_6,1,6,7,80+,Male
1072,IMM_7,4,6,7,80+,Male
1072,IMM_2,4,6,7,80+,Male
1072,IMM_9,3,6,7,80+,Male
1072,IMM_8,4,6,7,80+,Male
1076,IMM_9,2,6,6,60-69,Female
1076,IMM_10,2,6,6,60-69,Female
1076,IMM_5,4,6,6,60-69,Female
1076,IMM_6,4,6,6,60-69,Female
1076,IMM_8,0,6,6,60-69,Female
1076,IMM_2,1,6,6,60-69,Female
1076,IMM_7,2,6,6,60-69,Female
1076,IMM_3,0,6,6,60-69,Female
1076,IMM_4,3,6,6,60-69,Female
1076,IMM_1,4,6,6,60-69,Female
1084,IMM_8,4,6,7,60-69,Female
1084,IMM_10,3,6,7,60-69,Female
1084,IMM_7,3,6,7,60-69,Female
1084,IMM_3,0,6,7,60-69,Female
1084,IMM_9,3,6,7,60-69,Female
1084,IMM_6,0,6,7,60-69,Female
1084,IMM_2,0,6,7,60-69,Female
1084,IMM_1,4,6,7,60-69,Female
1084,IMM_5,2,6,7,60-69,Female
1084,IMM_4,2,6,7,60-69,Female
1092,IMM_7,2,6,7,70-79,Male
1092,IMM_4,1,6,7,70-79,Male
1092,IMM_1,1,6,7,70-79,Male
1092,IMM_3,0,6,7,70-79,Male
1092,IMM_9,3,6,7,70-79,Male
1092,IMM_2,3,6,7,70-79,Male
1092,IMM_5,4,6,7,70-79,Male
1092,IMM_10,2,6,7,70-79,Male
1092,IMM_8,3,6,7,70-79,Male
1092,IMM_6,3,6,7,70-79,Male
1094,IMM_9,3,6,6,30-39,Female
1094,IMM_6,1,6,6,30-39,Female
1094,IMM_8,4,6,6,30-39,Female
1094,IMM_10,2,6,6,30-39,Female
1094,IMM_4,0,6,6,30-39,Female
1094,IMM_2,3,6,6,30-39,Female
1094,IMM_3,0,6,6,30-39,Female
1094,IMM_5,4,6,6,30-39,Female
1094,IMM_1,4,6,6,30-39,Female
1094,IMM_7,4,6,6,30-39,Female
1103,IMM_9,4,6,6,60-69,Female
1103,IMM_4,2,6,6,60-69,Female
1103,IMM_8,3,6,6,60-69,Female
1103,IMM_6,4,6,6,60-69,Female
1103,IMM_1,0,6,6,60-69,Female
1103,IMM_3,1,6,6,60-69,Female
1103,IMM_7,0,6,6,60-69,Female
1103,IMM_10,3,6,6,60-69,Female
1103,IMM_2,2,6,6,60-69,Female
1103,IMM_5,2,6,6,60-69,Female
1104,IMM_1,1,6,7,40-49,Male
1104,IMM_6,3,6,7,40-49,Male
1104,IMM_2,4,6,7,40-49,Male
1104,IMM_5,3,6,7,40-49,Male
1104,IMM_9,2,6,7,40-49,Male
1104,IMM_7,2,6,7,40-49,Male
1104,IMM_3,1,6,7,40-49,Male
1104,IMM_4,2,6,7,40-49,Male
1104,IMM_8,3,6,7,40-49,Male
1104,IMM_10,4,6,7,40-49,Male
1113,IMM_8,1,6,5,40-49,Female
1113,IMM_2,1,6,5,40-49,Female
1113,IMM_3,0,6,5,40-49,Female
1113,IMM_4,0,6,5,40-49,Female
1113,IMM_5,1,6,5,40-49,Female
1113,IMM_10,2,6,5,40-49,Female
1113,IMM_6,3,6,5,40-49,Female
1113,IMM_9,3,6,5,40-49,Female
1113,IMM_1,1,6,5,40-49,Female
1113,IMM_7,4,6,5,40-49,Female
1114,IMM_4,3,6,6,50-59,Female
1114,IMM_2,3,6,6,50-59,Female
1114,IMM_8,2,6,6,50-59,Female
1114,IMM_6,1,6,6,50-59,Female
1114,IMM_7,1,6,6,50-59,Female
1114,IMM_1,2,6,6,50-59,Female
1114,IMM_5,3,6,6,50-59,Female
1114,IMM_3,2,6,6,50-59,Female
1114,IMM_10,1,6,6,50-59,Female
1114,IMM_9,1,6,6,50-59,Female
1116,IMM_6,1,6,6,40-49,Male
1116,IMM_8,1,6,6,40-49,Male
1116,IMM_3,0,6,6,40-49,Male
1116,IMM_10,1,6,6,40-49,Male
1116,IMM_5,2,6,6,40-49,Male
1116,IMM_2,1,6,6,40-49,Male
1116,IMM_7,3,6,6,40-49,Male
1116,IMM_1,4,6,6,40-49,Male
1116,IMM_4,1,6,6,40-49,Male
1116,IMM_9,3,6,6,40-49,Male
1118,IMM_5,2,6,6,60-69,Female
1118,IMM_3,3,6,6,60-69,Female
1118,IMM_1,2,6,6,60-69,Female
1118,IMM_9,3,6,6,60-69,Female
1118,IMM_7,1,6,6,60-69,Female
1118,IMM_2,2,6,6,60-69,Female
1118,IMM_8,3,6,6,60-69,Female
1118,IMM_4,1,6,6,60-69,Female
1118,IMM_10,3,6,6,60-69,Female
1118,IMM_6,2,6,6,60-69,Female
1119,IMM_8,3,6,7,30-39,Female
1119,IMM_4,3,6,7,30-39,Female
1119,IMM_7,2,6,7,30-39,Female
1119,IMM_2,3,6,7,30-39,Female
1119,IMM_1,2,6,7,30-39,Female
1119,IMM_3,0,6,7,30-39,Female
1119,IMM_9,1,6,7,30-39,Female
1119,IMM_10,3,6,7,30-39,Female
1119,IMM_6,2,6,7,30-39,Female
1119,IMM_5,3,6,7,30-39,Female
1123,IMM_1,4,6,5,40-49,Female
1123,IMM_7,2,6,5,40-49,Female
1123,IMM_5,1,6,5,40-49,Female
1123,IMM_4,1,6,5,40-49,Female
1123,IMM_9,1,6,5,40-49,Female
1123,IMM_3,0,6,5,40-49,Female
1123,IMM_8,0,6,5,40-49,Female
1123,IMM_6,0,6,5,40-49,Female
1123,IMM_2,1,6,5,40-49,Female
1123,IMM_10,0,6,5,40-49,Female
1135,IMM_6,2,6,7,30-39,Female
1135,IMM_9,3,6,7,30-39,Female
1135,IMM_10,1,6,7,30-39,Female
1135,IMM_8,3,6,7,30-39,Female
1135,IMM_2,3,6,7,30-39,Female
1135,IMM_5,3,6,7,30-39,Female
1135,IMM_4,0,6,7,30-39,Female
1135,IMM_3,0,6,7,30-39,Female
1135,IMM_1,4,6,7,30-39,Female
1135,IMM_7,1,6,7,30-39,Female
1141,IMM_2,3,6,7,30-39,Female
1141,IMM_1,3,6,7,30-39,Female
1141,IMM_3,2,6,7,30-39,Female
1141,IMM_7,1,6,7,30-39,Female
1141,IMM_9,2,6,7,30-39,Female
1141,IMM_10,1,6,7,30-39,Female
1141,IMM_6,3,6,7,30-39,Female
1141,IMM_5,3,6,7,30-39,Female
1141,IMM_4,1,6,7,30-39,Female
1141,IMM_8,3,6,7,30-39,Female
1152,IMM_2,3,6,7,40-49,Male
1152,IMM_1,1,6,7,40-49,Male
1152,IMM_5,2,6,7,40-49,Male
1152,IMM_7,3,6,7,40-49,Male
1152,IMM_8,4,6,7,40-49,Male
1152,IMM_4,2,6,7,40-49,Male
1152,IMM_10,3,6,7,40-49,Male
1152,IMM_3,1,6,7,40-49,Male
1152,IMM_6,4,6,7,40-49,Male
1152,IMM_9,1,6,7,40-49,Male
1153,IMM_3,0,6,7,60-69,Female
1153,IMM_5,3,6,7,60-69,Female
1153,IMM_2,2,6,7,60-69,Female
1153,IMM_1,4,6,7,60-69,Female
1153,IMM_7,2,6,7,60-69,Female
1153,IMM_6,1,6,7,60-69,Female
1153,IMM_10,1,6,7,60-69,Female
1153,IMM_9,3,6,7,60-69,Female
1153,IMM_4,1,6,7,60-69,Female
1153,IMM_8,3,6,7,60-69,Female
1155,IMM_2,0,6,7,70-79,Female
1155,IMM_1,4,6,7,70-79,Female
1155,IMM_3,0,6,7,70-79,Female
1155,IMM_5,4,6,7,70-79,Female
1155,IMM_4,1,6,7,70-79,Female
1155,IMM_7,4,6,7,70-79,Female
1155,IMM_6,3,6,7,70-79,Female
1155,IMM_8,1,6,7,70-79,Female
1155,IMM_9,0,6,7,70-79,Female
1155,IMM_10,0,6,7,70-79,Female
1156,IMM_8,2,6,3,18-29,Female
1156,IMM_4,2,6,3,18-29,Female
1156,IMM_3,2,6,3,18-29,Female
1156,IMM_1,2,6,3,18-29,Female
1156,IMM_2,2,6,3,18-29,Female
1156,IMM_9,3,6,3,18-29,Female
1156,IMM_6,2,6,3,18-29,Female
1156,IMM_5,0,6,3,18-29,Female
1156,IMM_7,0,6,3,18-29,Female
1156,IMM_10,3,6,3,18-29,Female
1159,IMM_1,1,6,6,50-59,Female
1159,IMM_7,3,6,6,50-59,Female
1159,IMM_4,2,6,6,50-59,Female
1159,IMM_2,3,6,6,50-59,Female
1159,IMM_10,3,6,6,50-59,Female
1159,IMM_5,3,6,6,50-59,Female
1159,IMM_9,1,6,6,50-59,Female
1159,IMM_6,4,6,6,50-59,Female
1159,IMM_3,1,6,6,50-59,Female
1159,IMM_8,3,6,6,50-59,Female
1170,IMM_8,3,6,6,70-79,Male
1170,IMM_5,3,6,6,70-79,Male
1170,IMM_1,3,6,6,70-79,Male
1170,IMM_4,1,6,6,70-79,Male
1170,IMM_9,3,6,6,70-79,Male
1170,IMM_6,3,6,6,70-79,Male
1170,IMM_2,4,6,6,70-79,Male
1170,IMM_3,0,6,6,70-79,Male
1170,IMM_10,3,6,6,70-79,Male
1170,IMM_7,0,6,6,70-79,Male
1174,IMM_10,0,6,7,60-69,Female
1174,IMM_1,4,6,7,60-69,Female
1174,IMM_5,3,6,7,60-69,Female
1174,IMM_3,0,6,7,60-69,Female
1174,IMM_7,1,6,7,60-69,Female
1174,IMM_8,2,6,7,60-69,Female
1174,IMM_2,3,6,7,60-69,Female
1174,IMM_6,1,6,7,60-69,Female
1174,IMM_4,3,6,7,60-69,Female
1174,IMM_9,2,6,7,60-69,Female
1183,IMM_10,2,6,6,60-69,Male
1183,IMM_4,3,6,6,60-69,Male
1183,IMM_2,3,6,6,60-69,Male
1183,IMM_3,1,6,6,60-69,Male
1183,IMM_8,3,6,6,60-69,Male
1183,IMM_1,2,6,6,60-69,Male
1183,IMM_5,3,6,6,60-69,Male
1183,IMM_9,3,6,6,60-69,Male
1183,IMM_6,3,6,6,60-69,Male
1183,IMM_7,2,6,6,60-69,Male
1185,IMM_9,0,6,6,50-59,Female
1185,IMM_10,1,6,6,50-59,Female
1185,IMM_5,3,6,6,50-59,Female
1185,IMM_1,3,6,6,50-59,Female
1185,IMM_3,0,6,6,50-59,Female
1185,IMM_7,3,6,6,50-59,Female
1185,IMM_8,4,6,6,50-59,Female
1185,IMM_4,2,6,6,50-59,Female
1185,IMM_2,4,6,6,50-59,Female
1185,IMM_6,3,6,6,50-59,Female
1186,IMM_4,1,6,3,60-69,Female
1186,IMM_10,2,6,3,60-69,Female
1186,IMM_5,2,6,3,60-69,Female
1186,IMM_6,1,6,3,60-69,Female
1186,IMM_9,2,6,3,60-69,Female
1186,IMM_8,3,6,3,60-69,Female
1186,IMM_1,1,6,3,60-69,Female
1186,IMM_3,3,6,3,60-69,Female
1186,IMM_7,1,6,3,60-69,Female
1186,IMM_2,3,6,3,60-69,Female
1196,IMM_6,1,6,7,60-69,Female
1196,IMM_4,2,6,7,60-69,Female
1196,IMM_3,0,6,7,60-69,Female
1196,IMM_1,3,6,7,60-69,Female
1196,IMM_5,4,6,7,60-69,Female
1196,IMM_10,0,6,7,60-69,Female
1196,IMM_8,3,6,7,60-69,Female
1196,IMM_2,2,6,7,60-69,Female
1196,IMM_9,1,6,7,60-69,Female
1196,IMM_7,3,6,7,60-69,Female
1207,IMM_9,0,6,7,18-29,Female
1207,IMM_6,1,6,7,18-29,Female
1207,IMM_3,1,6,7,18-29,Female
1207,IMM_1,4,6,7,18-29,Female
1207,IMM_4,3,6,7,18-29,Female
1207,IMM_5,2,6,7,18-29,Female
1207,IMM_7,3,6,7,18-29,Female
1207,IMM_8,0,6,7,18-29,Female
1207,IMM_10,0,6,7,18-29,Female
1207,IMM_2,0,6,7,18-29,Female
1220,IMM_8,3,6,7,60-69,Female
1220,IMM_1,1,6,7,60-69,Female
1220,IMM_4,4,6,7,60-69,Female
1220,IMM_10,4,6,7,60-69,Female
1220,IMM_3,0,6,7,60-69,Female
1220,IMM_5,3,6,7,60-69,Female
1220,IMM_9,3,6,7,60-69,Female
1220,IMM_7,1,6,7,60-69,Female
1220,IMM_6,0,6,7,60-69,Female
1220,IMM_2,0,6,7,60-69,Female
1228,IMM_4,1,6,7,60-69,Female
1228,IMM_1,1,6,7,60-69,Female
1228,IMM_7,0,6,7,60-69,Female
1228,IMM_8,1,6,7,60-69,Female
1228,IMM_6,4,6,7,60-69,Female
1228,IMM_2,4,6,7,60-69,Female
1228,IMM_10,3,6,7,60-69,Female
1228,IMM_9,3,6,7,60-69,Female
1228,IMM_5,3,6,7,60-69,Female
1228,IMM_3,0,6,7,60-69,Female
1232,IMM_6,2,6,6,70-79,Female
1232,IMM_4,2,6,6,70-79,Female
1232,IMM_5,3,6,6,70-79,Female
1232,IMM_3,0,6,6,70-79,Female
1232,IMM_7,3,6,6,70-79,Female
1232,IMM_2,3,6,6,70-79,Female
1232,IMM_9,2,6,6,70-79,Female
1232,IMM_8,4,6,6,70-79,Female
1232,IMM_1,4,6,6,70-79,Female
1232,IMM_10,2,6,6,70-79,Female
1254,IMM_4,1,6,6,60-69,Female
1254,IMM_1,2,6,6,60-69,Female
1254,IMM_8,2,6,6,60-69,Female
1254,IMM_3,1,6,6,60-69,Female
1254,IMM_2,3,6,6,60-69,Female
1254,IMM_5,1,6,6,60-69,Female
1254,IMM_9,2,6,6,60-69,Female
1254,IMM_6,1,6,6,60-69,Female
1254,IMM_7,1,6,6,60-69,Female
1254,IMM_10,2,6,6,60-69,Female
1258,IMM_1,1,6,7,30-39,Female
1258,IMM_5,1,6,7,30-39,Female
1258,IMM_3,0,6,7,30-39,Female
1258,IMM_9,3,6,7,30-39,Female
1258,IMM_6,1,6,7,30-39,Female
1258,IMM_7,4,6,7,30-39,Female
1258,IMM_10,3,6,7,30-39,Female
1258,IMM_4,0,6,7,30-39,Female
1258,IMM_8,4,6,7,30-39,Female
1258,IMM_2,2,6,7,30-39,Female
1270,IMM_6,4,6,7,30-39,Male
1270,IMM_4,1,6,7,30-39,Male
1270,IMM_3,0,6,7,30-39,Male
1270,IMM_7,3,6,7,30-39,Male
1270,IMM_10,1,6,7,30-39,Male
1270,IMM_9,1,6,7,30-39,Male
1270,IMM_5,2,6,7,30-39,Male
1270,IMM_1,3,6,7,30-39,Male
1270,IMM_8,3,6,7,30-39,Male
1270,IMM_2,3,6,7,30-39,Male
1287,IMM_8,4,6,1,30-39,Female
1287,IMM_10,0,6,1,30-39,Female
1287,IMM_5,0,6,1,30-39,Female
1287,IMM_2,3,6,1,30-39,Female
1287,IMM_9,2,6,1,30-39,Female
1287,IMM_3,4,6,1,30-39,Female
1287,IMM_1,3,6,1,30-39,Female
1287,IMM_7,0,6,1,30-39,Female
1287,IMM_4,1,6,1,30-39,Female
1287,IMM_6,1,6,1,30-39,Female
1302,IMM_2,2,6,7,30-39,Female
1302,IMM_5,1,6,7,30-39,Female
1302,IMM_9,4,6,7,30-39,Female
1302,IMM_10,4,6,7,30-39,Female
1302,IMM_8,1,6,7,30-39,Female
1302,IMM_7,0,6,7,30-39,Female
1302,IMM_4,4,6,7,30-39,Female
1302,IMM_6,4,6,7,30-39,Female
1302,IMM_1,0,6,7,30-39,Female
1302,IMM_3,3,6,7,30-39,Female
1303,IMM_1,3,6,7,50-59,Female
1303,IMM_4,0,6,7,50-59,Female
1303,IMM_9,1,6,7,50-59,Female
1303,IMM_7,2,6,7,50-59,Female
1303,IMM_8,2,6,7,50-59,Female
1303,IMM_2,0,6,7,50-59,Female
1303,IMM_3,0,6,7,50-59,Female
1303,IMM_10,1,6,7,50-59,Female
1303,IMM_6,3,6,7,50-59,Female
1303,IMM_5,1,6,7,50-59,Female
1306,IMM_8,1,6,6,40-49,Female
1306,IMM_6,3,6,6,40-49,Female
1306,IMM_4,2,6,6,40-49,Female
1306,IMM_10,1,6,6,40-49,Female
1306,IMM_5,1,6,6,40-49,Female
1306,IMM_3,1,6,6,40-49,Female
1306,IMM_9,2,6,6,40-49,Female
1306,IMM_1,1,6,6,40-49,Female
1306,IMM_7,1,6,6,40-49,Female
1306,IMM_2,1,6,6,40-49,Female
1309,IMM_5,2,6,6,60-69,Female
1309,IMM_4,1,6,6,60-69,Female
1309,IMM_1,3,6,6,60-69,Female
1309,IMM_9,2,6,6,60-69,Female
1309,IMM_7,2,6,6,60-69,Female
1309,IMM_8,1,6,6,60-69,Female
1309,IMM_6,1,6,6,60-69,Female
1309,IMM_3,0,6,6,60-69,Female
1309,IMM_2,3,6,6,60-69,Female
1309,IMM_10,1,6,6,60-69,Female
1319,IMM_10,3,6,6,30-39,Female
1319,IMM_2,1,6,6,30-39,Female
1319,IMM_5,1,6,6,30-39,Female
1319,IMM_6,3,6,6,30-39,Female
1319,IMM_1,3,6,6,30-39,Female
1319,IMM_4,1,6,6,30-39,Female
1319,IMM_3,3,6,6,30-39,Female
1319,IMM_8,1,6,6,30-39,Female
1319,IMM_9,3,6,6,30-39,Female
1319,IMM_7,1,6,6,30-39,Female
1324,IMM_7,2,6,5,40-49,Female
1324,IMM_4,1,6,5,40-49,Female
1324,IMM_9,2,6,5,40-49,Female
1324,IMM_3,3,6,5,40-49,Female
1324,IMM_2,4,6,5,40-49,Female
1324,IMM_8,3,6,5,40-49,Female
1324,IMM_10,2,6,5,40-49,Female
1324,IMM_1,2,6,5,40-49,Female
1324,IMM_6,3,6,5,40-49,Female
1324,IMM_5,3,6,5,40-49,Female
1337,IMM_8,1,6,5,60-69,Male
1337,IMM_3,0,6,5,60-69,Male
1337,IMM_2,3,6,5,60-69,Male
1337,IMM_10,3,6,5,60-69,Male
1337,IMM_5,3,6,5,60-69,Male
1337,IMM_1,2,6,5,60-69,Male
1337,IMM_7,3,6,5,60-69,Male
1337,IMM_9,2,6,5,60-69,Male
1337,IMM_6,4,6,5,60-69,Male
1337,IMM_4,4,6,5,60-69,Male
1341,IMM_3,1,6,7,18-29,Male
1341,IMM_10,4,6,7,18-29,Male
1341,IMM_6,4,6,7,18-29,Male
1341,IMM_1,4,6,7,18-29,Male
1341,IMM_2,3,6,7,18-29,Male
1341,IMM_9,4,6,7,18-29,Male
1341,IMM_4,4,6,7,18-29,Male
1341,IMM_5,2,6,7,18-29,Male
1341,IMM_7,2,6,7,18-29,Male
1341,IMM_8,1,6,7,18-29,Male
1344,IMM_9,3,6,7,18-29,Male
1344,IMM_3,0,6,7,18-29,Male
1344,IMM_1,3,6,7,18-29,Male
1344,IMM_5,3,6,7,18-29,Male
1344,IMM_7,3,6,7,18-29,Male
1344,IMM_2,1,6,7,18-29,Male
1344,IMM_6,1,6,7,18-29,Male
1344,IMM_4,1,6,7,18-29,Male
1344,IMM_8,3,6,7,18-29,Male
1344,IMM_10,3,6,7,18-29,Male
1346,IMM_3,1,6,6,50-59,Male
1346,IMM_5,3,6,6,50-59,Male
1346,IMM_2,3,6,6,50-59,Male
1346,IMM_7,3,6,6,50-59,Male
1346,IMM_8,3,6,6,50-59,Male
1346,IMM_10,3,6,6,50-59,Male
1346,IMM_1,3,6,6,50-59,Male
1346,IMM_6,3,6,6,50-59,Male
1346,IMM_9,3,6,6,50-59,Male
1346,IMM_4,3,6,6,50-59,Male
1347,IMM_5,3,6,6,40-49,Male
1347,IMM_3,2,6,6,40-49,Male
1347,IMM_6,0,6,6,40-49,Male
1347,IMM_1,3,6,6,40-49,Male
1347,IMM_9,2,6,6,40-49,Male
1347,IMM_2,1,6,6,40-49,Male
1347,IMM_4,2,6,6,40-49,Male
1347,IMM_8,3,6,6,40-49,Male
1347,IMM_7,3,6,6,40-49,Male
1347,IMM_10,2,6,6,40-49,Male
1354,IMM_2,3,6,6,60-69,Male
1354,IMM_8,0,6,6,60-69,Male
1354,IMM_10,3,6,6,60-69,Male
1354,IMM_3,0,6,6,60-69,Male
1354,IMM_1,1,6,6,60-69,Male
1354,IMM_6,3,6,6,60-69,Male
1354,IMM_7,1,6,6,60-69,Male
1354,IMM_5,3,6,6,60-69,Male
1354,IMM_9,2,6,6,60-69,Male
1354,IMM_4,0,6,6,60-69,Male
1356,IMM_8,0,6,6,40-49,Male
1356,IMM_3,0,6,6,40-49,Male
1356,IMM_6,0,6,6,40-49,Male
1356,IMM_1,4,6,6,40-49,Male
1356,IMM_2,4,6,6,40-49,Male
1356,IMM_7,4,6,6,40-49,Male
1356,IMM_9,4,6,6,40-49,Male
1356,IMM_4,3,6,6,40-49,Male
1356,IMM_10,2,6,6,40-49,Male
1356,IMM_5,0,6,6,40-49,Male
1358,IMM_7,2,6,7,60-69,Male
1358,IMM_2,4,6,7,60-69,Male
1358,IMM_8,1,6,7,60-69,Male
1358,IMM_4,0,6,7,60-69,Male
1358,IMM_10,1,6,7,60-69,Male
1358,IMM_1,3,6,7,60-69,Male
1358,IMM_6,0,6,7,60-69,Male
1358,IMM_9,3,6,7,60-69,Male
1358,IMM_3,0,6,7,60-69,Male
1358,IMM_5,3,6,7,60-69,Male
1366,IMM_5,2,6,5,50-59,Male
1366,IMM_8,3,6,5,50-59,Male
1366,IMM_6,2,6,5,50-59,Male
1366,IMM_4,2,6,5,50-59,Male
1366,IMM_1,2,6,5,50-59,Male
1366,IMM_3,1,6,5,50-59,Male
1366,IMM_7,2,6,5,50-59,Male
1366,IMM_10,3,6,5,50-59,Male
1366,IMM_2,2,6,5,50-59,Male
1366,IMM_9,2,6,5,50-59,Male
1399,IMM_9,2,6,6,40-49,Female
1399,IMM_8,3,6,6,40-49,Female
1399,IMM_5,3,6,6,40-49,Female
1399,IMM_1,1,6,6,40-49,Female
1399,IMM_4,3,6,6,40-49,Female
1399,IMM_7,0,6,6,40-49,Female
1399,IMM_2,3,6,6,40-49,Female
1399,IMM_6,1,6,6,40-49,Female
1399,IMM_3,1,6,6,40-49,Female
1399,IMM_10,3,6,6,40-49,Female
1401,IMM_8,4,6,7,18-29,Male
1401,IMM_9,4,6,7,18-29,Male
1401,IMM_2,2,6,7,18-29,Male
1401,IMM_5,3,6,7,18-29,Male
1401,IMM_6,3,6,7,18-29,Male
1401,IMM_3,2,6,7,18-29,Male
1401,IMM_7,2,6,7,18-29,Male
1401,IMM_10,1,6,7,18-29,Male
1401,IMM_1,0,6,7,18-29,Male
1401,IMM_4,3,6,7,18-29,Male
1412,IMM_8,4,6,5,30-39,Male
1412,IMM_10,3,6,5,30-39,Male
1412,IMM_1,1,6,5,30-39,Male
1412,IMM_5,3,6,5,30-39,Male
1412,IMM_9,3,6,5,30-39,Male
1412,IMM_7,3,6,5,30-39,Male
1412,IMM_2,3,6,5,30-39,Male
1412,IMM_4,4,6,5,30-39,Male
1412,IMM_6,2,6,5,30-39,Male
1412,IMM_3,1,6,5,30-39,Male
1413,IMM_3,2,6,6,40-49,Male
1413,IMM_5,2,6,6,40-49,Male
1413,IMM_7,2,6,6,40-49,Male
1413,IMM_4,3,6,6,40-49,Male
1413,IMM_8,1,6,6,40-49,Male
1413,IMM_6,3,6,6,40-49,Male
1413,IMM_1,1,6,6,40-49,Male
1413,IMM_9,3,6,6,40-49,Male
1413,IMM_10,1,6,6,40-49,Male
1413,IMM_2,3,6,6,40-49,Male
1422,IMM_4,3,6,6,30-39,Male
1422,IMM_7,3,6,6,30-39,Male
1422,IMM_10,1,6,6,30-39,Male
1422,IMM_9,2,6,6,30-39,Male
1422,IMM_3,0,6,6,30-39,Male
1422,IMM_1,1,6,6,30-39,Male
1422,IMM_8,3,6,6,30-39,Male
1422,IMM_6,1,6,6,30-39,Male
1422,IMM_2,1,6,6,30-39,Male
1422,IMM_5,2,6,6,30-39,Male
1426,IMM_10,3,6,7,70-79,Male
1426,IMM_6,3,6,7,70-79,Male
1426,IMM_1,3,6,7,70-79,Male
1426,IMM_5,4,6,7,70-79,Male
1426,IMM_8,1,6,7,70-79,Male
1426,IMM_2,3,6,7,70-79,Male
1426,IMM_7,3,6,7,70-79,Male
1426,IMM_3,0,6,7,70-79,Male
1426,IMM_4,4,6,7,70-79,Male
1426,IMM_9,3,6,7,70-79,Male
1429,IMM_2,2,6,1,18-29,Male
1429,IMM_10,2,6,1,18-29,Male
1429,IMM_4,3,6,1,18-29,Male
1429,IMM_7,3,6,1,18-29,Male
1429,IMM_1,2,6,1,18-29,Male
1429,IMM_6,2,6,1,18-29,Male
1429,IMM_3,1,6,1,18-29,Male
1429,IMM_5,3,6,1,18-29,Male
1429,IMM_9,1,6,1,18-29,Male
1429,IMM_8,2,6,1,18-29,Male
1437,IMM_2,4,6,7,40-49,Male
1437,IMM_4,3,6,7,40-49,Male
1437,IMM_9,3,6,7,40-49,Male
1437,IMM_7,2,6,7,40-49,Male
1437,IMM_10,3,6,7,40-49,Male
1437,IMM_6,3,6,7,40-49,Male
1437,IMM_8,2,6,7,40-49,Male
1437,IMM_5,1,6,7,40-49,Male
1437,IMM_1,1,6,7,40-49,Male
1437,IMM_3,3,6,7,40-49,Male
1450,IMM_3,0,6,7,70-79,Male
1450,IMM_10,3,6,7,70-79,Male
1450,IMM_7,2,6,7,70-79,Male
1450,IMM_4,0,6,7,70-79,Male
1450,IMM_9,4,6,7,70-79,Male
1450,IMM_1,3,6,7,70-79,Male
1450,IMM_6,1,6,7,70-79,Male
1450,IMM_2,4,6,7,70-79,Male
1450,IMM_8,3,6,7,70-79,Male
1450,IMM_5,3,6,7,70-79,Male
1452,IMM_5,3,6,6,40-49,Male
1452,IMM_6,4,6,6,40-49,Male
1452,IMM_8,3,6,6,40-49,Male
1452,IMM_10,0,6,6,40-49,Male
1452,IMM_3,0,6,6,40-49,Male
1452,IMM_1,0,6,6,40-49,Male
1452,IMM_7,0,6,6,40-49,Male
1452,IMM_9,3,6,6,40-49,Male
1452,IMM_4,1,6,6,40-49,Male
1452,IMM_2,3,6,6,40-49,Male
1464,IMM_8,2,6,7,60-69,Female
1464,IMM_5,3,6,7,60-69,Female
1464,IMM_4,3,6,7,60-69,Female
1464,IMM_1,3,6,7,60-69,Female
1464,IMM_9,2,6,7,60-69,Female
1464,IMM_7,2,6,7,60-69,Female
1464,IMM_2,3,6,7,60-69,Female
1464,IMM_10,2,6,7,60-69,Female
1464,IMM_3,2,6,7,60-69,Female
1464,IMM_6,1,6,7,60-69,Female
1476,IMM_3,0,6,7,60-69,Female
1476,IMM_7,2,6,7,60-69,Female
1476,IMM_6,0,6,7,60-69,Female
1476,IMM_5,4,6,7,60-69,Female
1476,IMM_9,2,6,7,60-69,Female
1476,IMM_4,0,6,7,60-69,Female
1476,IMM_10,2,6,7,60-69,Female
1476,IMM_2,0,6,7,60-69,Female
1476,IMM_8,0,6,7,60-69,Female
1476,IMM_1,4,6,7,60-69,Female
1482,IMM_7,2,6,7,70-79,Male
1482,IMM_3,0,6,7,70-79,Male
1482,IMM_5,3,6,7,70-79,Male
1482,IMM_2,3,6,7,70-79,Male
1482,IMM_8,3,6,7,70-79,Male
1482,IMM_4,1,6,7,70-79,Male
1482,IMM_1,3,6,7,70-79,Male
1482,IMM_10,3,6,7,70-79,Male
1482,IMM_6,3,6,7,70-79,Male
1482,IMM_9,3,6,7,70-79,Male
1494,IMM_1,3,6,6,80+,Male
1494,IMM_10,2,6,6,80+,Male
1494,IMM_8,4,6,6,80+,Male
1494,IMM_2,3,6,6,80+,Male
1494,IMM_6,4,6,6,80+,Male
1494,IMM_5,3,6,6,80+,Male
1494,IMM_3,0,6,6,80+,Male
1494,IMM_9,2,6,6,80+,Male
1494,IMM_4,1,6,6,80+,Male
1494,IMM_7,3,6,6,80+,Male
1496,IMM_3,0,6,7,60-69,Male
1496,IMM_7,3,6,7,60-69,Male
1496,IMM_5,4,6,7,60-69,Male
1496,IMM_6,0,6,7,60-69,Male
1496,IMM_10,0,6,7,60-69,Male
1496,IMM_9,1,6,7,60-69,Male
1496,IMM_2,0,6,7,60-69,Male
1496,IMM_1,4,6,7,60-69,Male
1496,IMM_4,3,6,7,60-69,Male
1496,IMM_8,0,6,7,60-69,Male
1499,IMM_10,3,6,7,30-39,Male
1499,IMM_5,0,6,7,30-39,Male
1499,IMM_8,4,6,7,30-39,Male
1499,IMM_2,2,6,7,30-39,Male
1499,IMM_7,2,6,7,30-39,Male
1499,IMM_3,3,6,7,30-39,Male
1499,IMM_6,3,6,7,30-39,Male
1499,IMM_4,1,6,7,30-39,Male
1499,IMM_9,0,6,7,30-39,Male
1499,IMM_1,3,6,7,30-39,Male
1503,IMM_3,3,6,7,40-49,Male
1503,IMM_4,2,6,7,40-49,Male
1503,IMM_2,4,6,7,40-49,Male
1503,IMM_5,1,6,7,40-49,Male
1503,IMM_9,4,6,7,40-49,Male
1503,IMM_6,3,6,7,40-49,Male
1503,IMM_8,2,6,7,40-49,Male
1503,IMM_7,2,6,7,40-49,Male
1503,IMM_10,4,6,7,40-49,Male
1503,IMM_1,1,6,7,40-49,Male
1507,IMM_6,1,6,6,70-79,Male
1507,IMM_1,4,6,6,70-79,Male
1507,IMM_9,2,6,6,70-79,Male
1507,IMM_3,0,6,6,70-79,Male
1507,IMM_7,2,6,6,70-79,Male
1507,IMM_2,3,6,6,70-79,Male
1507,IMM_5,2,6,6,70-79,Male
1507,IMM_10,3,6,6,70-79,Male
1507,IMM_8,0,6,6,70-79,Male
1507,IMM_4,0,6,6,70-79,Male
1508,IMM_10,2,6,7,70-79,Male
1508,IMM_7,3,6,7,70-79,Male
1508,IMM_3,0,6,7,70-79,Male
1508,IMM_6,3,6,7,70-79,Male
1508,IMM_8,1,6,7,70-79,Male
1508,IMM_2,3,6,7,70-79,Male
1508,IMM_4,2,6,7,70-79,Male
1508,IMM_5,1,6,7,70-79,Male
1508,IMM_9,2,6,7,70-79,Male
1508,IMM_1,3,6,7,70-79,Male
1513,IMM_2,1,6,7,60-69,Male
1513,IMM_4,1,6,7,60-69,Male
1513,IMM_6,4,6,7,60-69,Male
1513,IMM_8,1,6,7,60-69,Male
1513,IMM_5,4,6,7,60-69,Male
1513,IMM_9,2,6,7,60-69,Male
1513,IMM_3,0,6,7,60-69,Male
1513,IMM_10,3,6,7,60-69,Male
1513,IMM_7,2,6,7,60-69,Male
1513,IMM_1,3,6,7,60-69,Male
1520,IMM_3,1,6,2,40-49,Male
1520,IMM_10,0,6,2,40-49,Male
1520,IMM_1,4,6,2,40-49,Male
1520,IMM_6,0,6,2,40-49,Male
1520,IMM_4,1,6,2,40-49,Male
1520,IMM_5,2,6,2,40-49,Male
1520,IMM_2,3,6,2,40-49,Male
1520,IMM_7,3,6,2,40-49,Male
1520,IMM_9,0,6,2,40-49,Male
1520,IMM_8,1,6,2,40-49,Male
1523,IMM_7,3,6,7,70-79,Male
1523,IMM_6,1,6,7,70-79,Male
1523,IMM_9,2,6,7,70-79,Male
1523,IMM_5,3,6,7,70-79,Male
1523,IMM_4,1,6,7,70-79,Male
1523,IMM_1,1,6,7,70-79,Male
1523,IMM_8,4,6,7,70-79,Male
1523,IMM_2,3,6,7,70-79,Male
1523,IMM_3,0,6,7,70-79,Male
1523,IMM_10,1,6,7,70-79,Male
1538,IMM_1,1,6,7,60-69,Male
1538,IMM_4,1,6,7,60-69,Male
1538,IMM_6,3,6,7,60-69,Male
1538,IMM_9,3,6,7,60-69,Male
1538,IMM_8,4,6,7,60-69,Male
1538,IMM_7,1,6,7,60-69,Male
1538,IMM_3,1,6,7,60-69,Male
1538,IMM_2,1,6,7,60-69,Male
1538,IMM_5,3,6,7,60-69,Male
1538,IMM_10,3,6,7,60-69,Male
1541,IMM_10,2,6,6,60-69,Male
1541,IMM_3,0,6,6,60-69,Male
1541,IMM_5,3,6,6,60-69,Male
1541,IMM_8,1,6,6,60-69,Male
1541,IMM_7,2,6,6,60-69,Male
1541,IMM_4,3,6,6,60-69,Male
1541,IMM_2,3,6,6,60-69,Male
1541,IMM_1,3,6,6,60-69,Male
1541,IMM_6,0,6,6,60-69,Male
1541,IMM_9,1,6,6,60-69,Male
1557,IMM_7,2,6,5,50-59,Male
1557,IMM_1,3,6,5,50-59,Male
1557,IMM_8,3,6,5,50-59,Male
1557,IMM_4,1,6,5,50-59,Male
1557,IMM_10,3,6,5,50-59,Male
1557,IMM_5,1,6,5,50-59,Male
1557,IMM_9,1,6,5,50-59,Male
1557,IMM_2,3,6,5,50-59,Male
1557,IMM_6,3,6,5,50-59,Male
1557,IMM_3,1,6,5,50-59,Male
1559,IMM_2,3,6,6,60-69,Male
1559,IMM_8,4,6,6,60-69,Male
1559,IMM_5,3,6,6,60-69,Male
1559,IMM_3,0,6,6,60-69,Male
1559,IMM_7,3,6,6,60-69,Male
1559,IMM_4,1,6,6,60-69,Male
1559,IMM_10,3,6,6,60-69,Male
1559,IMM_6,0,6,6,60-69,Male
1559,IMM_1,4,6,6,60-69,Male
1559,IMM_9,2,6,6,60-69,Male
1566,IMM_1,2,6,6,80+,Male
1566,IMM_2,3,6,6,80+,Male
1566,IMM_3,1,6,6,80+,Male
1566,IMM_4,3,6,6,80+,Male
1566,IMM_5,3,6,6,80+,Male
1566,IMM_8,1,6,6,80+,Male
1566,IMM_6,1,6,6,80+,Male
1566,IMM_7,1,6,6,80+,Male
1566,IMM_9,2,6,6,80+,Male
1566,IMM_10,3,6,6,80+,Male
1567,IMM_5,3,6,7,70-79,Male
1567,IMM_9,1,6,7,70-79,Male
1567,IMM_10,2,6,7,70-79,Male
1567,IMM_2,2,6,7,70-79,Male
1567,IMM_7,3,6,7,70-79,Male
1567,IMM_3,1,6,7,70-79,Male
1567,IMM_4,3,6,7,70-79,Male
1567,IMM_8,2,6,7,70-79,Male
1567,IMM_6,3,6,7,70-79,Male
1567,IMM_1,3,6,7,70-79,Male
1571,IMM_8,0,6,5,50-59,Male
1571,IMM_6,3,6,5,50-59,Male
1571,IMM_10,1,6,5,50-59,Male
1571,IMM_5,4,6,5,50-59,Male
1571,IMM_2,0,6,5,50-59,Male
1571,IMM_3,0,6,5,50-59,Male
1571,IMM_9,1,6,5,50-59,Male
1571,IMM_4,1,6,5,50-59,Male
1571,IMM_7,4,6,5,50-59,Male
1571,IMM_1,4,6,5,50-59,Male
1577,IMM_4,1,6,7,70-79,Male
1577,IMM_1,2,6,7,70-79,Male
1577,IMM_6,3,6,7,70-79,Male
1577,IMM_8,3,6,7,70-79,Male
1577,IMM_3,0,6,7,70-79,Male
1577,IMM_5,4,6,7,70-79,Male
1577,IMM_7,2,6,7,70-79,Male
1577,IMM_9,2,6,7,70-79,Male
1577,IMM_2,3,6,7,70-79,Male
1577,IMM_10,2,6,7,70-79,Male
1591,IMM_5,4,6,5,60-69,Male
1591,IMM_9,0,6,5,60-69,Male
1591,IMM_10,0,6,5,60-69,Male
1591,IMM_2,4,6,5,60-69,Male
1591,IMM_1,4,6,5,60-69,Male
1591,IMM_8,0,6,5,60-69,Male
1591,IMM_4,0,6,5,60-69,Male
1591,IMM_7,4,6,5,60-69,Male
1591,IMM_6,0,6,5,60-69,Male
1591,IMM_3,0,6,5,60-69,Male
1607,IMM_2,2,6,2,50-59,Male
1607,IMM_6,1,6,2,50-59,Male
1607,IMM_8,0,6,2,50-59,Male
1607,IMM_5,0,6,2,50-59,Male
1607,IMM_1,3,6,2,50-59,Male
1607,IMM_3,0,6,2,50-59,Male
1607,IMM_10,2,6,2,50-59,Male
1607,IMM_4,2,6,2,50-59,Male
1607,IMM_9,2,6,2,50-59,Male
1607,IMM_7,0,6,2,50-59,Male
1615,IMM_4,2,6,3,18-29,Female
1615,IMM_10,3,6,3,18-29,Female
1615,IMM_6,3,6,3,18-29,Female
1615,IMM_9,2,6,3,18-29,Female
1615,IMM_8,4,6,3,18-29,Female
1615,IMM_7,0,6,3,18-29,Female
1615,IMM_2,3,6,3,18-29,Female
1615,IMM_1,1,6,3,18-29,Female
1615,IMM_5,0,6,3,18-29,Female
1615,IMM_3,4,6,3,18-29,Female
1616,IMM_4,0,6,1,40-49,Male
1616,IMM_1,0,6,1,40-49,Male
1616,IMM_10,4,6,1,40-49,Male
1616,IMM_8,3,6,1,40-49,Male
1616,IMM_9,4,6,1,40-49,Male
1616,IMM_5,0,6,1,40-49,Male
1616,IMM_2,4,6,1,40-49,Male
1616,IMM_6,4,6,1,40-49,Male
1616,IMM_7,0,6,1,40-49,Male
1616,IMM_3,4,6,1,40-49,Male
1625,IMM_5,2,6,6,40-49,Female
1625,IMM_2,3,6,6,40-49,Female
1625,IMM_10,0,6,6,40-49,Female
1625,IMM_4,1,6,6,40-49,Female
1625,IMM_9,1,6,6,40-49,Female
1625,IMM_7,3,6,6,40-49,Female
1625,IMM_8,1,6,6,40-49,Female
1625,IMM_1,3,6,6,40-49,Female
1625,IMM_3,0,6,6,40-49,Female
1625,IMM_6,4,6,6,40-49,Female
1633,IMM_5,3,6,7,60-69,Male
1633,IMM_9,1,6,7,60-69,Male
1633,IMM_10,3,6,7,60-69,Male
1633,IMM_1,3,6,7,60-69,Male
1633,IMM_2,0,6,7,60-69,Male
1633,IMM_8,0,6,7,60-69,Male
1633,IMM_6,0,6,7,60-69,Male
1633,IMM_3,0,6,7,60-69,Male
1633,IMM_4,1,6,7,60-69,Male
1633,IMM_7,1,6,7,60-69,Male
1640,IMM_1,3,6,7,40-49,Female
1640,IMM_9,1,6,7,40-49,Female
1640,IMM_6,2,6,7,40-49,Female
1640,IMM_8,3,6,7,40-49,Female
1640,IMM_5,3,6,7,40-49,Female
1640,IMM_7,1,6,7,40-49,Female
1640,IMM_2,4,6,7,40-49,Female
1640,IMM_4,4,6,7,40-49,Female
1640,IMM_3,0,6,7,40-49,Female
1640,IMM_10,1,6,7,40-49,Female
1642,IMM_5,4,6,7,70-79,Male
1642,IMM_10,4,6,7,70-79,Male
1642,IMM_7,2,6,7,70-79,Male
1642,IMM_6,4,6,7,70-79,Male
1642,IMM_4,1,6,7,70-79,Male
1642,IMM_8,3,6,7,70-79,Male
1642,IMM_3,1,6,7,70-79,Male
1642,IMM_1,1,6,7,70-79,Male
1642,IMM_2,0,6,7,70-79,Male
1642,IMM_9,3,6,7,70-79,Male
1643,IMM_6,2,6,5,40-49,Female
1643,IMM_1,2,6,5,40-49,Female
1643,IMM_3,1,6,5,40-49,Female
1643,IMM_10,1,6,5,40-49,Female
1643,IMM_9,3,6,5,40-49,Female
1643,IMM_5,3,6,5,40-49,Female
1643,IMM_4,2,6,5,40-49,Female
1643,IMM_8,3,6,5,40-49,Female
1643,IMM_7,1,6,5,40-49,Female
1643,IMM_2,4,6,5,40-49,Female
1644,IMM_9,2,6,5,60-69,Male
1644,IMM_10,1,6,5,60-69,Male
1644,IMM_6,3,6,5,60-69,Male
1644,IMM_2,3,6,5,60-69,Male
1644,IMM_1,3,6,5,60-69,Male
1644,IMM_7,3,6,5,60-69,Male
1644,IMM_8,4,6,5,60-69,Male
1644,IMM_4,1,6,5,60-69,Male
1644,IMM_3,1,6,5,60-69,Male
1644,IMM_5,2,6,5,60-69,Male
1648,IMM_4,3,6,6,30-39,Male
1648,IMM_1,3,6,6,30-39,Male
1648,IMM_3,1,6,6,30-39,Male
1648,IMM_7,3,6,6,30-39,Male
1648,IMM_2,3,6,6,30-39,Male
1648,IMM_9,1,6,6,30-39,Male
1648,IMM_10,1,6,6,30-39,Male
1648,IMM_8,3,6,6,30-39,Male
1648,IMM_5,3,6,6,30-39,Male
1648,IMM_6,1,6,6,30-39,Male
1650,IMM_4,0,6,6,60-69,Male
1650,IMM_8,0,6,6,60-69,Male
1650,IMM_3,0,6,6,60-69,Male
1650,IMM_10,0,6,6,60-69,Male
1650,IMM_5,3,6,6,60-69,Male
1650,IMM_6,0,6,6,60-69,Male
1650,IMM_7,2,6,6,60-69,Male
1650,IMM_2,0,6,6,60-69,Male
1650,IMM_1,4,6,6,60-69,Male
1650,IMM_9,0,6,6,60-69,Male
1652,IMM_8,3,6,5,70-79,Male
1652,IMM_4,3,6,5,70-79,Male
1652,IMM_5,1,6,5,70-79,Male
1652,IMM_3,1,6,5,70-79,Male
1652,IMM_6,3,6,5,70-79,Male
1652,IMM_10,3,6,5,70-79,Male
1652,IMM_1,3,6,5,70-79,Male
1652,IMM_9,1,6,5,70-79,Male
1652,IMM_7,0,6,5,70-79,Male
1652,IMM_2,3,6,5,70-79,Male
1656,IMM_10,3,6,2,30-39,Male
1656,IMM_5,2,6,2,30-39,Male
1656,IMM_1,2,6,2,30-39,Male
1656,IMM_6,3,6,2,30-39,Male
1656,IMM_7,3,6,2,30-39,Male
1656,IMM_2,1,6,2,30-39,Male
1656,IMM_8,3,6,2,30-39,Male
1656,IMM_4,1,6,2,30-39,Male
1656,IMM_9,0,6,2,30-39,Male
1656,IMM_3,4,6,2,30-39,Male
1658,IMM_9,1,6,5,60-69,Male
1658,IMM_7,2,6,5,60-69,Male
1658,IMM_6,1,6,5,60-69,Male
1658,IMM_2,3,6,5,60-69,Male
1658,IMM_5,2,6,5,60-69,Male
1658,IMM_3,3,6,5,60-69,Male
1658,IMM_1,2,6,5,60-69,Male
1658,IMM_10,3,6,5,60-69,Male
1658,IMM_8,1,6,5,60-69,Male
1658,IMM_4,1,6,5,60-69,Male
1659,IMM_8,1,6,6,60-69,Male
1659,IMM_10,3,6,6,60-69,Male
1659,IMM_7,3,6,6,60-69,Male
1659,IMM_4,0,6,6,60-69,Male
1659,IMM_3,2,6,6,60-69,Male
1659,IMM_5,1,6,6,60-69,Male
1659,IMM_1,3,6,6,60-69,Male
1659,IMM_6,4,6,6,60-69,Male
1659,IMM_2,3,6,6,60-69,Male
1659,IMM_9,3,6,6,60-69,Male
1663,IMM_6,1,6,7,70-79,Male
1663,IMM_10,1,6,7,70-79,Male
1663,IMM_5,3,6,7,70-79,Male
1663,IMM_4,1,6,7,70-79,Male
1663,IMM_2,3,6,7,70-79,Male
1663,IMM_1,1,6,7,70-79,Male
1663,IMM_9,4,6,7,70-79,Male
1663,IMM_7,1,6,7,70-79,Male
1663,IMM_8,3,6,7,70-79,Male
1663,IMM_3,0,6,7,70-79,Male
1666,IMM_2,1,6,7,40-49,Male
1666,IMM_10,4,6,7,40-49,Male
1666,IMM_1,4,6,7,40-49,Male
1666,IMM_5,3,6,7,40-49,Male
1666,IMM_7,1,6,7,40-49,Male
1666,IMM_8,2,6,7,40-49,Male
1666,IMM_6,3,6,7,40-49,Male
1666,IMM_3,2,6,7,40-49,Male
1666,IMM_9,3,6,7,40-49,Male
1666,IMM_4,3,6,7,40-49,Male
1668,IMM_5,1,6,1,60-69,Male
1668,IMM_8,2,6,1,60-69,Male
1668,IMM_3,4,6,1,60-69,Male
1668,IMM_9,3,6,1,60-69,Male
1668,IMM_2,0,6,1,60-69,Male
1668,IMM_10,2,6,1,60-69,Male
1668,IMM_6,3,6,1,60-69,Male
1668,IMM_7,4,6,1,60-69,Male
1668,IMM_4,2,6,1,60-69,Male
1668,IMM_1,0,6,1,60-69,Male
1673,IMM_3,0,6,7,70-79,Male
1673,IMM_2,0,6,7,70-79,Male
1673,IMM_9,0,6,7,70-79,Male
1673,IMM_7,3,6,7,70-79,Male
1673,IMM_10,0,6,7,70-79,Male
1673,IMM_5,4,6,7,70-79,Male
1673,IMM_1,4,6,7,70-79,Male
1673,IMM_6,3,6,7,70-79,Male
1673,IMM_8,0,6,7,70-79,Male
1673,IMM_4,1,6,7,70-79,Male
1678,IMM_9,2,6,7,60-69,Male
1678,IMM_3,0,6,7,60-69,Male
1678,IMM_2,0,6,7,60-69,Male
1678,IMM_8,3,6,7,60-69,Male
1678,IMM_1,4,6,7,60-69,Male
1678,IMM_7,4,6,7,60-69,Male
1678,IMM_6,1,6,7,60-69,Male
1678,IMM_4,1,6,7,60-69,Male
1678,IMM_5,4,6,7,60-69,Male
1678,IMM_10,2,6,7,60-69,Male
1680,IMM_9,4,6,6,60-69,Female
1680,IMM_8,0,6,6,60-69,Female
1680,IMM_10,0,6,6,60-69,Female
1680,IMM_3,0,6,6,60-69,Female
1680,IMM_5,4,6,6,60-69,Female
1680,IMM_1,4,6,6,60-69,Female
1680,IMM_7,2,6,6,60-69,Female
1680,IMM_2,0,6,6,60-69,Female
1680,IMM_4,0,6,6,60-69,Female
1680,IMM_6,0,6,6,60-69,Female
1681,IMM_7,4,6,7,50-59,Female
1681,IMM_1,3,6,7,50-59,Female
1681,IMM_2,3,6,7,50-59,Female
1681,IMM_3,0,6,7,50-59,Female
1681,IMM_10,0,6,7,50-59,Female
1681,IMM_4,0,6,7,50-59,Female
1681,IMM_6,0,6,7,50-59,Female
1681,IMM_9,0,6,7,50-59,Female
1681,IMM_8,2,6,7,50-59,Female
1681,IMM_5,2,6,7,50-59,Female
1683,IMM_10,3,6,1,70-79,Female
1683,IMM_4,1,6,1,70-79,Female
1683,IMM_5,1,6,1,70-79,Female
1683,IMM_8,3,6,1,70-79,Female
1683,IMM_2,3,6,1,70-79,Female
1683,IMM_3,3,6,1,70-79,Female
1683,IMM_6,3,6,1,70-79,Female
1683,IMM_1,3,6,1,70-79,Female
1683,IMM_9,3,6,1,70-79,Female
1683,IMM_7,0,6,1,70-79,Female
1687,IMM_4,1,6,6,70-79,Female
1687,IMM_9,1,6,6,70-79,Female
1687,IMM_7,1,6,6,70-79,Female
1687,IMM_3,0,6,6,70-79,Female
1687,IMM_1,4,6,6,70-79,Female
1687,IMM_10,2,6,6,70-79,Female
1687,IMM_5,4,6,6,70-79,Female
1687,IMM_8,0,6,6,70-79,Female
1687,IMM_6,1,6,6,70-79,Female
1687,IMM_2,1,6,6,70-79,Female
1689,IMM_8,0,6,6,60-69,Male
1689,IMM_6,0,6,6,60-69,Male
1689,IMM_5,4,6,6,60-69,Male
1689,IMM_4,0,6,6,60-69,Male
1689,IMM_1,4,6,6,60-69,Male
1689,IMM_2,0,6,6,60-69,Male
1689,IMM_9,0,6,6,60-69,Male
1689,IMM_3,0,6,6,60-69,Male
1689,IMM_10,0,6,6,60-69,Male
1689,IMM_7,4,6,6,60-69,Male
1690,IMM_1,4,6,7,60-69,Female
1690,IMM_7,4,6,7,60-69,Female
1690,IMM_9,2,6,7,60-69,Female
1690,IMM_3,0,6,7,60-69,Female
1690,IMM_2,0,6,7,60-69,Female
1690,IMM_8,0,6,7,60-69,Female
1690,IMM_5,4,6,7,60-69,Female
1690,IMM_6,0,6,7,60-69,Female
1690,IMM_4,0,6,7,60-69,Female
1690,IMM_10,0,6,7,60-69,Female
1695,IMM_6,3,6,5,60-69,Female
1695,IMM_1,3,6,5,60-69,Female
1695,IMM_10,1,6,5,60-69,Female
1695,IMM_2,1,6,5,60-69,Female
1695,IMM_7,3,6,5,60-69,Female
1695,IMM_9,4,6,5,60-69,Female
1695,IMM_8,2,6,5,60-69,Female
1695,IMM_3,0,6,5,60-69,Female
1695,IMM_4,3,6,5,60-69,Female
1695,IMM_5,3,6,5,60-69,Female
1696,IMM_9,2,6,7,70-79,Male
1696,IMM_10,3,6,7,70-79,Male
1696,IMM_3,1,6,7,70-79,Male
1696,IMM_5,3,6,7,70-79,Male
1696,IMM_7,2,6,7,70-79,Male
1696,IMM_4,1,6,7,70-79,Male
1696,IMM_2,3,6,7,70-79,Male
1696,IMM_1,2,6,7,70-79,Male
1696,IMM_8,3,6,7,70-79,Male
1696,IMM_6,4,6,7,70-79,Male
1721,IMM_1,1,6,6,70-79,Female
1721,IMM_7,0,6,6,70-79,Female
1721,IMM_3,1,6,6,70-79,Female
1721,IMM_2,2,6,6,70-79,Female
1721,IMM_5,3,6,6,70-79,Female
1721,IMM_9,2,6,6,70-79,Female
1721,IMM_10,3,6,6,70-79,Female
1721,IMM_4,3,6,6,70-79,Female
1721,IMM_6,2,6,6,70-79,Female
1721,IMM_8,3,6,6,70-79,Female
1722,IMM_4,3,6,6,50-59,Female
1722,IMM_1,4,6,6,50-59,Female
1722,IMM_5,2,6,6,50-59,Female
1722,IMM_9,2,6,6,50-59,Female
1722,IMM_7,1,6,6,50-59,Female
1722,IMM_8,4,6,6,50-59,Female
1722,IMM_10,1,6,6,50-59,Female
1722,IMM_2,4,6,6,50-59,Female
1722,IMM_6,0,6,6,50-59,Female
1722,IMM_3,0,6,6,50-59,Female
1727,IMM_4,0,6,6,30-39,Female
1727,IMM_2,3,6,6,30-39,Female
1727,IMM_10,2,6,6,30-39,Female
1727,IMM_9,4,6,6,30-39,Female
1727,IMM_3,1,6,6,30-39,Female
1727,IMM_7,4,6,6,30-39,Female
1727,IMM_5,1,6,6,30-39,Female
1727,IMM_1,1,6,6,30-39,Female
1727,IMM_8,1,6,6,30-39,Female
1727,IMM_6,3,6,6,30-39,Female
1732,IMM_7,3,6,7,18-29,Female
1732,IMM_1,2,6,7,18-29,Female
1732,IMM_5,3,6,7,18-29,Female
1732,IMM_2,2,6,7,18-29,Female
1732,IMM_6,1,6,7,18-29,Female
1732,IMM_10,2,6,7,18-29,Female
1732,IMM_9,1,6,7,18-29,Female
1732,IMM_8,3,6,7,18-29,Female
1732,IMM_4,2,6,7,18-29,Female
1732,IMM_3,0,6,7,18-29,Female
1740,IMM_3,0,6,7,30-39,Female
1740,IMM_5,3,6,7,30-39,Female
1740,IMM_8,3,6,7,30-39,Female
1740,IMM_9,3,6,7,30-39,Female
1740,IMM_1,1,6,7,30-39,Female
1740,IMM_10,3,6,7,30-39,Female
1740,IMM_7,3,6,7,30-39,Female
1740,IMM_2,1,6,7,30-39,Female
1740,IMM_6,0,6,7,30-39,Female
1740,IMM_4,1,6,7,30-39,Female
1749,IMM_4,0,6,5,60-69,Female
1749,IMM_10,2,6,5,60-69,Female
1749,IMM_1,2,6,5,60-69,Female
1749,IMM_3,0,6,5,60-69,Female
1749,IMM_5,2,6,5,60-69,Female
1749,IMM_6,3,6,5,60-69,Female
1749,IMM_2,4,6,5,60-69,Female
1749,IMM_8,3,6,5,60-69,Female
1749,IMM_9,3,6,5,60-69,Female
1749,IMM_7,0,6,5,60-69,Female
1755,IMM_9,3,6,6,70-79,Female
1755,IMM_8,3,6,6,70-79,Female
1755,IMM_4,0,6,6,70-79,Female
1755,IMM_3,0,6,6,70-79,Female
1755,IMM_5,3,6,6,70-79,Female
1755,IMM_2,1,6,6,70-79,Female
1755,IMM_7,2,6,6,70-79,Female
1755,IMM_10,1,6,6,70-79,Female
1755,IMM_6,1,6,6,70-79,Female
1755,IMM_1,4,6,6,70-79,Female
1759,IMM_2,0,6,6,50-59,Female
1759,IMM_3,4,6,6,50-59,Female
1759,IMM_7,3,6,6,50-59,Female
1759,IMM_10,0,6,6,50-59,Female
1759,IMM_4,0,6,6,50-59,Female
1759,IMM_9,1,6,6,50-59,Female
1759,IMM_8,2,6,6,50-59,Female
1759,IMM_1,4,6,6,50-59,Female
1759,IMM_6,0,6,6,50-59,Female
1759,IMM_5,1,6,6,50-59,Female
1766,IMM_6,3,6,6,60-69,Female
1766,IMM_5,2,6,6,60-69,Female
1766,IMM_4,1,6,6,60-69,Female
1766,IMM_7,2,6,6,60-69,Female
1766,IMM_10,3,6,6,60-69,Female
1766,IMM_2,1,6,6,60-69,Female
1766,IMM_1,3,6,6,60-69,Female
1766,IMM_9,0,6,6,60-69,Female
1766,IMM_3,0,6,6,60-69,Female
1766,IMM_8,1,6,6,60-69,Female
1770,IMM_5,3,6,1,18-29,Male
1770,IMM_3,0,6,1,18-29,Male
1770,IMM_10,3,6,1,18-29,Male
1770,IMM_2,3,6,1,18-29,Male
1770,IMM_6,1,6,1,18-29,Male
1770,IMM_9,3,6,1,18-29,Male
1770,IMM_4,1,6,1,18-29,Male
1770,IMM_1,1,6,1,18-29,Male
1770,IMM_7,1,6,1,18-29,Male
1770,IMM_8,4,6,1,18-29,Male
1779,IMM_1,4,6,6,50-59,Male
1779,IMM_5,1,6,6,50-59,Male
1779,IMM_6,1,6,6,50-59,Male
1779,IMM_3,3,6,6,50-59,Male
1779,IMM_4,1,6,6,50-59,Male
1779,IMM_7,1,6,6,50-59,Male
1779,IMM_10,0,6,6,50-59,Male
1779,IMM_9,3,6,6,50-59,Male
1779,IMM_2,1,6,6,50-59,Male
1779,IMM_8,1,6,6,50-59,Male
1784,IMM_2,3,6,7,30-39,Male
1784,IMM_8,3,6,7,30-39,Male
1784,IMM_10,2,6,7,30-39,Male
1784,IMM_9,3,6,7,30-39,Male
1784,IMM_1,4,6,7,30-39,Male
1784,IMM_6,2,6,7,30-39,Male
1784,IMM_3,0,6,7,30-39,Male
1784,IMM_7,4,6,7,30-39,Male
1784,IMM_4,1,6,7,30-39,Male
1784,IMM_5,3,6,7,30-39,Male
1788,IMM_10,3,6,6,60-69,Female
1788,IMM_3,3,6,6,60-69,Female
1788,IMM_6,3,6,6,60-69,Female
1788,IMM_4,2,6,6,60-69,Female
1788,IMM_5,2,6,6,60-69,Female
1788,IMM_8,3,6,6,60-69,Female
1788,IMM_2,3,6,6,60-69,Female
1788,IMM_7,1,6,6,60-69,Female
1788,IMM_9,3,6,6,60-69,Female
1788,IMM_1,1,6,6,60-69,Female
1790,IMM_3,0,6,7,70-79,Male
1790,IMM_8,3,6,7,70-79,Male
1790,IMM_5,3,6,7,70-79,Male
1790,IMM_7,2,6,7,70-79,Male
1790,IMM_9,4,6,7,70-79,Male
1790,IMM_6,1,6,7,70-79,Male
1790,IMM_4,1,6,7,70-79,Male
1790,IMM_2,3,6,7,70-79,Male
1790,IMM_1,1,6,7,70-79,Male
1790,IMM_10,3,6,7,70-79,Male
1791,IMM_6,2,6,5,60-69,Female
1791,IMM_10,2,6,5,60-69,Female
1791,IMM_4,1,6,5,60-69,Female
1791,IMM_5,3,6,5,60-69,Female
1791,IMM_8,3,6,5,60-69,Female
1791,IMM_9,2,6,5,60-69,Female
1791,IMM_2,3,6,5,60-69,Female
1791,IMM_1,3,6,5,60-69,Female
1791,IMM_3,0,6,5,60-69,Female
1791,IMM_7,1,6,5,60-69,Female
1792,IMM_10,3,6,3,30-39,Male
1792,IMM_7,2,6,3,30-39,Male
1792,IMM_4,2,6,3,30-39,Male
1792,IMM_6,1,6,3,30-39,Male
1792,IMM_9,4,6,3,30-39,Male
1792,IMM_2,4,6,3,30-39,Male
1792,IMM_3,3,6,3,30-39,Male
1792,IMM_5,2,6,3,30-39,Male
1792,IMM_1,3,6,3,30-39,Male
1792,IMM_8,0,6,3,30-39,Male
1800,IMM_6,1,6,5,70-79,Male
1800,IMM_5,4,6,5,70-79,Male
1800,IMM_8,3,6,5,70-79,Male
1800,IMM_3,0,6,5,70-79,Male
1800,IMM_1,4,6,5,70-79,Male
1800,IMM_4,0,6,5,70-79,Male
1800,IMM_2,3,6,5,70-79,Male
1800,IMM_9,3,6,5,70-79,Male
1800,IMM_10,1,6,5,70-79,Male
1800,IMM_7,4,6,5,70-79,Male
1804,IMM_1,3,6,2,80+,Male
1804,IMM_3,1,6,2,80+,Male
1804,IMM_4,2,6,2,80+,Male
1804,IMM_6,3,6,2,80+,Male
1804,IMM_2,3,6,2,80+,Male
1804,IMM_8,3,6,2,80+,Male
1804,IMM_7,2,6,2,80+,Male
1804,IMM_9,3,6,2,80+,Male
1804,IMM_5,0,6,2,80+,Male
1804,IMM_10,2,6,2,80+,Male
1807,IMM_1,3,6,6,70-79,Male
1807,IMM_8,4,6,6,70-79,Male
1807,IMM_5,4,6,6,70-79,Male
1807,IMM_3,0,6,6,70-79,Male
1807,IMM_9,4,6,6,70-79,Male
1807,IMM_7,2,6,6,70-79,Male
1807,IMM_10,1,6,6,70-79,Male
1807,IMM_2,3,6,6,70-79,Male
1807,IMM_4,3,6,6,70-79,Male
1807,IMM_6,3,6,6,70-79,Male
1808,IMM_7,1,6,7,40-49,Male
1808,IMM_3,1,6,7,40-49,Male
1808,IMM_5,3,6,7,40-49,Male
1808,IMM_2,4,6,7,40-49,Male
1808,IMM_10,3,6,7,40-49,Male
1808,IMM_9,3,6,7,40-49,Male
1808,IMM_1,4,6,7,40-49,Male
1808,IMM_4,0,6,7,40-49,Male
1808,IMM_8,3,6,7,40-49,Male
1808,IMM_6,3,6,7,40-49,Male
1812,IMM_4,1,6,7,40-49,Male
1812,IMM_1,1,6,7,40-49,Male
1812,IMM_10,1,6,7,40-49,Male
1812,IMM_3,0,6,7,40-49,Male
1812,IMM_2,3,6,7,40-49,Male
1812,IMM_9,2,6,7,40-49,Male
1812,IMM_6,3,6,7,40-49,Male
1812,IMM_5,4,6,7,40-49,Male
1812,IMM_8,4,6,7,40-49,Male
1812,IMM_7,1,6,7,40-49,Male
1817,IMM_9,1,6,6,40-49,Male
1817,IMM_5,2,6,6,40-49,Male
1817,IMM_6,1,6,6,40-49,Male
1817,IMM_1,3,6,6,40-49,Male
1817,IMM_10,2,6,6,40-49,Male
1817,IMM_8,2,6,6,40-49,Male
1817,IMM_7,2,6,6,40-49,Male
1817,IMM_4,1,6,6,40-49,Male
1817,IMM_2,1,6,6,40-49,Male
1817,IMM_3,0,6,6,40-49,Male
1834,IMM_10,0,6,7,80+,Male
1834,IMM_4,1,6,7,80+,Male
1834,IMM_8,2,6,7,80+,Male
1834,IMM_2,3,6,7,80+,Male
1834,IMM_9,0,6,7,80+,Male
1834,IMM_1,4,6,7,80+,Male
1834,IMM_3,0,6,7,80+,Male
1834,IMM_5,4,6,7,80+,Male
1834,IMM_7,4,6,7,80+,Male
1834,IMM_6,3,6,7,80+,Male
1848,IMM_3,3,6,1,30-39,Male
1848,IMM_2,2,6,1,30-39,Male
1848,IMM_5,3,6,1,30-39,Male
1848,IMM_1,4,6,1,30-39,Male
1848,IMM_9,2,6,1,30-39,Male
1848,IMM_10,1,6,1,30-39,Male
1848,IMM_6,3,6,1,30-39,Male
1848,IMM_8,4,6,1,30-39,Male
1848,IMM_7,3,6,1,30-39,Male
1848,IMM_4,4,6,1,30-39,Male
1854,IMM_5,3,6,5,70-79,Female
1854,IMM_2,4,6,5,70-79,Female
1854,IMM_1,4,6,5,70-79,Female
1854,IMM_3,0,6,5,70-79,Female
1854,IMM_6,2,6,5,70-79,Female
1854,IMM_10,2,6,5,70-79,Female
1854,IMM_7,4,6,5,70-79,Female
1854,IMM_9,3,6,5,70-79,Female
1854,IMM_8,2,6,5,70-79,Female
1854,IMM_4,1,6,5,70-79,Female
1858,IMM_3,0,6,6,70-79,Male
1858,IMM_8,0,6,6,70-79,Male
1858,IMM_1,4,6,6,70-79,Male
1858,IMM_6,3,6,6,70-79,Male
1858,IMM_10,3,6,6,70-79,Male
1858,IMM_5,3,6,6,70-79,Male
1858,IMM_4,1,6,6,70-79,Male
1858,IMM_7,4,6,6,70-79,Male
1858,IMM_9,3,6,6,70-79,Male
1858,IMM_2,0,6,6,70-79,Male
1860,IMM_6,1,6,5,50-59,Male
1860,IMM_5,3,6,5,50-59,Male
1860,IMM_3,0,6,5,50-59,Male
1860,IMM_10,0,6,5,50-59,Male
1860,IMM_8,0,6,5,50-59,Male
1860,IMM_1,4,6,5,50-59,Male
1860,IMM_7,3,6,5,50-59,Male
1860,IMM_2,0,6,5,50-59,Male
1860,IMM_4,0,6,5,50-59,Male
1860,IMM_9,3,6,5,50-59,Male
1861,IMM_2,0,6,2,70-79,Male
1861,IMM_9,0,6,2,70-79,Male
1861,IMM_5,2,6,2,70-79,Male
1861,IMM_7,4,6,2,70-79,Male
1861,IMM_6,0,6,2,70-79,Male
1861,IMM_10,1,6,2,70-79,Male
1861,IMM_8,1,6,2,70-79,Male
1861,IMM_4,1,6,2,70-79,Male
1861,IMM_3,0,6,2,70-79,Male
1861,IMM_1,4,6,2,70-79,Male
1864,IMM_7,2,6,1,60-69,Male
1864,IMM_8,0,6,1,60-69,Male
1864,IMM_1,4,6,1,60-69,Male
1864,IMM_5,4,6,1,60-69,Male
1864,IMM_10,0,6,1,60-69,Male
1864,IMM_4,0,6,1,60-69,Male
1864,IMM_3,0,6,1,60-69,Male
1864,IMM_9,0,6,1,60-69,Male
1864,IMM_6,0,6,1,60-69,Male
1864,IMM_2,3,6,1,60-69,Male
1867,IMM_5,0,6,6,70-79,Male
1867,IMM_10,3,6,6,70-79,Male
1867,IMM_2,3,6,6,70-79,Male
1867,IMM_8,4,6,6,70-79,Male
1867,IMM_7,1,6,6,70-79,Male
1867,IMM_1,1,6,6,70-79,Male
1867,IMM_4,1,6,6,70-79,Male
1867,IMM_6,2,6,6,70-79,Male
1867,IMM_3,4,6,6,70-79,Male
1867,IMM_9,3,6,6,70-79,Male
1870,IMM_8,0,6,7,50-59,Male
1870,IMM_10,2,6,7,50-59,Male
1870,IMM_1,3,6,7,50-59,Male
1870,IMM_3,0,6,7,50-59,Male
1870,IMM_9,3,6,7,50-59,Male
1870,IMM_7,2,6,7,50-59,Male
1870,IMM_2,0,6,7,50-59,Male
1870,IMM_4,3,6,7,50-59,Male
1870,IMM_6,0,6,7,50-59,Male
1870,IMM_5,4,6,7,50-59,Male
1871,IMM_1,4,6,7,70-79,Male
1871,IMM_4,4,6,7,70-79,Male
1871,IMM_6,0,6,7,70-79,Male
1871,IMM_7,3,6,7,70-79,Male
1871,IMM_10,3,6,7,70-79,Male
1871,IMM_8,0,6,7,70-79,Male
1871,IMM_3,0,6,7,70-79,Male
1871,IMM_2,0,6,7,70-79,Male
1871,IMM_9,0,6,7,70-79,Male
1871,IMM_5,4,6,7,70-79,Male
1874,IMM_3,0,6,7,60-69,Male
1874,IMM_9,4,6,7,60-69,Male
1874,IMM_4,3,6,7,60-69,Male
1874,IMM_2,3,6,7,60-69,Male
1874,IMM_7,4,6,7,60-69,Male
1874,IMM_6,1,6,7,60-69,Male
1874,IMM_5,4,6,7,60-69,Male
1874,IMM_8,3,6,7,60-69,Male
1874,IMM_10,1,6,7,60-69,Male
1874,IMM_1,3,6,7,60-69,Male
1877,IMM_3,1,6,6,50-59,Male
1877,IMM_9,2,6,6,50-59,Male
1877,IMM_6,3,6,6,50-59,Male
1877,IMM_5,3,6,6,50-59,Male
1877,IMM_4,0,6,6,50-59,Male
1877,IMM_7,2,6,6,50-59,Male
1877,IMM_2,3,6,6,50-59,Male
1877,IMM_8,3,6,6,50-59,Male
1877,IMM_1,3,6,6,50-59,Male
1877,IMM_10,3,6,6,50-59,Male
1885,IMM_5,0,6,7,50-59,Male
1885,IMM_2,3,6,7,50-59,Male
1885,IMM_6,3,6,7,50-59,Male
1885,IMM_7,1,6,7,50-59,Male
1885,IMM_1,1,6,7,50-59,Male
1885,IMM_10,3,6,7,50-59,Male
1885,IMM_8,3,6,7,50-59,Male
1885,IMM_4,3,6,7,50-59,Male
1885,IMM_3,4,6,7,50-59,Male
1885,IMM_9,3,6,7,50-59,Male
1900,IMM_8,0,6,5,60-69,Male
1900,IMM_2,0,6,5,60-69,Male
1900,IMM_4,3,6,5,60-69,Male
1900,IMM_7,2,6,5,60-69,Male
1900,IMM_10,1,6,5,60-69,Male
1900,IMM_5,2,6,5,60-69,Male
1900,IMM_6,0,6,5,60-69,Male
1900,IMM_9,3,6,5,60-69,Male
1900,IMM_1,3,6,5,60-69,Male
1900,IMM_3,0,6,5,60-69,Male
1901,IMM_4,1,6,7,60-69,Male
1901,IMM_5,4,6,7,60-69,Male
1901,IMM_1,4,6,7,60-69,Male
1901,IMM_8,0,6,7,60-69,Male
1901,IMM_6,1,6,7,60-69,Male
1901,IMM_3,2,6,7,60-69,Male
1901,IMM_9,3,6,7,60-69,Male
1901,IMM_10,0,6,7,60-69,Male
1901,IMM_2,1,6,7,60-69,Male
1901,IMM_7,3,6,7,60-69,Male
1907,IMM_2,1,6,5,70-79,Male
1907,IMM_9,4,6,5,70-79,Male
1907,IMM_5,4,6,5,70-79,Male
1907,IMM_3,1,6,5,70-79,Male
1907,IMM_1,4,6,5,70-79,Male
1907,IMM_4,1,6,5,70-79,Male
1907,IMM_8,0,6,5,70-79,Male
1907,IMM_7,2,6,5,70-79,Male
1907,IMM_6,4,6,5,70-79,Male
1907,IMM_10,0,6,5,70-79,Male
1911,IMM_5,4,6,7,60-69,Male
1911,IMM_4,0,6,7,60-69,Male
1911,IMM_9,0,6,7,60-69,Male
1911,IMM_10,0,6,7,60-69,Male
1911,IMM_7,4,6,7,60-69,Male
1911,IMM_2,1,6,7,60-69,Male
1911,IMM_1,4,6,7,60-69,Male
1911,IMM_3,0,6,7,60-69,Male
1911,IMM_6,0,6,7,60-69,Male
1911,IMM_8,0,6,7,60-69,Male
1916,IMM_7,1,6,5,50-59,Male
1916,IMM_1,1,6,5,50-59,Male
1916,IMM_5,3,6,5,50-59,Male
1916,IMM_9,1,6,5,50-59,Male
1916,IMM_3,0,6,5,50-59,Male
1916,IMM_8,4,6,5,50-59,Male
1916,IMM_10,3,6,5,50-59,Male
1916,IMM_2,3,6,5,50-59,Male
1916,IMM_4,1,6,5,50-59,Male
1916,IMM_6,1,6,5,50-59,Male
1917,IMM_8,3,6,7,18-29,Male
1917,IMM_5,3,6,7,18-29,Male
1917,IMM_3,0,6,7,18-29,Male
1917,IMM_1,3,6,7,18-29,Male
1917,IMM_7,1,6,7,18-29,Male
1917,IMM_4,3,6,7,18-29,Male
1917,IMM_6,3,6,7,18-29,Male
1917,IMM_10,3,6,7,18-29,Male
1917,IMM_9,2,6,7,18-29,Male
1917,IMM_2,4,6,7,18-29,Male
1934,IMM_5,4,6,5,40-49,Male
1934,IMM_7,3,6,5,40-49,Male
1934,IMM_6,1,6,5,40-49,Male
1934,IMM_1,4,6,5,40-49,Male
1934,IMM_2,0,6,5,40-49,Male
1934,IMM_10,3,6,5,40-49,Male
1934,IMM_3,0,6,5,40-49,Male
1934,IMM_8,2,6,5,40-49,Male
1934,IMM_4,2,6,5,40-49,Male
1934,IMM_9,2,6,5,40-49,Male
1941,IMM_3,0,6,6,60-69,Male
1941,IMM_8,1,6,6,60-69,Male
1941,IMM_5,2,6,6,60-69,Male
1941,IMM_10,1,6,6,60-69,Male
1941,IMM_7,2,6,6,60-69,Male
1941,IMM_2,1,6,6,60-69,Male
1941,IMM_9,0,6,6,60-69,Male
1941,IMM_1,3,6,6,60-69,Male
1941,IMM_6,0,6,6,60-69,Male
1941,IMM_4,1,6,6,60-69,Male
1942,IMM_2,3,6,7,70-79,Male
1942,IMM_5,4,6,7,70-79,Male
1942,IMM_9,3,6,7,70-79,Male
1942,IMM_1,3,6,7,70-79,Male
1942,IMM_8,0,6,7,70-79,Male
1942,IMM_3,1,6,7,70-79,Male
1942,IMM_10,0,6,7,70-79,Male
1942,IMM_6,0,6,7,70-79,Male
1942,IMM_7,2,6,7,70-79,Male
1942,IMM_4,0,6,7,70-79,Male
1943,IMM_10,0,6,6,40-49,Female
1943,IMM_5,2,6,6,40-49,Female
1943,IMM_1,3,6,6,40-49,Female
1943,IMM_2,3,6,6,40-49,Female
1943,IMM_9,2,6,6,40-49,Female
1943,IMM_6,0,6,6,40-49,Female
1943,IMM_7,2,6,6,40-49,Female
1943,IMM_4,0,6,6,40-49,Female
1943,IMM_3,0,6,6,40-49,Female
1943,IMM_8,1,6,6,40-49,Female
1947,IMM_6,4,6,7,60-69,Female
1947,IMM_4,3,6,7,60-69,Female
1947,IMM_3,3,6,7,60-69,Female
1947,IMM_8,4,6,7,60-69,Female
1947,IMM_9,4,6,7,60-69,Female
1947,IMM_2,1,6,7,60-69,Female
1947,IMM_10,3,6,7,60-69,Female
1947,IMM_1,1,6,7,60-69,Female
1947,IMM_7,1,6,7,60-69,Female
1947,IMM_5,1,6,7,60-69,Female
1955,IMM_2,0,6,5,70-79,Male
1955,IMM_1,4,6,5,70-79,Male
1955,IMM_4,0,6,5,70-79,Male
1955,IMM_5,3,6,5,70-79,Male
1955,IMM_6,0,6,5,70-79,Male
1955,IMM_8,0,6,5,70-79,Male
1955,IMM_3,0,6,5,70-79,Male
1955,IMM_7,3,6,5,70-79,Male
1955,IMM_9,3,6,5,70-79,Male
1955,IMM_10,0,6,5,70-79,Male
1966,IMM_9,4,6,5,60-69,Male
1966,IMM_1,3,6,5,60-69,Male
1966,IMM_4,3,6,5,60-69,Male
1966,IMM_3,0,6,5,60-69,Male
1966,IMM_10,1,6,5,60-69,Male
1966,IMM_5,4,6,5,60-69,Male
1966,IMM_8,0,6,5,60-69,Male
1966,IMM_7,1,6,5,60-69,Male
1966,IMM_6,3,6,5,60-69,Male
1966,IMM_2,3,6,5,60-69,Male
1967,IMM_4,0,6,5,60-69,Male
1967,IMM_1,0,6,5,60-69,Male
1967,IMM_10,0,6,5,60-69,Male
1967,IMM_8,1,6,5,60-69,Male
1967,IMM_9,1,6,5,60-69,Male
1967,IMM_6,0,6,5,60-69,Male
1967,IMM_2,0,6,5,60-69,Male
1967,IMM_3,0,6,5,60-69,Male
1967,IMM_7,2,6,5,60-69,Male
1967,IMM_5,4,6,5,60-69,Male
1972,IMM_5,4,6,5,70-79,Male
1972,IMM_3,0,6,5,70-79,Male
1972,IMM_9,3,6,5,70-79,Male
1972,IMM_8,2,6,5,70-79,Male
1972,IMM_10,1,6,5,70-79,Male
1972,IMM_1,2,6,5,70-79,Male
1972,IMM_4,0,6,5,70-79,Male
1972,IMM_7,2,6,5,70-79,Male
1972,IMM_2,4,6,5,70-79,Male
1972,IMM_6,4,6,5,70-79,Male
1975,IMM_6,3,6,7,50-59,Male
1975,IMM_10,3,6,7,50-59,Male
1975,IMM_2,2,6,7,50-59,Male
1975,IMM_7,1,6,7,50-59,Male
1975,IMM_3,1,6,7,50-59,Male
1975,IMM_4,3,6,7,50-59,Male
1975,IMM_9,2,6,7,50-59,Male
1975,IMM_1,1,6,7,50-59,Male
1975,IMM_5,3,6,7,50-59,Male
1975,IMM_8,3,6,7,50-59,Male
1985,IMM_7,0,6,6,60-69,Male
1985,IMM_8,4,6,6,60-69,Male
1985,IMM_9,0,6,6,60-69,Male
1985,IMM_10,4,6,6,60-69,Male
1985,IMM_4,3,6,6,60-69,Male
1985,IMM_3,0,6,6,60-69,Male
1985,IMM_2,4,6,6,60-69,Male
1985,IMM_1,3,6,6,60-69,Male
1985,IMM_5,2,6,6,60-69,Male
1985,IMM_6,4,6,6,60-69,Male
1993,IMM_7,3,6,5,70-79,Male
1993,IMM_10,3,6,5,70-79,Male
1993,IMM_3,1,6,5,70-79,Male
1993,IMM_8,3,6,5,70-79,Male
1993,IMM_6,3,6,5,70-79,Male
1993,IMM_2,3,6,5,70-79,Male
1993,IMM_4,2,6,5,70-79,Male
1993,IMM_5,3,6,5,70-79,Male
1993,IMM_9,3,6,5,70-79,Male
1993,IMM_1,4,6,5,70-79,Male
2001,IMM_2,2,6,6,60-69,Male
2001,IMM_6,1,6,6,60-69,Male
2001,IMM_3,2,6,6,60-69,Male
2001,IMM_9,3,6,6,60-69,Male
2001,IMM_1,1,6,6,60-69,Male
2001,IMM_7,1,6,6,60-69,Male
2001,IMM_8,2,6,6,60-69,Male
2001,IMM_5,3,6,6,60-69,Male
2001,IMM_4,3,6,6,60-69,Male
2001,IMM_10,2,6,6,60-69,Male
2007,IMM_5,2,6,6,80+,Male
2007,IMM_3,1,6,6,80+,Male
2007,IMM_10,3,6,6,80+,Male
2007,IMM_2,4,6,6,80+,Male
2007,IMM_1,4,6,6,80+,Male
2007,IMM_8,2,6,6,80+,Male
2007,IMM_9,4,6,6,80+,Male
2007,IMM_7,1,6,6,80+,Male
2007,IMM_6,4,6,6,80+,Male
2007,IMM_4,1,6,6,80+,Male
2013,IMM_9,4,6,7,70-79,Male
2013,IMM_10,2,6,7,70-79,Male
2013,IMM_4,3,6,7,70-79,Male
2013,IMM_5,3,6,7,70-79,Male
2013,IMM_6,4,6,7,70-79,Male
2013,IMM_2,2,6,7,70-79,Male
2013,IMM_3,0,6,7,70-79,Male
2013,IMM_7,0,6,7,70-79,Male
2013,IMM_8,3,6,7,70-79,Male
2013,IMM_1,2,6,7,70-79,Male
2015,IMM_8,3,6,5,70-79,Male
2015,IMM_10,0,6,5,70-79,Male
2015,IMM_9,3,6,5,70-79,Male
2015,IMM_4,0,6,5,70-79,Male
2015,IMM_2,3,6,5,70-79,Male
2015,IMM_5,3,6,5,70-79,Male
2015,IMM_7,0,6,5,70-79,Male
2015,IMM_6,4,6,5,70-79,Male
2015,IMM_1,1,6,5,70-79,Male
2015,IMM_3,0,6,5,70-79,Male
2031,IMM_6,3,6,7,70-79,Male
2031,IMM_3,0,6,7,70-79,Male
2031,IMM_7,3,6,7,70-79,Male
2031,IMM_1,2,6,7,70-79,Male
2031,IMM_4,0,6,7,70-79,Male
2031,IMM_9,3,6,7,70-79,Male
2031,IMM_8,1,6,7,70-79,Male
2031,IMM_2,3,6,7,70-79,Male
2031,IMM_5,3,6,7,70-79,Male
2031,IMM_10,2,6,7,70-79,Male
2032,IMM_2,1,6,6,60-69,Male
2032,IMM_5,3,6,6,60-69,Male
2032,IMM_6,1,6,6,60-69,Male
2032,IMM_3,0,6,6,60-69,Male
2032,IMM_7,3,6,6,60-69,Male
2032,IMM_8,1,6,6,60-69,Male
2032,IMM_4,1,6,6,60-69,Male
2032,IMM_10,1,6,6,60-69,Male
2032,IMM_1,4,6,6,60-69,Male
2032,IMM_9,1,6,6,60-69,Male
2033,IMM_8,3,6,5,30-39,Male
2033,IMM_10,4,6,5,30-39,Male
2033,IMM_2,3,6,5,30-39,Male
2033,IMM_1,1,6,5,30-39,Male
2033,IMM_5,1,6,5,30-39,Male
2033,IMM_6,3,6,5,30-39,Male
2033,IMM_7,0,6,5,30-39,Male
2033,IMM_9,4,6,5,30-39,Male
2033,IMM_4,2,6,5,30-39,Male
2033,IMM_3,4,6,5,30-39,Male
2035,IMM_5,2,6,7,60-69,Male
2035,IMM_3,1,6,7,60-69,Male
2035,IMM_1,3,6,7,60-69,Male
2035,IMM_9,3,6,7,60-69,Male
2035,IMM_2,3,6,7,60-69,Male
2035,IMM_8,3,6,7,60-69,Male
2035,IMM_10,3,6,7,60-69,Male
2035,IMM_6,4,6,7,60-69,Male
2035,IMM_7,2,6,7,60-69,Male
2035,IMM_4,1,6,7,60-69,Male
2036,IMM_5,2,6,6,40-49,Male
2036,IMM_7,1,6,6,40-49,Male
2036,IMM_2,2,6,6,40-49,Male
2036,IMM_3,2,6,6,40-49,Male
2036,IMM_9,2,6,6,40-49,Male
2036,IMM_8,4,6,6,40-49,Male
2036,IMM_4,1,6,6,40-49,Male
2036,IMM_6,4,6,6,40-49,Male
2036,IMM_1,2,6,6,40-49,Male
2036,IMM_10,3,6,6,40-49,Male
2047,IMM_1,4,6,6,50-59,Male
2047,IMM_7,1,6,6,50-59,Male
2047,IMM_3,1,6,6,50-59,Male
2047,IMM_5,3,6,6,50-59,Male
2047,IMM_9,4,6,6,50-59,Male
2047,IMM_10,1,6,6,50-59,Male
2047,IMM_4,3,6,6,50-59,Male
2047,IMM_2,0,6,6,50-59,Male
2047,IMM_8,1,6,6,50-59,Male
2047,IMM_6,4,6,6,50-59,Male
2061,IMM_7,3,6,7,70-79,Male
2061,IMM_8,3,6,7,70-79,Male
2061,IMM_10,0,6,7,70-79,Male
2061,IMM_9,1,6,7,70-79,Male
2061,IMM_1,3,6,7,70-79,Male
2061,IMM_3,0,6,7,70-79,Male
2061,IMM_5,4,6,7,70-79,Male
2061,IMM_6,1,6,7,70-79,Male
2061,IMM_4,1,6,7,70-79,Male
2061,IMM_2,1,6,7,70-79,Male
2063,IMM_2,3,6,6,50-59,Male
2063,IMM_6,3,6,6,50-59,Male
2063,IMM_3,1,6,6,50-59,Male
2063,IMM_1,3,6,6,50-59,Male
2063,IMM_10,2,6,6,50-59,Male
2063,IMM_5,3,6,6,50-59,Male
2063,IMM_4,1,6,6,50-59,Male
2063,IMM_7,1,6,6,50-59,Male
2063,IMM_8,3,6,6,50-59,Male
2063,IMM_9,3,6,6,50-59,Male
2065,IMM_9,4,6,6,60-69,Male
2065,IMM_6,3,6,6,60-69,Male
2065,IMM_7,3,6,6,60-69,Male
2065,IMM_1,1,6,6,60-69,Male
2065,IMM_8,0,6,6,60-69,Male
2065,IMM_4,0,6,6,60-69,Male
2065,IMM_5,3,6,6,60-69,Male
2065,IMM_3,0,6,6,60-69,Male
2065,IMM_10,3,6,6,60-69,Male
2065,IMM_2,3,6,6,60-69,Male
2067,IMM_2,3,6,7,60-69,Male
2067,IMM_5,4,6,7,60-69,Male
2067,IMM_9,2,6,7,60-69,Male
2067,IMM_3,0,6,7,60-69,Male
2067,IMM_1,3,6,7,60-69,Male
2067,IMM_10,2,6,7,60-69,Male
2067,IMM_7,2,6,7,60-69,Male
2067,IMM_6,1,6,7,60-69,Male
2067,IMM_4,1,6,7,60-69,Male
2067,IMM_8,4,6,7,60-69,Male
2068,IMM_2,3,6,6,60-69,Male
2068,IMM_1,1,6,6,60-69,Male
2068,IMM_6,4,6,6,60-69,Male
2068,IMM_7,3,6,6,60-69,Male
2068,IMM_10,4,6,6,60-69,Male
2068,IMM_4,1,6,6,60-69,Male
2068,IMM_5,1,6,6,60-69,Male
2068,IMM_9,4,6,6,60-69,Male
2068,IMM_3,1,6,6,60-69,Male
2068,IMM_8,3,6,6,60-69,Male
2074,IMM_5,3,6,6,70-79,Male
2074,IMM_10,0,6,6,70-79,Male
2074,IMM_1,4,6,6,70-79,Male
2074,IMM_9,2,6,6,70-79,Male
2074,IMM_3,0,6,6,70-79,Male
2074,IMM_7,3,6,6,70-79,Male
2074,IMM_4,1,6,6,70-79,Male
2074,IMM_8,1,6,6,70-79,Male
2074,IMM_6,3,6,6,70-79,Male
2074,IMM_2,1,6,6,70-79,Male
2081,IMM_9,2,6,6,80+,Male
2081,IMM_5,3,6,6,80+,Male
2081,IMM_3,0,6,6,80+,Male
2081,IMM_2,2,6,6,80+,Male
2081,IMM_8,1,6,6,80+,Male
2081,IMM_10,2,6,6,80+,Male
2081,IMM_7,2,6,6,80+,Male
2081,IMM_6,2,6,6,80+,Male
2081,IMM_4,1,6,6,80+,Male
2081,IMM_1,3,6,6,80+,Male
2083,IMM_3,1,6,6,60-69,Male
2083,IMM_2,4,6,6,60-69,Male
2083,IMM_10,3,6,6,60-69,Male
2083,IMM_8,3,6,6,60-69,Male
2083,IMM_1,1,6,6,60-69,Male
2083,IMM_9,3,6,6,60-69,Male
2083,IMM_7,1,6,6,60-69,Male
2083,IMM_6,4,6,6,60-69,Male
2083,IMM_5,1,6,6,60-69,Male
2083,IMM_4,3,6,6,60-69,Male
2092,IMM_2,2,6,6,70-79,Male
2092,IMM_7,1,6,6,70-79,Male
2092,IMM_4,2,6,6,70-79,Male
2092,IMM_8,3,6,6,70-79,Male
2092,IMM_6,3,6,6,70-79,Male
2092,IMM_10,2,6,6,70-79,Male
2092,IMM_3,3,6,6,70-79,Male
2092,IMM_1,2,6,6,70-79,Male
2092,IMM_9,2,6,6,70-79,Male
2092,IMM_5,2,6,6,70-79,Male
2094,IMM_9,4,6,7,60-69,Male
2094,IMM_6,0,6,7,60-69,Male
2094,IMM_5,4,6,7,60-69,Male
2094,IMM_1,4,6,7,60-69,Male
2094,IMM_2,3,6,7,60-69,Male
2094,IMM_7,4,6,7,60-69,Male
2094,IMM_8,0,6,7,60-69,Male
2094,IMM_4,0,6,7,60-69,Male
2094,IMM_3,0,6,7,60-69,Male
2094,IMM_10,0,6,7,60-69,Male
2107,IMM_3,2,6,7,80+,Male
2107,IMM_10,1,6,7,80+,Male
2107,IMM_7,2,6,7,80+,Male
2107,IMM_6,3,6,7,80+,Male
2107,IMM_2,4,6,7,80+,Male
2107,IMM_9,3,6,7,80+,Male
2107,IMM_1,3,6,7,80+,Male
2107,IMM_4,1,6,7,80+,Male
2107,IMM_8,1,6,7,80+,Male
2107,IMM_5,3,6,7,80+,Male
2109,IMM_9,2,6,7,70-79,Male
2109,IMM_6,4,6,7,70-79,Male
2109,IMM_10,0,6,7,70-79,Male
2109,IMM_2,0,6,7,70-79,Male
2109,IMM_7,2,6,7,70-79,Male
2109,IMM_5,4,6,7,70-79,Male
2109,IMM_1,4,6,7,70-79,Male
2109,IMM_4,4,6,7,70-79,Male
2109,IMM_8,0,6,7,70-79,Male
2109,IMM_3,0,6,7,70-79,Male
2112,IMM_2,0,6,5,70-79,Male
2112,IMM_10,4,6,5,70-79,Male
2112,IMM_9,4,6,5,70-79,Male
2112,IMM_5,4,6,5,70-79,Male
2112,IMM_1,4,6,5,70-79,Male
2112,IMM_4,0,6,5,70-79,Male
2112,IMM_8,4,6,5,70-79,Male
2112,IMM_7,3,6,5,70-79,Male
2112,IMM_3,0,6,5,70-79,Male
2112,IMM_6,4,6,5,70-79,Male
2113,IMM_9,4,6,7,70-79,Male
2113,IMM_4,2,6,7,70-79,Male
2113,IMM_8,4,6,7,70-79,Male
2113,IMM_1,3,6,7,70-79,Male
2113,IMM_2,4,6,7,70-79,Male
2113,IMM_3,1,6,7,70-79,Male
2113,IMM_10,4,6,7,70-79,Male
2113,IMM_6,3,6,7,70-79,Male
2113,IMM_7,2,6,7,70-79,Male
2113,IMM_5,2,6,7,70-79,Male
2118,IMM_1,4,6,5,60-69,Other
2118,IMM_10,0,6,5,60-69,Other
2118,IMM_2,2,6,5,60-69,Other
2118,IMM_6,4,6,5,60-69,Other
2118,IMM_4,0,6,5,60-69,Other
2118,IMM_3,1,6,5,60-69,Other
2118,IMM_9,3,6,5,60-69,Other
2118,IMM_5,3,6,5,60-69,Other
2118,IMM_8,3,6,5,60-69,Other
2118,IMM_7,2,6,5,60-69,Other
2120,IMM_3,2,6,6,60-69,Male
2120,IMM_5,3,6,6,60-69,Male
2120,IMM_10,1,6,6,60-69,Male
2120,IMM_6,3,6,6,60-69,Male
2120,IMM_1,1,6,6,60-69,Male
2120,IMM_2,4,6,6,60-69,Male
2120,IMM_4,0,6,6,60-69,Male
2120,IMM_7,3,6,6,60-69,Male
2120,IMM_8,4,6,6,60-69,Male
2120,IMM_9,2,6,6,60-69,Male
2126,IMM_2,3,6,6,50-59,Male
2126,IMM_7,2,6,6,50-59,Male
2126,IMM_4,1,6,6,50-59,Male
2126,IMM_3,3,6,6,50-59,Male
2126,IMM_6,3,6,6,50-59,Male
2126,IMM_5,2,6,6,50-59,Male
2126,IMM_10,3,6,6,50-59,Male
2126,IMM_9,3,6,6,50-59,Male
2126,IMM_8,3,6,6,50-59,Male
2126,IMM_1,3,6,6,50-59,Male
2133,IMM_1,3,6,7,80+,Male
2133,IMM_6,1,6,7,80+,Male
2133,IMM_3,0,6,7,80+,Male
2133,IMM_5,4,6,7,80+,Male
2133,IMM_10,3,6,7,80+,Male
2133,IMM_8,3,6,7,80+,Male
2133,IMM_4,4,6,7,80+,Male
2133,IMM_9,2,6,7,80+,Male
2133,IMM_7,2,6,7,80+,Male
2133,IMM_2,0,6,7,80+,Male
2139,IMM_6,4,6,1,70-79,Male
2139,IMM_3,4,6,1,70-79,Male
2139,IMM_10,4,6,1,70-79,Male
2139,IMM_4,4,6,1,70-79,Male
2139,IMM_8,4,6,1,70-79,Male
2139,IMM_9,2,6,1,70-79,Male
2139,IMM_7,0,6,1,70-79,Male
2139,IMM_1,0,6,1,70-79,Male
2139,IMM_2,1,6,1,70-79,Male
2139,IMM_5,0,6,1,70-79,Male
2147,IMM_9,3,6,7,60-69,Male
2147,IMM_4,3,6,7,60-69,Male
2147,IMM_6,2,6,7,60-69,Male
2147,IMM_8,0,6,7,60-69,Male
2147,IMM_1,4,6,7,60-69,Male
2147,IMM_3,0,6,7,60-69,Male
2147,IMM_2,3,6,7,60-69,Male
2147,IMM_7,3,6,7,60-69,Male
2147,IMM_10,3,6,7,60-69,Male
2147,IMM_5,4,6,7,60-69,Male
2156,IMM_8,3,6,2,30-39,Male
2156,IMM_3,0,6,2,30-39,Male
2156,IMM_5,3,6,2,30-39,Male
2156,IMM_6,0,6,2,30-39,Male
2156,IMM_9,3,6,2,30-39,Male
2156,IMM_4,3,6,2,30-39,Male
2156,IMM_2,3,6,2,30-39,Male
2156,IMM_1,3,6,2,30-39,Male
2156,IMM_10,3,6,2,30-39,Male
2156,IMM_7,4,6,2,30-39,Male
2159,IMM_1,4,6,3,18-29,Male
2159,IMM_8,2,6,3,18-29,Male
2159,IMM_10,2,6,3,18-29,Male
2159,IMM_6,2,6,3,18-29,Male
2159,IMM_5,3,6,3,18-29,Male
2159,IMM_9,1,6,3,18-29,Male
2159,IMM_7,2,6,3,18-29,Male
2159,IMM_4,3,6,3,18-29,Male
2159,IMM_2,3,6,3,18-29,Male
2159,IMM_3,4,6,3,18-29,Male
2160,IMM_8,3,6,3,60-69,Male
2160,IMM_6,4,6,3,60-69,Male
2160,IMM_5,0,6,3,60-69,Male
2160,IMM_10,0,6,3,60-69,Male
2160,IMM_3,4,6,3,60-69,Male
2160,IMM_9,2,6,3,60-69,Male
2160,IMM_7,0,6,3,60-69,Male
2160,IMM_1,0,6,3,60-69,Male
2160,IMM_2,0,6,3,60-69,Male
2160,IMM_4,1,6,3,60-69,Male
2166,IMM_4,1,6,7,50-59,Male
2166,IMM_5,3,6,7,50-59,Male
2166,IMM_10,1,6,7,50-59,Male
2166,IMM_9,3,6,7,50-59,Male
2166,IMM_6,0,6,7,50-59,Male
2166,IMM_7,2,6,7,50-59,Male
2166,IMM_1,4,6,7,50-59,Male
2166,IMM_2,1,6,7,50-59,Male
2166,IMM_8,1,6,7,50-59,Male
2166,IMM_3,0,6,7,50-59,Male
2167,IMM_5,2,6,7,50-59,Male
2167,IMM_6,1,6,7,50-59,Male
2167,IMM_9,2,6,7,50-59,Male
2167,IMM_8,4,6,7,50-59,Male
2167,IMM_4,2,6,7,50-59,Male
2167,IMM_3,0,6,7,50-59,Male
2167,IMM_2,1,6,7,50-59,Male
2167,IMM_7,2,6,7,50-59,Male
2167,IMM_10,1,6,7,50-59,Male
2167,IMM_1,4,6,7,50-59,Male
2176,IMM_2,1,6,7,30-39,Male
2176,IMM_3,0,6,7,30-39,Male
2176,IMM_9,4,6,7,30-39,Male
2176,IMM_4,1,6,7,30-39,Male
2176,IMM_7,4,6,7,30-39,Male
2176,IMM_6,3,6,7,30-39,Male
2176,IMM_8,1,6,7,30-39,Male
2176,IMM_10,3,6,7,30-39,Male
2176,IMM_5,3,6,7,30-39,Male
2176,IMM_1,4,6,7,30-39,Male
2194,IMM_3,4,6,1,30-39,Male
2194,IMM_2,4,6,1,30-39,Male
2194,IMM_7,1,6,1,30-39,Male
2194,IMM_10,4,6,1,30-39,Male
2194,IMM_8,2,6,1,30-39,Male
2194,IMM_4,3,6,1,30-39,Male
2194,IMM_5,3,6,1,30-39,Male
2194,IMM_1,1,6,1,30-39,Male
2194,IMM_9,3,6,1,30-39,Male
2194,IMM_6,3,6,1,30-39,Male
2195,IMM_8,2,6,5,70-79,Male
2195,IMM_3,1,6,5,70-79,Male
2195,IMM_10,2,6,5,70-79,Male
2195,IMM_7,3,6,5,70-79,Male
2195,IMM_4,2,6,5,70-79,Male
2195,IMM_6,1,6,5,70-79,Male
2195,IMM_1,3,6,5,70-79,Male
2195,IMM_2,3,6,5,70-79,Male
2195,IMM_5,3,6,5,70-79,Male
2195,IMM_9,3,6,5,70-79,Male
2204,IMM_2,1,6,6,30-39,Male
2204,IMM_3,3,6,6,30-39,Male
2204,IMM_1,3,6,6,30-39,Male
2204,IMM_6,2,6,6,30-39,Male
2204,IMM_10,3,6,6,30-39,Male
2204,IMM_8,3,6,6,30-39,Male
2204,IMM_5,1,6,6,30-39,Male
2204,IMM_9,3,6,6,30-39,Male
2204,IMM_4,3,6,6,30-39,Male
2204,IMM_7,2,6,6,30-39,Male
2210,IMM_5,3,6,1,30-39,Male
2210,IMM_2,1,6,1,30-39,Male
2210,IMM_6,1,6,1,30-39,Male
2210,IMM_3,4,6,1,30-39,Male
2210,IMM_9,3,6,1,30-39,Male
2210,IMM_4,3,6,1,30-39,Male
2210,IMM_1,3,6,1,30-39,Male
2210,IMM_10,3,6,1,30-39,Male
2210,IMM_7,2,6,1,30-39,Male
2210,IMM_8,2,6,1,30-39,Male
2212,IMM_5,4,6,6,40-49,Male
2212,IMM_6,3,6,6,40-49,Male
2212,IMM_8,0,6,6,40-49,Male
2212,IMM_4,3,6,6,40-49,Male
2212,IMM_9,2,6,6,40-49,Male
2212,IMM_3,0,6,6,40-49,Male
2212,IMM_2,0,6,6,40-49,Male
2212,IMM_7,4,6,6,40-49,Male
2212,IMM_1,4,6,6,40-49,Male
2212,IMM_10,0,6,6,40-49,Male
2225,IMM_2,3,6,7,60-69,Male
2225,IMM_6,0,6,7,60-69,Male
2225,IMM_5,4,6,7,60-69,Male
2225,IMM_10,0,6,7,60-69,Male
2225,IMM_4,0,6,7,60-69,Male
2225,IMM_1,4,6,7,60-69,Male
2225,IMM_3,0,6,7,60-69,Male
2225,IMM_9,3,6,7,60-69,Male
2225,IMM_7,4,6,7,60-69,Male
2225,IMM_8,3,6,7,60-69,Male
2229,IMM_8,3,6,6,60-69,Male
2229,IMM_7,2,6,6,60-69,Male
2229,IMM_1,3,6,6,60-69,Male
2229,IMM_10,1,6,6,60-69,Male
2229,IMM_5,3,6,6,60-69,Male
2229,IMM_6,1,6,6,60-69,Male
2229,IMM_3,0,6,6,60-69,Male
2229,IMM_4,0,6,6,60-69,Male
2229,IMM_2,2,6,6,60-69,Male
2229,IMM_9,2,6,6,60-69,Male
2246,IMM_1,3,6,6,60-69,Male
2246,IMM_6,4,6,6,60-69,Male
2246,IMM_10,2,6,6,60-69,Male
2246,IMM_9,3,6,6,60-69,Male
2246,IMM_8,3,6,6,60-69,Male
2246,IMM_2,3,6,6,60-69,Male
2246,IMM_7,1,6,6,60-69,Male
2246,IMM_3,2,6,6,60-69,Male
2246,IMM_5,2,6,6,60-69,Male
2246,IMM_4,1,6,6,60-69,Male
2249,IMM_4,0,6,7,30-39,Male
2249,IMM_8,4,6,7,30-39,Male
2249,IMM_10,0,6,7,30-39,Male
2249,IMM_1,4,6,7,30-39,Male
2249,IMM_2,0,6,7,30-39,Male
2249,IMM_5,0,6,7,30-39,Male
2249,IMM_3,0,6,7,30-39,Male
2249,IMM_7,4,6,7,30-39,Male
2249,IMM_9,0,6,7,30-39,Male
2249,IMM_6,0,6,7,30-39,Male
2255,IMM_5,2,6,6,50-59,Male
2255,IMM_9,1,6,6,50-59,Male
2255,IMM_8,1,6,6,50-59,Male
2255,IMM_10,1,6,6,50-59,Male
2255,IMM_1,3,6,6,50-59,Male
2255,IMM_2,1,6,6,50-59,Male
2255,IMM_3,2,6,6,50-59,Male
2255,IMM_4,1,6,6,50-59,Male
2255,IMM_7,2,6,6,50-59,Male
2255,IMM_6,1,6,6,50-59,Male
2256,IMM_10,3,6,6,60-69,Male
2256,IMM_8,4,6,6,60-69,Male
2256,IMM_3,4,6,6,60-69,Male
2256,IMM_6,3,6,6,60-69,Male
2256,IMM_5,0,6,6,60-69,Male
2256,IMM_9,2,6,6,60-69,Male
2256,IMM_7,1,6,6,60-69,Male
2256,IMM_4,1,6,6,60-69,Male
2256,IMM_2,2,6,6,60-69,Male
2256,IMM_1,1,6,6,60-69,Male
2270,IMM_10,4,6,7,60-69,Male
2270,IMM_8,3,6,7,60-69,Male
2270,IMM_2,1,6,7,60-69,Male
2270,IMM_5,4,6,7,60-69,Male
2270,IMM_7,1,6,7,60-69,Male
2270,IMM_3,0,6,7,60-69,Male
2270,IMM_6,0,6,7,60-69,Male
2270,IMM_9,4,6,7,60-69,Male
2270,IMM_4,0,6,7,60-69,Male
2270,IMM_1,1,6,7,60-69,Male
2271,IMM_8,2,6,5,50-59,Male
2271,IMM_5,3,6,5,50-59,Male
2271,IMM_6,1,6,5,50-59,Male
2271,IMM_3,0,6,5,50-59,Male
2271,IMM_10,1,6,5,50-59,Male
2271,IMM_2,2,6,5,50-59,Male
2271,IMM_1,4,6,5,50-59,Male
2271,IMM_4,1,6,5,50-59,Male
2271,IMM_9,1,6,5,50-59,Male
2271,IMM_7,3,6,5,50-59,Male
2274,IMM_3,1,6,6,50-59,Male
2274,IMM_8,0,6,6,50-59,Male
2274,IMM_2,1,6,6,50-59,Male
2274,IMM_1,3,6,6,50-59,Male
2274,IMM_6,1,6,6,50-59,Male
2274,IMM_5,4,6,6,50-59,Male
2274,IMM_9,4,6,6,50-59,Male
2274,IMM_4,3,6,6,50-59,Male
2274,IMM_7,2,6,6,50-59,Male
2274,IMM_10,1,6,6,50-59,Male
2277,IMM_9,3,6,7,70-79,Male
2277,IMM_7,1,6,7,70-79,Male
2277,IMM_3,0,6,7,70-79,Male
2277,IMM_6,3,6,7,70-79,Male
2277,IMM_5,4,6,7,70-79,Male
2277,IMM_4,3,6,7,70-79,Male
2277,IMM_10,3,6,7,70-79,Male
2277,IMM_2,3,6,7,70-79,Male
2277,IMM_8,3,6,7,70-79,Male
2277,IMM_1,1,6,7,70-79,Male
2278,IMM_8,4,6,6,70-79,Male
2278,IMM_10,4,6,6,70-79,Male
2278,IMM_2,3,6,6,70-79,Male
2278,IMM_4,0,6,6,70-79,Male
2278,IMM_3,0,6,6,70-79,Male
2278,IMM_6,3,6,6,70-79,Male
2278,IMM_7,2,6,6,70-79,Male
2278,IMM_1,3,6,6,70-79,Male
2278,IMM_5,3,6,6,70-79,Male
2278,IMM_9,3,6,6,70-79,Male
2282,IMM_1,3,6,5,60-69,Male
2282,IMM_9,1,6,5,60-69,Male
2282,IMM_5,2,6,5,60-69,Male
2282,IMM_10,2,6,5,60-69,Male
2282,IMM_2,4,6,5,60-69,Male
2282,IMM_8,3,6,5,60-69,Male
2282,IMM_3,0,6,5,60-69,Male
2282,IMM_7,2,6,5,60-69,Male
2282,IMM_6,3,6,5,60-69,Male
2282,IMM_4,2,6,5,60-69,Male
2283,IMM_3,0,6,6,60-69,Male
2283,IMM_4,0,6,6,60-69,Male
2283,IMM_8,1,6,6,60-69,Male
2283,IMM_2,0,6,6,60-69,Male
2283,IMM_9,3,6,6,60-69,Male
2283,IMM_5,4,6,6,60-69,Male
2283,IMM_10,1,6,6,60-69,Male
2283,IMM_7,2,6,6,60-69,Male
2283,IMM_1,4,6,6,60-69,Male
2283,IMM_6,3,6,6,60-69,Male
2290,IMM_3,0,6,1,80+,Male
2290,IMM_1,4,6,1,80+,Male
2290,IMM_8,1,6,1,80+,Male
2290,IMM_5,2,6,1,80+,Male
2290,IMM_2,4,6,1,80+,Male
2290,IMM_6,1,6,1,80+,Male
2290,IMM_7,0,6,1,80+,Male
2290,IMM_4,0,6,1,80+,Male
2290,IMM_10,1,6,1,80+,Male
2290,IMM_9,3,6,1,80+,Male
2291,IMM_2,2,6,6,60-69,Male
2291,IMM_1,3,6,6,60-69,Male
2291,IMM_9,1,6,6,60-69,Male
2291,IMM_5,3,6,6,60-69,Male
2291,IMM_3,0,6,6,60-69,Male
2291,IMM_8,3,6,6,60-69,Male
2291,IMM_7,3,6,6,60-69,Male
2291,IMM_10,1,6,6,60-69,Male
2291,IMM_4,3,6,6,60-69,Male
2296,IMM_4,1,6,6,50-59,Male
2296,IMM_8,3,6,6,50-59,Male
2296,IMM_6,3,6,6,50-59,Male
2296,IMM_10,3,6,6,50-59,Male
2296,IMM_5,1,6,6,50-59,Male
2296,IMM_2,3,6,6,50-59,Male
2296,IMM_9,2,6,6,50-59,Male
2296,IMM_1,3,6,6,50-59,Male
2296,IMM_3,1,6,6,50-59,Male
2296,IMM_7,1,6,6,50-59,Male
2306,IMM_1,4,6,7,60-69,Male
2306,IMM_9,3,6,7,60-69,Male
2306,IMM_7,2,6,7,60-69,Male
2306,IMM_6,1,6,7,60-69,Male
2306,IMM_10,1,6,7,60-69,Male
2306,IMM_4,0,6,7,60-69,Male
2306,IMM_8,0,6,7,60-69,Male
2306,IMM_2,0,6,7,60-69,Male
2306,IMM_3,0,6,7,60-69,Male
2306,IMM_5,4,6,7,60-69,Male
2316,IMM_3,0,6,7,50-59,Male
2316,IMM_7,1,6,7,50-59,Male
2316,IMM_6,3,6,7,50-59,Male
2316,IMM_1,3,6,7,50-59,Male
2316,IMM_10,3,6,7,50-59,Male
2316,IMM_9,2,6,7,50-59,Male
2316,IMM_8,3,6,7,50-59,Male
2316,IMM_2,1,6,7,50-59,Male
2316,IMM_4,3,6,7,50-59,Male
2316,IMM_5,1,6,7,50-59,Male
2319,IMM_4,3,6,7,70-79,Male
2319,IMM_7,1,6,7,70-79,Male
2319,IMM_8,3,6,7,70-79,Male
2319,IMM_6,1,6,7,70-79,Male
2319,IMM_5,3,6,7,70-79,Male
2319,IMM_10,3,6,7,70-79,Male
2319,IMM_1,0,6,7,70-79,Male
2319,IMM_9,2,6,7,70-79,Male
2319,IMM_3,1,6,7,70-79,Male
2319,IMM_2,3,6,7,70-79,Male
2320,IMM_8,1,6,7,50-59,Male
2320,IMM_1,3,6,7,50-59,Male
2320,IMM_2,4,6,7,50-59,Male
2320,IMM_7,2,6,7,50-59,Male
2320,IMM_4,1,6,7,50-59,Male
2320,IMM_5,3,6,7,50-59,Male
2320,IMM_3,0,6,7,50-59,Male
2320,IMM_10,2,6,7,50-59,Male
2320,IMM_6,4,6,7,50-59,Male
2320,IMM_9,3,6,7,50-59,Male
2327,IMM_6,2,6,5,70-79,Male
2327,IMM_8,3,6,5,70-79,Male
2327,IMM_9,2,6,5,70-79,Male
2327,IMM_10,2,6,5,70-79,Male
2327,IMM_5,3,6,5,70-79,Male
2327,IMM_7,2,6,5,70-79,Male
2327,IMM_2,2,6,5,70-79,Male
2327,IMM_4,4,6,5,70-79,Male
2327,IMM_1,3,6,5,70-79,Male
2327,IMM_3,1,6,5,70-79,Male
2334,IMM_9,2,6,3,70-79,Male
2334,IMM_10,2,6,3,70-79,Male
2334,IMM_4,1,6,3,70-79,Male
2334,IMM_7,1,6,3,70-79,Male
2334,IMM_8,1,6,3,70-79,Male
2334,IMM_6,3,6,3,70-79,Male
2334,IMM_1,3,6,3,70-79,Male
2334,IMM_2,3,6,3,70-79,Male
2334,IMM_5,0,6,3,70-79,Male
2334,IMM_3,4,6,3,70-79,Male
2335,IMM_8,1,6,6,70-79,Male
2335,IMM_7,2,6,6,70-79,Male
2335,IMM_10,2,6,6,70-79,Male
2335,IMM_9,1,6,6,70-79,Male
2335,IMM_2,3,6,6,70-79,Male
2335,IMM_1,4,6,6,70-79,Male
2335,IMM_3,0,6,6,70-79,Male
2335,IMM_5,4,6,6,70-79,Male
2335,IMM_4,3,6,6,70-79,Male
2335,IMM_6,2,6,6,70-79,Male
2338,IMM_4,0,6,7,70-79,Male
2338,IMM_3,3,6,7,70-79,Male
2338,IMM_8,1,6,7,70-79,Male
2338,IMM_1,4,6,7,70-79,Male
2338,IMM_10,0,6,7,70-79,Male
2338,IMM_7,3,6,7,70-79,Male
2338,IMM_5,3,6,7,70-79,Male
2338,IMM_9,1,6,7,70-79,Male
2338,IMM_2,0,6,7,70-79,Male
2338,IMM_6,1,6,7,70-79,Male
2339,IMM_3,1,6,7,18-29,Male
2339,IMM_10,2,6,7,18-29,Male
2339,IMM_6,3,6,7,18-29,Male
2339,IMM_5,4,6,7,18-29,Male
2339,IMM_7,3,6,7,18-29,Male
2339,IMM_1,3,6,7,18-29,Male
2339,IMM_8,1,6,7,18-29,Male
2339,IMM_2,4,6,7,18-29,Male
2339,IMM_9,4,6,7,18-29,Male
2339,IMM_4,3,6,7,18-29,Male
2346,IMM_9,1,6,7,50-59,Male
2346,IMM_6,3,6,7,50-59,Male
2346,IMM_1,3,6,7,50-59,Male
2346,IMM_4,3,6,7,50-59,Male
2346,IMM_7,2,6,7,50-59,Male
2346,IMM_3,0,6,7,50-59,Male
2346,IMM_8,3,6,7,50-59,Male
2346,IMM_10,2,6,7,50-59,Male
2346,IMM_2,3,6,7,50-59,Male
2346,IMM_5,3,6,7,50-59,Male
2347,IMM_3,0,6,5,60-69,Male
2347,IMM_5,4,6,5,60-69,Male
2347,IMM_9,3,6,5,60-69,Male
2347,IMM_4,1,6,5,60-69,Male
2347,IMM_1,3,6,5,60-69,Male
2347,IMM_2,3,6,5,60-69,Male
2347,IMM_6,1,6,5,60-69,Male
2347,IMM_8,1,6,5,60-69,Male
2347,IMM_10,2,6,5,60-69,Male
2347,IMM_7,3,6,5,60-69,Male
2365,IMM_2,3,6,5,40-49,Male
2365,IMM_6,3,6,5,40-49,Male
2365,IMM_4,1,6,5,40-49,Male
2365,IMM_3,1,6,5,40-49,Male
2365,IMM_1,3,6,5,40-49,Male
2365,IMM_9,2,6,5,40-49,Male
2365,IMM_8,2,6,5,40-49,Male
2365,IMM_5,3,6,5,40-49,Male
2365,IMM_7,1,6,5,40-49,Male
2365,IMM_10,3,6,5,40-49,Male
2370,IMM_1,4,6,6,50-59,Male
2370,IMM_4,1,6,6,50-59,Male
2370,IMM_2,3,6,6,50-59,Male
2370,IMM_3,0,6,6,50-59,Male
2370,IMM_6,1,6,6,50-59,Male
2370,IMM_5,2,6,6,50-59,Male
2370,IMM_9,2,6,6,50-59,Male
2370,IMM_10,1,6,6,50-59,Male
2370,IMM_7,3,6,6,50-59,Male
2370,IMM_8,3,6,6,50-59,Male
2376,IMM_4,1,6,5,70-79,Male
2376,IMM_9,2,6,5,70-79,Male
2376,IMM_6,3,6,5,70-79,Male
2376,IMM_1,4,6,5,70-79,Male
2376,IMM_5,1,6,5,70-79,Male
2376,IMM_3,1,6,5,70-79,Male
2376,IMM_10,3,6,5,70-79,Male
2376,IMM_7,3,6,5,70-79,Male
2376,IMM_8,3,6,5,70-79,Male
2376,IMM_2,3,6,5,70-79,Male
2377,IMM_9,2,6,7,40-49,Male
2377,IMM_1,3,6,7,40-49,Male
2377,IMM_3,1,6,7,40-49,Male
2377,IMM_7,2,6,7,40-49,Male
2377,IMM_2,3,6,7,40-49,Male
2377,IMM_4,1,6,7,40-49,Male
2377,IMM_6,3,6,7,40-49,Male
2377,IMM_5,3,6,7,40-49,Male
2377,IMM_10,3,6,7,40-49,Male
2377,IMM_8,3,6,7,40-49,Male
2388,IMM_4,4,6,7,40-49,Male
2388,IMM_10,0,6,7,40-49,Male
2388,IMM_1,4,6,7,40-49,Male
2388,IMM_8,2,6,7,40-49,Male
2388,IMM_6,2,6,7,40-49,Male
2388,IMM_5,4,6,7,40-49,Male
2388,IMM_2,0,6,7,40-49,Male
2388,IMM_7,3,6,7,40-49,Male
2388,IMM_3,0,6,7,40-49,Male
2388,IMM_9,2,6,7,40-49,Male
2393,IMM_5,4,6,7,40-49,Male
2393,IMM_8,0,6,7,40-49,Male
2393,IMM_3,1,6,7,40-49,Male
2393,IMM_10,2,6,7,40-49,Male
2393,IMM_7,3,6,7,40-49,Male
2393,IMM_6,1,6,7,40-49,Male
2393,IMM_1,4,6,7,40-49,Male
2393,IMM_9,1,6,7,40-49,Male
2393,IMM_4,0,6,7,40-49,Male
2393,IMM_2,3,6,7,40-49,Male
2397,IMM_5,4,6,6,40-49,Male
2397,IMM_3,3,6,6,40-49,Male
2397,IMM_4,3,6,6,40-49,Male
2397,IMM_9,4,6,6,40-49,Male
2397,IMM_1,1,6,6,40-49,Male
2397,IMM_2,3,6,6,40-49,Male
2397,IMM_6,1,6,6,40-49,Male
2397,IMM_10,0,6,6,40-49,Male
2397,IMM_8,3,6,6,40-49,Male
2397,IMM_7,3,6,6,40-49,Male
2398,IMM_5,1,6,2,70-79,Male
2398,IMM_8,3,6,2,70-79,Male
2398,IMM_9,3,6,2,70-79,Male
2398,IMM_1,1,6,2,70-79,Male
2398,IMM_7,0,6,2,70-79,Male
2398,IMM_4,1,6,2,70-79,Male
2398,IMM_6,3,6,2,70-79,Male
2398,IMM_2,1,6,2,70-79,Male
2398,IMM_3,3,6,2,70-79,Male
2398,IMM_10,4,6,2,70-79,Male
2400,IMM_3,0,6,6,40-49,Male
2400,IMM_8,2,6,6,40-49,Male
2400,IMM_9,3,6,6,40-49,Male
2400,IMM_6,2,6,6,40-49,Male
2400,IMM_10,3,6,6,40-49,Male
2400,IMM_7,1,6,6,40-49,Male
2400,IMM_2,3,6,6,40-49,Male
2400,IMM_5,3,6,6,40-49,Male
2400,IMM_1,3,6,6,40-49,Male
2400,IMM_4,4,6,6,40-49,Male
2404,IMM_4,0,6,5,60-69,Male
2404,IMM_3,3,6,5,60-69,Male
2404,IMM_6,4,6,5,60-69,Male
2404,IMM_8,3,6,5,60-69,Male
2404,IMM_5,3,6,5,60-69,Male
2404,IMM_7,2,6,5,60-69,Male
2404,IMM_10,3,6,5,60-69,Male
2404,IMM_2,3,6,5,60-69,Male
2404,IMM_9,3,6,5,60-69,Male
2404,IMM_1,1,6,5,60-69,Male
2415,IMM_1,1,6,7,70-79,Male
2415,IMM_10,2,6,7,70-79,Male
2415,IMM_5,4,6,7,70-79,Male
2415,IMM_7,2,6,7,70-79,Male
2415,IMM_2,3,6,7,70-79,Male
2415,IMM_6,3,6,7,70-79,Male
2415,IMM_8,2,6,7,70-79,Male
2415,IMM_9,3,6,7,70-79,Male
2415,IMM_4,3,6,7,70-79,Male
2415,IMM_3,0,6,7,70-79,Male
2422,IMM_1,3,6,5,50-59,Male
2422,IMM_10,3,6,5,50-59,Male
2422,IMM_5,4,6,5,50-59,Male
2422,IMM_7,1,6,5,50-59,Male
2422,IMM_4,0,6,5,50-59,Male
2422,IMM_2,0,6,5,50-59,Male
2422,IMM_3,0,6,5,50-59,Male
2422,IMM_8,2,6,5,50-59,Male
2422,IMM_9,4,6,5,50-59,Male
2428,IMM_4,1,6,7,30-39,Male
2428,IMM_7,3,6,7,30-39,Male
2428,IMM_2,2,6,7,30-39,Male
2428,IMM_3,0,6,7,30-39,Male
2428,IMM_6,3,6,7,30-39,Male
2428,IMM_9,3,6,7,30-39,Male
2428,IMM_1,3,6,7,30-39,Male
2428,IMM_5,2,6,7,30-39,Male
2428,IMM_8,3,6,7,30-39,Male
2428,IMM_10,1,6,7,30-39,Male
2431,IMM_1,3,6,7,30-39,Male
2431,IMM_7,2,6,7,30-39,Male
2431,IMM_2,1,6,7,30-39,Male
2431,IMM_3,1,6,7,30-39,Male
2431,IMM_5,1,6,7,30-39,Male
2431,IMM_8,2,6,7,30-39,Male
2431,IMM_6,1,6,7,30-39,Male
2431,IMM_10,3,6,7,30-39,Male
2431,IMM_4,2,6,7,30-39,Male
2431,IMM_9,2,6,7,30-39,Male
2433,IMM_2,2,6,5,80+,Male
2433,IMM_7,3,6,5,80+,Male
2433,IMM_8,0,6,5,80+,Male
2433,IMM_6,1,6,5,80+,Male
2433,IMM_9,2,6,5,80+,Male
2433,IMM_4,2,6,5,80+,Male
2433,IMM_5,2,6,5,80+,Male
2433,IMM_3,1,6,5,80+,Male
2433,IMM_1,3,6,5,80+,Male
2433,IMM_10,2,6,5,80+,Male
2441,IMM_7,1,6,7,60-69,Male
2441,IMM_1,2,6,7,60-69,Male
2441,IMM_5,3,6,7,60-69,Male
2441,IMM_4,3,6,7,60-69,Male
2441,IMM_10,3,6,7,60-69,Male
2441,IMM_8,3,6,7,60-69,Male
2441,IMM_3,1,6,7,60-69,Male
2441,IMM_6,2,6,7,60-69,Male
2441,IMM_9,1,6,7,60-69,Male
2441,IMM_2,2,6,7,60-69,Male
2445,IMM_9,4,6,7,18-29,Male
2445,IMM_6,3,6,7,18-29,Male
2445,IMM_7,3,6,7,18-29,Male
2445,IMM_3,1,6,7,18-29,Male
2445,IMM_10,2,6,7,18-29,Male
2445,IMM_5,2,6,7,18-29,Male
2445,IMM_8,2,6,7,18-29,Male
2445,IMM_4,1,6,7,18-29,Male
2445,IMM_2,3,6,7,18-29,Male
2445,IMM_1,3,6,7,18-29,Male
2447,IMM_9,0,6,7,50-59,Male
2447,IMM_10,0,6,7,50-59,Male
2447,IMM_4,0,6,7,50-59,Male
2447,IMM_7,3,6,7,50-59,Male
2447,IMM_6,0,6,7,50-59,Male
2447,IMM_1,4,6,7,50-59,Male
2447,IMM_8,0,6,7,50-59,Male
2447,IMM_5,4,6,7,50-59,Male
2447,IMM_2,0,6,7,50-59,Male
2447,IMM_3,0,6,7,50-59,Male
2452,IMM_7,0,6,1,40-49,Male
2452,IMM_10,3,6,1,40-49,Male
2452,IMM_4,3,6,1,40-49,Male
2452,IMM_2,3,6,1,40-49,Male
2452,IMM_5,4,6,1,40-49,Male
2452,IMM_9,3,6,1,40-49,Male
2452,IMM_8,3,6,1,40-49,Male
2452,IMM_6,4,6,1,40-49,Male
2452,IMM_3,2,6,1,40-49,Male
2452,IMM_1,3,6,1,40-49,Male
2456,IMM_10,2,6,7,30-39,Male
2456,IMM_7,1,6,7,30-39,Male
2456,IMM_8,2,6,7,30-39,Male
2456,IMM_6,3,6,7,30-39,Male
2456,IMM_4,2,6,7,30-39,Male
2456,IMM_5,3,6,7,30-39,Male
2456,IMM_9,2,6,7,30-39,Male
2456,IMM_2,2,6,7,30-39,Male
2456,IMM_3,1,6,7,30-39,Male
2456,IMM_1,1,6,7,30-39,Male
2458,IMM_7,3,6,6,60-69,Male
2458,IMM_9,3,6,6,60-69,Male
2458,IMM_5,2,6,6,60-69,Male
2458,IMM_8,1,6,6,60-69,Male
2458,IMM_1,3,6,6,60-69,Male
2458,IMM_2,3,6,6,60-69,Male
2458,IMM_4,3,6,6,60-69,Male
2458,IMM_3,1,6,6,60-69,Male
2458,IMM_10,2,6,6,60-69,Male
2458,IMM_6,1,6,6,60-69,Male
2459,IMM_3,1,6,7,70-79,Male
2459,IMM_9,2,6,7,70-79,Male
2459,IMM_1,3,6,7,70-79,Male
2459,IMM_8,1,6,7,70-79,Male
2459,IMM_5,4,6,7,70-79,Male
2459,IMM_7,2,6,7,70-79,Male
2459,IMM_4,1,6,7,70-79,Male
2459,IMM_2,2,6,7,70-79,Male
2459,IMM_10,0,6,7,70-79,Male
2459,IMM_6,1,6,7,70-79,Male
2460,IMM_4,1,6,7,50-59,Male
2460,IMM_8,3,6,7,50-59,Male
2460,IMM_2,4,6,7,50-59,Male
2460,IMM_6,3,6,7,50-59,Male
2460,IMM_3,2,6,7,50-59,Male
2460,IMM_10,3,6,7,50-59,Male
2460,IMM_9,3,6,7,50-59,Male
2460,IMM_5,3,6,7,50-59,Male
2460,IMM_7,1,6,7,50-59,Male
2460,IMM_1,1,6,7,50-59,Male
2461,IMM_3,0,6,7,60-69,Male
2461,IMM_6,1,6,7,60-69,Male
2461,IMM_2,3,6,7,60-69,Male
2461,IMM_8,2,6,7,60-69,Male
2461,IMM_5,4,6,7,60-69,Male
2461,IMM_10,0,6,7,60-69,Male
2461,IMM_4,3,6,7,60-69,Male
2461,IMM_7,4,6,7,60-69,Male
2461,IMM_1,4,6,7,60-69,Male
2461,IMM_9,0,6,7,60-69,Male
2469,IMM_5,4,6,5,70-79,Male
2469,IMM_8,1,6,5,70-79,Male
2469,IMM_3,3,6,5,70-79,Male
2469,IMM_6,3,6,5,70-79,Male
2469,IMM_1,3,6,5,70-79,Male
2469,IMM_4,3,6,5,70-79,Male
2469,IMM_2,1,6,5,70-79,Male
2469,IMM_7,2,6,5,70-79,Male
2469,IMM_10,0,6,5,70-79,Male
2469,IMM_9,3,6,5,70-79,Male
2474,IMM_5,3,6,7,60-69,Male
2474,IMM_6,4,6,7,60-69,Male
2474,IMM_4,1,6,7,60-69,Male
2474,IMM_2,4,6,7,60-69,Male
2474,IMM_10,3,6,7,60-69,Male
2474,IMM_7,2,6,7,60-69,Male
2474,IMM_3,1,6,7,60-69,Male
2474,IMM_9,2,6,7,60-69,Male
2474,IMM_1,3,6,7,60-69,Male
2474,IMM_8,3,6,7,60-69,Male
2479,IMM_4,1,6,5,40-49,Male
2479,IMM_3,0,6,5,40-49,Male
2479,IMM_5,3,6,5,40-49,Male
2479,IMM_8,3,6,5,40-49,Male
2479,IMM_7,3,6,5,40-49,Male
2479,IMM_10,2,6,5,40-49,Male
2479,IMM_1,3,6,5,40-49,Male
2479,IMM_6,3,6,5,40-49,Male
2479,IMM_2,1,6,5,40-49,Male
2479,IMM_9,1,6,5,40-49,Male
2481,IMM_5,1,6,7,18-29,Male
2481,IMM_3,0,6,7,18-29,Male
2481,IMM_6,4,6,7,18-29,Male
2481,IMM_4,2,6,7,18-29,Male
2481,IMM_2,0,6,7,18-29,Male
2481,IMM_10,0,6,7,18-29,Male
2481,IMM_8,4,6,7,18-29,Male
2481,IMM_7,4,6,7,18-29,Male
2481,IMM_1,4,6,7,18-29,Male
2481,IMM_9,2,6,7,18-29,Male
2482,IMM_9,3,6,7,60-69,Male
2482,IMM_10,0,6,7,60-69,Male
2482,IMM_6,0,6,7,60-69,Male
2482,IMM_1,4,6,7,60-69,Male
2482,IMM_4,2,6,7,60-69,Male
2482,IMM_2,0,6,7,60-69,Male
2482,IMM_8,4,6,7,60-69,Male
2482,IMM_7,2,6,7,60-69,Male
2482,IMM_3,0,6,7,60-69,Male
2482,IMM_5,2,6,7,60-69,Male
2486,IMM_9,1,6,5,60-69,Male
2486,IMM_7,1,6,5,60-69,Male
2486,IMM_4,0,6,5,60-69,Male
2486,IMM_1,3,6,5,60-69,Male
2486,IMM_10,1,6,5,60-69,Male
2486,IMM_8,3,6,5,60-69,Male
2486,IMM_6,3,6,5,60-69,Male
2486,IMM_2,4,6,5,60-69,Male
2486,IMM_5,3,6,5,60-69,Male
2486,IMM_3,0,6,5,60-69,Male
2489,IMM_6,1,6,6,50-59,Male
2489,IMM_1,4,6,6,50-59,Male
2489,IMM_9,1,6,6,50-59,Male
2489,IMM_7,2,6,6,50-59,Male
2489,IMM_8,0,6,6,50-59,Male
2489,IMM_2,0,6,6,50-59,Male
2489,IMM_4,0,6,6,50-59,Male
2489,IMM_3,1,6,6,50-59,Male
2489,IMM_10,1,6,6,50-59,Male
2489,IMM_5,4,6,6,50-59,Male
2500,IMM_8,4,6,7,60-69,Male
2500,IMM_4,0,6,7,60-69,Male
2500,IMM_5,3,6,7,60-69,Male
2500,IMM_7,3,6,7,60-69,Male
2500,IMM_10,1,6,7,60-69,Male
2500,IMM_2,3,6,7,60-69,Male
2500,IMM_9,1,6,7,60-69,Male
2500,IMM_1,3,6,7,60-69,Male
2500,IMM_3,0,6,7,60-69,Male
2500,IMM_6,2,6,7,60-69,Male
2506,IMM_2,3,6,7,50-59,Male
2506,IMM_3,0,6,7,50-59,Male
2506,IMM_9,2,6,7,50-59,Male
2506,IMM_7,2,6,7,50-59,Male
2506,IMM_8,3,6,7,50-59,Male
2506,IMM_6,3,6,7,50-59,Male
2506,IMM_4,0,6,7,50-59,Male
2506,IMM_5,3,6,7,50-59,Male
2506,IMM_1,1,6,7,50-59,Male
2506,IMM_10,0,6,7,50-59,Male
2508,IMM_6,4,6,5,30-39,Male
2508,IMM_5,2,6,5,30-39,Male
2508,IMM_2,2,6,5,30-39,Male
2508,IMM_4,0,6,5,30-39,Male
2508,IMM_8,2,6,5,30-39,Male
2508,IMM_3,0,6,5,30-39,Male
2508,IMM_9,3,6,5,30-39,Male
2508,IMM_10,3,6,5,30-39,Male
2508,IMM_1,4,6,5,30-39,Male
2508,IMM_7,1,6,5,30-39,Male
2511,IMM_2,3,6,7,30-39,Male
2511,IMM_1,1,6,7,30-39,Male
2511,IMM_4,3,6,7,30-39,Male
2511,IMM_7,1,6,7,30-39,Male
2511,IMM_9,2,6,7,30-39,Male
2511,IMM_6,1,6,7,30-39,Male
2511,IMM_5,3,6,7,30-39,Male
2511,IMM_8,3,6,7,30-39,Male
2511,IMM_10,2,6,7,30-39,Male
2511,IMM_3,3,6,7,30-39,Male
2512,IMM_8,3,6,1,18-29,Male
2512,IMM_2,3,6,1,18-29,Male
2512,IMM_7,2,6,1,18-29,Male
2512,IMM_1,4,6,1,18-29,Male
2512,IMM_3,1,6,1,18-29,Male
2512,IMM_9,4,6,1,18-29,Male
2512,IMM_5,1,6,1,18-29,Male
2512,IMM_10,1,6,1,18-29,Male
2512,IMM_4,3,6,1,18-29,Male
2512,IMM_6,3,6,1,18-29,Male
2515,IMM_5,4,6,7,30-39,Male
2515,IMM_3,4,6,7,30-39,Male
2515,IMM_2,0,6,7,30-39,Male
2515,IMM_9,1,6,7,30-39,Male
2515,IMM_8,3,6,7,30-39,Male
2515,IMM_10,1,6,7,30-39,Male
2515,IMM_7,2,6,7,30-39,Male
2515,IMM_4,4,6,7,30-39,Male
2515,IMM_6,2,6,7,30-39,Male
2519,IMM_9,3,6,6,70-79,Male
2519,IMM_1,3,6,6,70-79,Male
2519,IMM_5,3,6,6,70-79,Male
2519,IMM_7,4,6,6,70-79,Male
2519,IMM_4,0,6,6,70-79,Male
2519,IMM_6,0,6,6,70-79,Male
2519,IMM_3,0,6,6,70-79,Male
2519,IMM_2,1,6,6,70-79,Male
2519,IMM_10,2,6,6,70-79,Male
2519,IMM_8,4,6,6,70-79,Male
2522,IMM_8,3,6,7,18-29,Male
2522,IMM_1,1,6,7,18-29,Male
2522,IMM_5,1,6,7,18-29,Male
2522,IMM_6,3,6,7,18-29,Male
2522,IMM_3,1,6,7,18-29,Male
2522,IMM_9,2,6,7,18-29,Male
2522,IMM_10,3,6,7,18-29,Male
2522,IMM_4,3,6,7,18-29,Male
2522,IMM_2,1,6,7,18-29,Male
2522,IMM_7,1,6,7,18-29,Male
2541,IMM_4,2,6,7,30-39,Male
2541,IMM_8,1,6,7,30-39,Male
2541,IMM_5,2,6,7,30-39,Male
2541,IMM_3,2,6,7,30-39,Male
2541,IMM_7,2,6,7,30-39,Male
2541,IMM_9,2,6,7,30-39,Male
2541,IMM_10,3,6,7,30-39,Male
2541,IMM_6,1,6,7,30-39,Male
2541,IMM_1,2,6,7,30-39,Male
2541,IMM_2,3,6,7,30-39,Male
2542,IMM_10,1,6,6,18-29,Male
2542,IMM_8,1,6,6,18-29,Male
2542,IMM_4,1,6,6,18-29,Male
2542,IMM_7,1,6,6,18-29,Male
2542,IMM_9,3,6,6,18-29,Male
2542,IMM_2,2,6,6,18-29,Male
2542,IMM_5,2,6,6,18-29,Male
2542,IMM_3,3,6,6,18-29,Male
2542,IMM_1,1,6,6,18-29,Male
2542,IMM_6,4,6,6,18-29,Male
2548,IMM_1,2,6,5,40-49,Male
2548,IMM_5,0,6,5,40-49,Male
2548,IMM_8,1,6,5,40-49,Male
2548,IMM_2,4,6,5,40-49,Male
2548,IMM_6,4,6,5,40-49,Male
2548,IMM_9,0,6,5,40-49,Male
2548,IMM_7,0,6,5,40-49,Male
2548,IMM_4,0,6,5,40-49,Male
2548,IMM_3,2,6,5,40-49,Male
2548,IMM_10,3,6,5,40-49,Male
2549,IMM_6,3,6,6,40-49,Male
2549,IMM_9,3,6,6,40-49,Male
2549,IMM_3,3,6,6,40-49,Male
2549,IMM_2,0,6,6,40-49,Male
2549,IMM_7,2,6,6,40-49,Male
2549,IMM_10,4,6,6,40-49,Male
2549,IMM_1,1,6,6,40-49,Male
2549,IMM_4,2,6,6,40-49,Male
2549,IMM_5,1,6,6,40-49,Male
2549,IMM_8,3,6,6,40-49,Male
2550,IMM_9,3,6,2,30-39,Male
2550,IMM_8,2,6,2,30-39,Male
2550,IMM_3,3,6,2,30-39,Male
2550,IMM_10,3,6,2,30-39,Male
2550,IMM_4,3,6,2,30-39,Male
2550,IMM_6,3,6,2,30-39,Male
2550,IMM_2,3,6,2,30-39,Male
2550,IMM_5,1,6,2,30-39,Male
2550,IMM_1,2,6,2,30-39,Male
2550,IMM_7,3,6,2,30-39,Male
2552,IMM_8,1,6,7,30-39,Male
2552,IMM_1,1,6,7,30-39,Male
2552,IMM_7,2,6,7,30-39,Male
2552,IMM_5,3,6,7,30-39,Male
2552,IMM_10,3,6,7,30-39,Male
2552,IMM_6,3,6,7,30-39,Male
2552,IMM_9,3,6,7,30-39,Male
2552,IMM_2,3,6,7,30-39,Male
2552,IMM_3,2,6,7,30-39,Male
2552,IMM_4,0,6,7,30-39,Male
2553,IMM_1,2,6,7,50-59,Male
2553,IMM_5,1,6,7,50-59,Male
2553,IMM_8,3,6,7,50-59,Male
2553,IMM_3,3,6,7,50-59,Male
2553,IMM_2,3,6,7,50-59,Male
2553,IMM_6,4,6,7,50-59,Male
2553,IMM_7,1,6,7,50-59,Male
2553,IMM_10,2,6,7,50-59,Male
2553,IMM_4,1,6,7,50-59,Male
2553,IMM_9,2,6,7,50-59,Male
2559,IMM_10,2,6,7,18-29,Male
2559,IMM_9,2,6,7,18-29,Male
2559,IMM_4,3,6,7,18-29,Male
2559,IMM_1,3,6,7,18-29,Male
2559,IMM_8,1,6,7,18-29,Male
2559,IMM_2,2,6,7,18-29,Male
2559,IMM_6,3,6,7,18-29,Male
2559,IMM_5,1,6,7,18-29,Male
2559,IMM_7,2,6,7,18-29,Male
2559,IMM_3,1,6,7,18-29,Male
2560,IMM_10,1,6,7,18-29,Male
2560,IMM_7,3,6,7,18-29,Male
2560,IMM_4,0,6,7,18-29,Male
2560,IMM_1,4,6,7,18-29,Male
2560,IMM_2,3,6,7,18-29,Male
2560,IMM_3,1,6,7,18-29,Male
2560,IMM_5,3,6,7,18-29,Male
2560,IMM_8,0,6,7,18-29,Male
2560,IMM_9,1,6,7,18-29,Male
2560,IMM_6,1,6,7,18-29,Male
2568,IMM_9,2,6,5,60-69,Male
2568,IMM_2,2,6,5,60-69,Male
2568,IMM_5,1,6,5,60-69,Male
2568,IMM_8,2,6,5,60-69,Male
2568,IMM_6,2,6,5,60-69,Male
2568,IMM_7,2,6,5,60-69,Male
2568,IMM_3,3,6,5,60-69,Male
2568,IMM_4,1,6,5,60-69,Male
2568,IMM_10,2,6,5,60-69,Male
2568,IMM_1,2,6,5,60-69,Male
2570,IMM_1,4,6,5,70-79,Male
2570,IMM_2,3,6,5,70-79,Male
2570,IMM_9,2,6,5,70-79,Male
2570,IMM_7,3,6,5,70-79,Male
2570,IMM_10,2,6,5,70-79,Male
2570,IMM_8,0,6,5,70-79,Male
2570,IMM_6,0,6,5,70-79,Male
2570,IMM_3,0,6,5,70-79,Male
2570,IMM_5,4,6,5,70-79,Male
2570,IMM_4,0,6,5,70-79,Male
2580,IMM_9,4,6,6,30-39,Male
2580,IMM_6,4,6,6,30-39,Male
2580,IMM_5,1,6,6,30-39,Male
2580,IMM_4,2,6,6,30-39,Male
2580,IMM_2,4,6,6,30-39,Male
2580,IMM_1,1,6,6,30-39,Male
2580,IMM_8,3,6,6,30-39,Male
2580,IMM_3,1,6,6,30-39,Male
2580,IMM_7,2,6,6,30-39,Male
2580,IMM_10,1,6,6,30-39,Male
2590,IMM_7,3,6,6,40-49,Male
2590,IMM_2,0,6,6,40-49,Male
2590,IMM_10,3,6,6,40-49,Male
2590,IMM_6,0,6,6,40-49,Male
2590,IMM_4,4,6,6,40-49,Male
2590,IMM_1,4,6,6,40-49,Male
2590,IMM_5,1,6,6,40-49,Male
2590,IMM_9,1,6,6,40-49,Male
2590,IMM_3,0,6,6,40-49,Male
2590,IMM_8,1,6,6,40-49,Male
2591,IMM_4,1,6,6,50-59,Male
2591,IMM_6,1,6,6,50-59,Male
2591,IMM_7,2,6,6,50-59,Male
2591,IMM_5,3,6,6,50-59,Male
2591,IMM_2,3,6,6,50-59,Male
2591,IMM_1,2,6,6,50-59,Male
2591,IMM_10,1,6,6,50-59,Male
2591,IMM_3,1,6,6,50-59,Male
2591,IMM_8,4,6,6,50-59,Male
2591,IMM_9,2,6,6,50-59,Male
2594,IMM_8,1,6,1,40-49,Male
2594,IMM_5,1,6,1,40-49,Male
2594,IMM_10,0,6,1,40-49,Male
2594,IMM_3,1,6,1,40-49,Male
2594,IMM_7,3,6,1,40-49,Male
2594,IMM_1,1,6,1,40-49,Male
2594,IMM_9,1,6,1,40-49,Male
2594,IMM_4,2,6,1,40-49,Male
2594,IMM_2,1,6,1,40-49,Male
2594,IMM_6,1,6,1,40-49,Male
2599,IMM_7,4,6,5,50-59,Male
2599,IMM_5,2,6,5,50-59,Male
2599,IMM_1,4,6,5,50-59,Male
2599,IMM_9,2,6,5,50-59,Male
2599,IMM_8,3,6,5,50-59,Male
2599,IMM_3,0,6,5,50-59,Male
2599,IMM_4,0,6,5,50-59,Male
2599,IMM_10,3,6,5,50-59,Male
2599,IMM_6,3,6,5,50-59,Male
2599,IMM_2,3,6,5,50-59,Male
2603,IMM_7,3,6,6,60-69,Male
2603,IMM_5,3,6,6,60-69,Male
2603,IMM_6,4,6,6,60-69,Male
2603,IMM_1,3,6,6,60-69,Male
2603,IMM_3,0,6,6,60-69,Male
2603,IMM_2,4,6,6,60-69,Male
2603,IMM_9,1,6,6,60-69,Male
2603,IMM_8,1,6,6,60-69,Male
2603,IMM_4,3,6,6,60-69,Male
2603,IMM_10,1,6,6,60-69,Male
2605,IMM_10,2,6,5,50-59,Male
2605,IMM_4,1,6,5,50-59,Male
2605,IMM_6,1,6,5,50-59,Male
2605,IMM_1,2,6,5,50-59,Male
2605,IMM_2,3,6,5,50-59,Male
2605,IMM_3,1,6,5,50-59,Male
2605,IMM_9,3,6,5,50-59,Male
2605,IMM_8,1,6,5,50-59,Male
2605,IMM_5,3,6,5,50-59,Male
2605,IMM_7,3,6,5,50-59,Male
2609,IMM_10,2,6,6,50-59,Male
2609,IMM_3,2,6,6,50-59,Male
2609,IMM_9,1,6,6,50-59,Male
2609,IMM_1,3,6,6,50-59,Male
2609,IMM_8,4,6,6,50-59,Male
2609,IMM_5,3,6,6,50-59,Male
2609,IMM_7,1,6,6,50-59,Male
2609,IMM_6,1,6,6,50-59,Male
2609,IMM_4,0,6,6,50-59,Male
2609,IMM_2,3,6,6,50-59,Male
2611,IMM_10,1,6,6,50-59,Male
2611,IMM_2,1,6,6,50-59,Male
2611,IMM_9,3,6,6,50-59,Male
2611,IMM_5,2,6,6,50-59,Male
2611,IMM_7,2,6,6,50-59,Male
2611,IMM_8,4,6,6,50-59,Male
2611,IMM_4,0,6,6,50-59,Male
2611,IMM_3,1,6,6,50-59,Male
2611,IMM_6,2,6,6,50-59,Male
2611,IMM_1,3,6,6,50-59,Male
2615,IMM_8,4,6,6,40-49,Male
2615,IMM_9,4,6,6,40-49,Male
2615,IMM_3,1,6,6,40-49,Male
2615,IMM_4,4,6,6,40-49,Male
2615,IMM_1,1,6,6,40-49,Male
2615,IMM_2,4,6,6,40-49,Male
2615,IMM_6,4,6,6,40-49,Male
2615,IMM_5,3,6,6,40-49,Male
2615,IMM_7,3,6,6,40-49,Male
2615,IMM_10,3,6,6,40-49,Male
2617,IMM_5,3,6,6,60-69,Male
2617,IMM_6,2,6,6,60-69,Male
2617,IMM_10,3,6,6,60-69,Male
2617,IMM_4,4,6,6,60-69,Male
2617,IMM_1,3,6,6,60-69,Male
2617,IMM_7,2,6,6,60-69,Male
2617,IMM_8,1,6,6,60-69,Male
2617,IMM_2,3,6,6,60-69,Male
2617,IMM_9,3,6,6,60-69,Male
2617,IMM_3,3,6,6,60-69,Male
2618,IMM_3,0,6,7,50-59,Male
2618,IMM_5,4,6,7,50-59,Male
2618,IMM_10,2,6,7,50-59,Male
2618,IMM_4,1,6,7,50-59,Male
2618,IMM_2,4,6,7,50-59,Male
2618,IMM_8,3,6,7,50-59,Male
2618,IMM_1,1,6,7,50-59,Male
2618,IMM_7,2,6,7,50-59,Male
2618,IMM_6,2,6,7,50-59,Male
2618,IMM_9,2,6,7,50-59,Male
2619,IMM_5,2,6,6,18-29,Male
2619,IMM_2,3,6,6,18-29,Male
2619,IMM_4,1,6,6,18-29,Male
2619,IMM_8,3,6,6,18-29,Male
2619,IMM_10,0,6,6,18-29,Male
2619,IMM_9,1,6,6,18-29,Male
2619,IMM_6,1,6,6,18-29,Male
2619,IMM_3,1,6,6,18-29,Male
2619,IMM_1,3,6,6,18-29,Male
2619,IMM_7,2,6,6,18-29,Male
2621,IMM_6,4,6,4,40-49,Male
2621,IMM_4,4,6,4,40-49,Male
2621,IMM_8,3,6,4,40-49,Male
2621,IMM_7,4,6,4,40-49,Male
2621,IMM_2,2,6,4,40-49,Male
2621,IMM_1,2,6,4,40-49,Male
2621,IMM_9,1,6,4,40-49,Male
2621,IMM_3,1,6,4,40-49,Male
2621,IMM_10,3,6,4,40-49,Male
2621,IMM_5,3,6,4,40-49,Male
3,IMM_1,4,7,7,40-49,Female
3,IMM_6,0,7,7,40-49,Female
3,IMM_5,3,7,7,40-49,Female
3,IMM_9,2,7,7,40-49,Female
3,IMM_3,0,7,7,40-49,Female
3,IMM_7,3,7,7,40-49,Female
3,IMM_8,4,7,7,40-49,Female
3,IMM_4,1,7,7,40-49,Female
3,IMM_2,3,7,7,40-49,Female
3,IMM_10,0,7,7,40-49,Female
4,IMM_3,0,7,7,50-59,Female
4,IMM_6,3,7,7,50-59,Female
4,IMM_8,3,7,7,50-59,Female
4,IMM_4,0,7,7,50-59,Female
4,IMM_2,3,7,7,50-59,Female
4,IMM_1,3,7,7,50-59,Female
4,IMM_5,3,7,7,50-59,Female
4,IMM_10,2,7,7,50-59,Female
4,IMM_9,0,7,7,50-59,Female
4,IMM_7,4,7,7,50-59,Female
12,IMM_7,4,7,7,40-49,Male
12,IMM_1,4,7,7,40-49,Male
12,IMM_3,4,7,7,40-49,Male
12,IMM_4,3,7,7,40-49,Male
12,IMM_9,0,7,7,40-49,Male
12,IMM_6,0,7,7,40-49,Male
12,IMM_10,0,7,7,40-49,Male
12,IMM_2,1,7,7,40-49,Male
12,IMM_8,4,7,7,40-49,Male
12,IMM_5,0,7,7,40-49,Male
16,IMM_9,2,7,1,60-69,Female
16,IMM_6,1,7,1,60-69,Female
16,IMM_5,1,7,1,60-69,Female
16,IMM_4,1,7,1,60-69,Female
16,IMM_3,4,7,1,60-69,Female
16,IMM_10,0,7,1,60-69,Female
16,IMM_8,1,7,1,60-69,Female
16,IMM_7,4,7,1,60-69,Female
16,IMM_1,3,7,1,60-69,Female
16,IMM_2,1,7,1,60-69,Female
17,IMM_10,3,7,7,80+,Female
17,IMM_1,2,7,7,80+,Female
17,IMM_5,2,7,7,80+,Female
17,IMM_3,1,7,7,80+,Female
17,IMM_4,1,7,7,80+,Female
17,IMM_9,3,7,7,80+,Female
17,IMM_8,3,7,7,80+,Female
17,IMM_7,2,7,7,80+,Female
17,IMM_2,3,7,7,80+,Female
17,IMM_6,1,7,7,80+,Female
25,IMM_4,0,7,7,60-69,Male
25,IMM_1,4,7,7,60-69,Male
25,IMM_3,4,7,7,60-69,Male
25,IMM_10,0,7,7,60-69,Male
25,IMM_2,4,7,7,60-69,Male
25,IMM_5,4,7,7,60-69,Male
25,IMM_9,2,7,7,60-69,Male
25,IMM_6,0,7,7,60-69,Male
25,IMM_8,2,7,7,60-69,Male
25,IMM_7,4,7,7,60-69,Male
28,IMM_4,3,7,5,70-79,Female
28,IMM_8,3,7,5,70-79,Female
28,IMM_9,2,7,5,70-79,Female
28,IMM_2,3,7,5,70-79,Female
28,IMM_3,1,7,5,70-79,Female
28,IMM_10,2,7,5,70-79,Female
28,IMM_5,3,7,5,70-79,Female
28,IMM_7,2,7,5,70-79,Female
28,IMM_6,2,7,5,70-79,Female
28,IMM_1,2,7,5,70-79,Female
30,IMM_4,2,7,7,70-79,Female
30,IMM_8,0,7,7,70-79,Female
30,IMM_2,0,7,7,70-79,Female
30,IMM_6,0,7,7,70-79,Female
30,IMM_9,0,7,7,70-79,Female
30,IMM_7,3,7,7,70-79,Female
30,IMM_1,4,7,7,70-79,Female
30,IMM_10,0,7,7,70-79,Female
30,IMM_5,4,7,7,70-79,Female
30,IMM_3,0,7,7,70-79,Female
52,IMM_4,3,7,5,60-69,Male
52,IMM_3,0,7,5,60-69,Male
52,IMM_1,4,7,5,60-69,Male
52,IMM_6,1,7,5,60-69,Male
52,IMM_8,0,7,5,60-69,Male
52,IMM_2,0,7,5,60-69,Male
52,IMM_9,3,7,5,60-69,Male
52,IMM_7,3,7,5,60-69,Male
52,IMM_10,2,7,5,60-69,Male
52,IMM_5,4,7,5,60-69,Male
72,IMM_1,4,7,7,50-59,Male
72,IMM_9,1,7,7,50-59,Male
72,IMM_5,2,7,7,50-59,Male
72,IMM_8,3,7,7,50-59,Male
72,IMM_2,3,7,7,50-59,Male
72,IMM_3,4,7,7,50-59,Male
72,IMM_10,2,7,7,50-59,Male
72,IMM_7,1,7,7,50-59,Male
72,IMM_6,4,7,7,50-59,Male
72,IMM_4,1,7,7,50-59,Male
73,IMM_4,1,7,6,70-79,Female
73,IMM_3,3,7,6,70-79,Female
73,IMM_2,1,7,6,70-79,Female
73,IMM_6,4,7,6,70-79,Female
73,IMM_7,0,7,6,70-79,Female
73,IMM_1,0,7,6,70-79,Female
73,IMM_10,4,7,6,70-79,Female
73,IMM_9,4,7,6,70-79,Female
73,IMM_8,0,7,6,70-79,Female
73,IMM_5,1,7,6,70-79,Female
78,IMM_10,2,7,7,80+,Female
78,IMM_7,3,7,7,80+,Female
78,IMM_4,1,7,7,80+,Female
78,IMM_2,3,7,7,80+,Female
78,IMM_8,2,7,7,80+,Female
78,IMM_3,0,7,7,80+,Female
78,IMM_6,1,7,7,80+,Female
78,IMM_5,2,7,7,80+,Female
78,IMM_1,4,7,7,80+,Female
78,IMM_9,1,7,7,80+,Female
80,IMM_1,4,7,7,60-69,Female
80,IMM_3,0,7,7,60-69,Female
80,IMM_2,4,7,7,60-69,Female
80,IMM_7,4,7,7,60-69,Female
80,IMM_10,0,7,7,60-69,Female
80,IMM_6,2,7,7,60-69,Female
80,IMM_9,2,7,7,60-69,Female
80,IMM_8,2,7,7,60-69,Female
80,IMM_5,4,7,7,60-69,Female
80,IMM_4,2,7,7,60-69,Female
94,IMM_8,1,7,7,60-69,Female
94,IMM_4,1,7,7,60-69,Female
94,IMM_9,2,7,7,60-69,Female
94,IMM_1,3,7,7,60-69,Female
94,IMM_10,1,7,7,60-69,Female
94,IMM_7,3,7,7,60-69,Female
94,IMM_6,2,7,7,60-69,Female
94,IMM_5,2,7,7,60-69,Female
94,IMM_2,3,7,7,60-69,Female
94,IMM_3,0,7,7,60-69,Female
95,IMM_10,0,7,7,30-39,Female
95,IMM_7,4,7,7,30-39,Female
95,IMM_4,0,7,7,30-39,Female
95,IMM_1,4,7,7,30-39,Female
95,IMM_6,0,7,7,30-39,Female
95,IMM_9,0,7,7,30-39,Female
95,IMM_5,0,7,7,30-39,Female
95,IMM_3,0,7,7,30-39,Female
95,IMM_2,0,7,7,30-39,Female
95,IMM_8,0,7,7,30-39,Female
96,IMM_8,0,7,7,18-29,Male
96,IMM_7,3,7,7,18-29,Male
96,IMM_10,3,7,7,18-29,Male
96,IMM_3,3,7,7,18-29,Male
96,IMM_9,4,7,7,18-29,Male
96,IMM_2,3,7,7,18-29,Male
96,IMM_1,4,7,7,18-29,Male
96,IMM_5,3,7,7,18-29,Male
96,IMM_6,4,7,7,18-29,Male
96,IMM_4,0,7,7,18-29,Male
118,IMM_3,3,7,7,70-79,Female
118,IMM_10,1,7,7,70-79,Female
118,IMM_8,2,7,7,70-79,Female
118,IMM_1,3,7,7,70-79,Female
118,IMM_6,3,7,7,70-79,Female
118,IMM_4,1,7,7,70-79,Female
118,IMM_7,3,7,7,70-79,Female
118,IMM_2,3,7,7,70-79,Female
118,IMM_9,1,7,7,70-79,Female
118,IMM_5,2,7,7,70-79,Female
127,IMM_1,4,7,7,50-59,Female
127,IMM_5,2,7,7,50-59,Female
127,IMM_9,2,7,7,50-59,Female
127,IMM_3,0,7,7,50-59,Female
127,IMM_8,1,7,7,50-59,Female
127,IMM_10,3,7,7,50-59,Female
127,IMM_2,1,7,7,50-59,Female
127,IMM_7,2,7,7,50-59,Female
127,IMM_4,1,7,7,50-59,Female
127,IMM_6,1,7,7,50-59,Female
140,IMM_7,2,7,7,70-79,Female
140,IMM_5,3,7,7,70-79,Female
140,IMM_10,2,7,7,70-79,Female
140,IMM_4,3,7,7,70-79,Female
140,IMM_2,3,7,7,70-79,Female
140,IMM_9,2,7,7,70-79,Female
140,IMM_1,2,7,7,70-79,Female
140,IMM_8,3,7,7,70-79,Female
140,IMM_6,1,7,7,70-79,Female
140,IMM_3,0,7,7,70-79,Female
144,IMM_1,4,7,7,50-59,Male
144,IMM_6,3,7,7,50-59,Male
144,IMM_2,0,7,7,50-59,Male
144,IMM_9,1,7,7,50-59,Male
144,IMM_4,2,7,7,50-59,Male
144,IMM_8,1,7,7,50-59,Male
144,IMM_10,3,7,7,50-59,Male
144,IMM_5,0,7,7,50-59,Male
144,IMM_3,4,7,7,50-59,Male
144,IMM_7,2,7,7,50-59,Male
162,IMM_8,0,7,7,18-29,Female
162,IMM_4,1,7,7,18-29,Female
162,IMM_10,2,7,7,18-29,Female
162,IMM_5,2,7,7,18-29,Female
162,IMM_9,2,7,7,18-29,Female
162,IMM_7,4,7,7,18-29,Female
162,IMM_6,1,7,7,18-29,Female
162,IMM_1,4,7,7,18-29,Female
162,IMM_2,3,7,7,18-29,Female
162,IMM_3,1,7,7,18-29,Female
177,IMM_10,0,7,7,40-49,Female
177,IMM_3,0,7,7,40-49,Female
177,IMM_1,4,7,7,40-49,Female
177,IMM_2,0,7,7,40-49,Female
177,IMM_7,4,7,7,40-49,Female
177,IMM_5,4,7,7,40-49,Female
177,IMM_4,0,7,7,40-49,Female
177,IMM_9,0,7,7,40-49,Female
177,IMM_6,0,7,7,40-49,Female
177,IMM_8,0,7,7,40-49,Female
186,IMM_2,2,7,7,40-49,Female
186,IMM_10,0,7,7,40-49,Female
186,IMM_3,0,7,7,40-49,Female
186,IMM_1,2,7,7,40-49,Female
186,IMM_7,4,7,7,40-49,Female
186,IMM_9,2,7,7,40-49,Female
186,IMM_5,2,7,7,40-49,Female
186,IMM_4,0,7,7,40-49,Female
186,IMM_8,4,7,7,40-49,Female
186,IMM_6,1,7,7,40-49,Female
188,IMM_5,4,7,7,40-49,Male
188,IMM_3,0,7,7,40-49,Male
188,IMM_9,2,7,7,40-49,Male
188,IMM_1,4,7,7,40-49,Male
188,IMM_2,0,7,7,40-49,Male
188,IMM_8,0,7,7,40-49,Male
188,IMM_7,4,7,7,40-49,Male
188,IMM_6,0,7,7,40-49,Male
188,IMM_4,4,7,7,40-49,Male
188,IMM_10,1,7,7,40-49,Male
193,IMM_7,2,7,7,80+,Female
193,IMM_2,3,7,7,80+,Female
193,IMM_6,0,7,7,80+,Female
193,IMM_5,3,7,7,80+,Female
193,IMM_8,3,7,7,80+,Female
193,IMM_4,2,7,7,80+,Female
193,IMM_10,1,7,7,80+,Female
193,IMM_3,0,7,7,80+,Female
193,IMM_1,3,7,7,80+,Female
193,IMM_9,2,7,7,80+,Female
214,IMM_10,1,7,7,18-29,Female
214,IMM_6,3,7,7,18-29,Female
214,IMM_1,1,7,7,18-29,Female
214,IMM_5,3,7,7,18-29,Female
214,IMM_3,2,7,7,18-29,Female
214,IMM_9,1,7,7,18-29,Female
214,IMM_2,3,7,7,18-29,Female
214,IMM_4,1,7,7,18-29,Female
214,IMM_7,1,7,7,18-29,Female
214,IMM_8,3,7,7,18-29,Female
215,IMM_7,1,7,7,30-39,Female
215,IMM_5,4,7,7,30-39,Female
215,IMM_9,2,7,7,30-39,Female
215,IMM_10,0,7,7,30-39,Female
215,IMM_1,2,7,7,30-39,Female
215,IMM_6,0,7,7,30-39,Female
215,IMM_4,2,7,7,30-39,Female
215,IMM_3,0,7,7,30-39,Female
215,IMM_2,2,7,7,30-39,Female
215,IMM_8,3,7,7,30-39,Female
249,IMM_1,4,7,7,50-59,Female
249,IMM_9,2,7,7,50-59,Female
249,IMM_8,0,7,7,50-59,Female
249,IMM_4,1,7,7,50-59,Female
249,IMM_10,0,7,7,50-59,Female
249,IMM_3,0,7,7,50-59,Female
249,IMM_6,0,7,7,50-59,Female
249,IMM_2,0,7,7,50-59,Female
249,IMM_5,4,7,7,50-59,Female
249,IMM_7,4,7,7,50-59,Female
252,IMM_8,2,7,7,50-59,Female
252,IMM_1,3,7,7,50-59,Female
252,IMM_5,2,7,7,50-59,Female
252,IMM_6,2,7,7,50-59,Female
252,IMM_9,2,7,7,50-59,Female
252,IMM_2,2,7,7,50-59,Female
252,IMM_10,2,7,7,50-59,Female
252,IMM_4,4,7,7,50-59,Female
252,IMM_3,0,7,7,50-59,Female
252,IMM_7,3,7,7,50-59,Female
265,IMM_9,4,7,7,60-69,Male
265,IMM_7,3,7,7,60-69,Male
265,IMM_8,3,7,7,60-69,Male
265,IMM_1,3,7,7,60-69,Male
265,IMM_6,4,7,7,60-69,Male
265,IMM_2,0,7,7,60-69,Male
265,IMM_3,0,7,7,60-69,Male
265,IMM_10,3,7,7,60-69,Male
265,IMM_5,4,7,7,60-69,Male
265,IMM_4,0,7,7,60-69,Male
266,IMM_9,3,7,7,40-49,Male
266,IMM_5,3,7,7,40-49,Male
266,IMM_10,1,7,7,40-49,Male
266,IMM_8,3,7,7,40-49,Male
266,IMM_2,1,7,7,40-49,Male
266,IMM_6,3,7,7,40-49,Male
266,IMM_7,3,7,7,40-49,Male
266,IMM_3,1,7,7,40-49,Male
266,IMM_4,0,7,7,40-49,Male
266,IMM_1,1,7,7,40-49,Male
271,IMM_10,2,7,7,60-69,Female
271,IMM_8,3,7,7,60-69,Female
271,IMM_3,0,7,7,60-69,Female
271,IMM_5,4,7,7,60-69,Female
271,IMM_7,2,7,7,60-69,Female
271,IMM_6,1,7,7,60-69,Female
271,IMM_2,0,7,7,60-69,Female
271,IMM_4,1,7,7,60-69,Female
271,IMM_9,2,7,7,60-69,Female
271,IMM_1,0,7,7,60-69,Female
275,IMM_7,4,7,5,50-59,Male
275,IMM_5,2,7,5,50-59,Male
275,IMM_4,1,7,5,50-59,Male
275,IMM_2,4,7,5,50-59,Male
275,IMM_10,2,7,5,50-59,Male
275,IMM_6,0,7,5,50-59,Male
275,IMM_9,0,7,5,50-59,Male
275,IMM_1,4,7,5,50-59,Male
275,IMM_3,0,7,5,50-59,Male
275,IMM_8,4,7,5,50-59,Male
292,IMM_4,4,7,7,50-59,Female
292,IMM_3,0,7,7,50-59,Female
292,IMM_2,0,7,7,50-59,Female
292,IMM_8,4,7,7,50-59,Female
292,IMM_6,0,7,7,50-59,Female
292,IMM_1,4,7,7,50-59,Female
292,IMM_10,0,7,7,50-59,Female
292,IMM_7,4,7,7,50-59,Female
292,IMM_5,3,7,7,50-59,Female
292,IMM_9,4,7,7,50-59,Female
297,IMM_6,0,7,5,30-39,Female
297,IMM_1,4,7,5,30-39,Female
297,IMM_3,0,7,5,30-39,Female
297,IMM_8,1,7,5,30-39,Female
297,IMM_2,2,7,5,30-39,Female
297,IMM_9,4,7,5,30-39,Female
297,IMM_5,2,7,5,30-39,Female
297,IMM_4,0,7,5,30-39,Female
297,IMM_7,2,7,5,30-39,Female
297,IMM_10,0,7,5,30-39,Female
313,IMM_6,3,7,7,70-79,Male
313,IMM_7,3,7,7,70-79,Male
313,IMM_3,3,7,7,70-79,Male
313,IMM_2,3,7,7,70-79,Male
313,IMM_9,4,7,7,70-79,Male
313,IMM_8,3,7,7,70-79,Male
313,IMM_5,3,7,7,70-79,Male
313,IMM_1,1,7,7,70-79,Male
313,IMM_4,0,7,7,70-79,Male
313,IMM_10,2,7,7,70-79,Male
318,IMM_3,0,7,3,40-49,Male
318,IMM_10,4,7,3,40-49,Male
318,IMM_2,4,7,3,40-49,Male
318,IMM_6,3,7,3,40-49,Male
318,IMM_8,4,7,3,40-49,Male
318,IMM_4,4,7,3,40-49,Male
318,IMM_5,4,7,3,40-49,Male
318,IMM_7,4,7,3,40-49,Male
318,IMM_1,3,7,3,40-49,Male
318,IMM_9,3,7,3,40-49,Male
322,IMM_3,4,7,7,80+,Female
322,IMM_2,3,7,7,80+,Female
322,IMM_9,3,7,7,80+,Female
322,IMM_4,1,7,7,80+,Female
322,IMM_10,1,7,7,80+,Female
322,IMM_6,3,7,7,80+,Female
322,IMM_7,1,7,7,80+,Female
322,IMM_5,1,7,7,80+,Female
322,IMM_1,3,7,7,80+,Female
322,IMM_8,3,7,7,80+,Female
334,IMM_8,4,7,7,50-59,Female
334,IMM_5,4,7,7,50-59,Female
334,IMM_10,1,7,7,50-59,Female
334,IMM_9,0,7,7,50-59,Female
334,IMM_6,0,7,7,50-59,Female
334,IMM_4,3,7,7,50-59,Female
334,IMM_1,3,7,7,50-59,Female
334,IMM_3,0,7,7,50-59,Female
334,IMM_2,3,7,7,50-59,Female
334,IMM_7,2,7,7,50-59,Female
336,IMM_7,2,7,7,70-79,Female
336,IMM_8,0,7,7,70-79,Female
336,IMM_10,3,7,7,70-79,Female
336,IMM_5,4,7,7,70-79,Female
336,IMM_9,1,7,7,70-79,Female
336,IMM_2,0,7,7,70-79,Female
336,IMM_6,0,7,7,70-79,Female
336,IMM_3,0,7,7,70-79,Female
336,IMM_1,4,7,7,70-79,Female
336,IMM_4,0,7,7,70-79,Female
347,IMM_3,0,7,7,80+,Female
347,IMM_9,2,7,7,80+,Female
347,IMM_6,3,7,7,80+,Female
347,IMM_4,0,7,7,80+,Female
347,IMM_1,3,7,7,80+,Female
347,IMM_8,1,7,7,80+,Female
347,IMM_2,1,7,7,80+,Female
347,IMM_10,1,7,7,80+,Female
347,IMM_7,3,7,7,80+,Female
347,IMM_5,3,7,7,80+,Female
356,IMM_5,3,7,7,40-49,Female
356,IMM_4,1,7,7,40-49,Female
356,IMM_1,4,7,7,40-49,Female
356,IMM_9,1,7,7,40-49,Female
356,IMM_10,0,7,7,40-49,Female
356,IMM_7,3,7,7,40-49,Female
356,IMM_8,1,7,7,40-49,Female
356,IMM_2,2,7,7,40-49,Female
356,IMM_3,1,7,7,40-49,Female
356,IMM_6,2,7,7,40-49,Female
357,IMM_6,0,7,7,50-59,Female
357,IMM_5,1,7,7,50-59,Female
357,IMM_3,0,7,7,50-59,Female
357,IMM_1,4,7,7,50-59,Female
357,IMM_8,0,7,7,50-59,Female
357,IMM_9,1,7,7,50-59,Female
357,IMM_4,1,7,7,50-59,Female
357,IMM_2,0,7,7,50-59,Female
357,IMM_10,1,7,7,50-59,Female
357,IMM_7,2,7,7,50-59,Female
365,IMM_3,0,7,7,80+,Male
365,IMM_6,2,7,7,80+,Male
365,IMM_5,2,7,7,80+,Male
365,IMM_2,4,7,7,80+,Male
365,IMM_1,4,7,7,80+,Male
365,IMM_10,4,7,7,80+,Male
365,IMM_4,2,7,7,80+,Male
365,IMM_8,0,7,7,80+,Male
365,IMM_7,4,7,7,80+,Male
365,IMM_9,4,7,7,80+,Male
370,IMM_8,0,7,3,30-39,Male
370,IMM_2,0,7,3,30-39,Male
370,IMM_3,0,7,3,30-39,Male
370,IMM_5,0,7,3,30-39,Male
370,IMM_10,3,7,3,30-39,Male
370,IMM_9,1,7,3,30-39,Male
370,IMM_4,1,7,3,30-39,Male
370,IMM_7,3,7,3,30-39,Male
370,IMM_6,1,7,3,30-39,Male
370,IMM_1,3,7,3,30-39,Male
371,IMM_10,0,7,7,50-59,Male
371,IMM_4,1,7,7,50-59,Male
371,IMM_3,0,7,7,50-59,Male
371,IMM_1,4,7,7,50-59,Male
371,IMM_2,0,7,7,50-59,Male
371,IMM_7,3,7,7,50-59,Male
371,IMM_6,0,7,7,50-59,Male
371,IMM_5,3,7,7,50-59,Male
371,IMM_8,1,7,7,50-59,Male
371,IMM_9,0,7,7,50-59,Male
373,IMM_9,4,7,7,40-49,Male
373,IMM_5,4,7,7,40-49,Male
373,IMM_10,0,7,7,40-49,Male
373,IMM_4,4,7,7,40-49,Male
373,IMM_2,4,7,7,40-49,Male
373,IMM_7,4,7,7,40-49,Male
373,IMM_3,0,7,7,40-49,Male
373,IMM_6,4,7,7,40-49,Male
373,IMM_8,4,7,7,40-49,Male
373,IMM_1,4,7,7,40-49,Male
375,IMM_5,4,7,7,60-69,Female
375,IMM_1,4,7,7,60-69,Female
375,IMM_9,4,7,7,60-69,Female
375,IMM_3,0,7,7,60-69,Female
375,IMM_7,2,7,7,60-69,Female
375,IMM_8,4,7,7,60-69,Female
375,IMM_10,3,7,7,60-69,Female
375,IMM_4,4,7,7,60-69,Female
375,IMM_6,4,7,7,60-69,Female
375,IMM_2,4,7,7,60-69,Female
380,IMM_6,1,7,,30-39,Male
380,IMM_5,1,7,,30-39,Male
380,IMM_9,0,7,,30-39,Male
380,IMM_3,0,7,,30-39,Male
380,IMM_7,3,7,,30-39,Male
380,IMM_1,4,7,,30-39,Male
380,IMM_10,4,7,,30-39,Male
380,IMM_4,1,7,,30-39,Male
380,IMM_8,0,7,,30-39,Male
380,IMM_2,0,7,,30-39,Male
381,IMM_3,0,7,7,18-29,Female
381,IMM_8,1,7,7,18-29,Female
381,IMM_7,4,7,7,18-29,Female
381,IMM_4,1,7,7,18-29,Female
381,IMM_6,1,7,7,18-29,Female
381,IMM_10,1,7,7,18-29,Female
381,IMM_1,4,7,7,18-29,Female
381,IMM_2,1,7,7,18-29,Female
381,IMM_5,2,7,7,18-29,Female
381,IMM_9,0,7,7,18-29,Female
382,IMM_6,0,7,7,50-59,Female
382,IMM_4,0,7,7,50-59,Female
382,IMM_8,0,7,7,50-59,Female
382,IMM_3,0,7,7,50-59,Female
382,IMM_1,4,7,7,50-59,Female
382,IMM_9,2,7,7,50-59,Female
382,IMM_2,2,7,7,50-59,Female
382,IMM_10,0,7,7,50-59,Female
382,IMM_5,4,7,7,50-59,Female
382,IMM_7,2,7,7,50-59,Female
386,IMM_1,4,7,7,60-69,Female
386,IMM_8,1,7,7,60-69,Female
386,IMM_5,4,7,7,60-69,Female
386,IMM_4,1,7,7,60-69,Female
386,IMM_2,1,7,7,60-69,Female
386,IMM_6,2,7,7,60-69,Female
386,IMM_7,4,7,7,60-69,Female
386,IMM_9,0,7,7,60-69,Female
386,IMM_10,0,7,7,60-69,Female
386,IMM_3,0,7,7,60-69,Female
387,IMM_10,0,7,7,18-29,Female
387,IMM_6,4,7,7,18-29,Female
387,IMM_4,1,7,7,18-29,Female
387,IMM_5,3,7,7,18-29,Female
387,IMM_1,4,7,7,18-29,Female
387,IMM_9,2,7,7,18-29,Female
387,IMM_8,1,7,7,18-29,Female
387,IMM_7,3,7,7,18-29,Female
387,IMM_2,4,7,7,18-29,Female
387,IMM_3,1,7,7,18-29,Female
390,IMM_7,4,7,7,40-49,Male
390,IMM_6,0,7,7,40-49,Male
390,IMM_10,0,7,7,40-49,Male
390,IMM_1,4,7,7,40-49,Male
390,IMM_4,0,7,7,40-49,Male
390,IMM_2,0,7,7,40-49,Male
390,IMM_3,0,7,7,40-49,Male
390,IMM_5,2,7,7,40-49,Male
390,IMM_9,0,7,7,40-49,Male
390,IMM_8,1,7,7,40-49,Male
399,IMM_6,3,7,7,50-59,Female
399,IMM_5,3,7,7,50-59,Female
399,IMM_8,3,7,7,50-59,Female
399,IMM_7,2,7,7,50-59,Female
399,IMM_2,4,7,7,50-59,Female
399,IMM_3,1,7,7,50-59,Female
399,IMM_1,3,7,7,50-59,Female
399,IMM_4,1,7,7,50-59,Female
399,IMM_9,2,7,7,50-59,Female
399,IMM_10,2,7,7,50-59,Female
402,IMM_3,0,7,7,70-79,Female
402,IMM_1,3,7,7,70-79,Female
402,IMM_9,1,7,7,70-79,Female
402,IMM_4,0,7,7,70-79,Female
402,IMM_10,1,7,7,70-79,Female
402,IMM_2,1,7,7,70-79,Female
402,IMM_6,1,7,7,70-79,Female
402,IMM_5,3,7,7,70-79,Female
402,IMM_8,2,7,7,70-79,Female
402,IMM_7,3,7,7,70-79,Female
403,IMM_8,3,7,7,30-39,Female
403,IMM_5,0,7,7,30-39,Female
403,IMM_7,0,7,7,30-39,Female
403,IMM_3,4,7,7,30-39,Female
403,IMM_2,3,7,7,30-39,Female
403,IMM_6,3,7,7,30-39,Female
403,IMM_1,0,7,7,30-39,Female
403,IMM_9,2,7,7,30-39,Female
403,IMM_10,3,7,7,30-39,Female
403,IMM_4,2,7,7,30-39,Female
406,IMM_1,2,7,7,18-29,Female
406,IMM_6,0,7,7,18-29,Female
406,IMM_9,0,7,7,18-29,Female
406,IMM_8,3,7,7,18-29,Female
406,IMM_10,2,7,7,18-29,Female
406,IMM_3,0,7,7,18-29,Female
406,IMM_2,4,7,7,18-29,Female
406,IMM_4,0,7,7,18-29,Female
406,IMM_5,2,7,7,18-29,Female
406,IMM_7,4,7,7,18-29,Female
423,IMM_7,2,7,7,60-69,Female
423,IMM_8,0,7,7,60-69,Female
423,IMM_2,3,7,7,60-69,Female
423,IMM_6,1,7,7,60-69,Female
423,IMM_5,4,7,7,60-69,Female
423,IMM_3,0,7,7,60-69,Female
423,IMM_10,0,7,7,60-69,Female
423,IMM_9,3,7,7,60-69,Female
423,IMM_1,1,7,7,60-69,Female
423,IMM_4,3,7,7,60-69,Female
425,IMM_7,1,7,6,18-29,Male
425,IMM_5,3,7,6,18-29,Male
425,IMM_4,2,7,6,18-29,Male
425,IMM_3,2,7,6,18-29,Male
425,IMM_6,2,7,6,18-29,Male
425,IMM_8,0,7,6,18-29,Male
425,IMM_1,2,7,6,18-29,Male
425,IMM_9,2,7,6,18-29,Male
425,IMM_10,2,7,6,18-29,Male
425,IMM_2,1,7,6,18-29,Male
431,IMM_7,4,7,5,50-59,Male
431,IMM_8,1,7,5,50-59,Male
431,IMM_1,4,7,5,50-59,Male
431,IMM_9,1,7,5,50-59,Male
431,IMM_5,3,7,5,50-59,Male
431,IMM_2,0,7,5,50-59,Male
431,IMM_10,0,7,5,50-59,Male
431,IMM_4,1,7,5,50-59,Male
431,IMM_6,0,7,5,50-59,Male
431,IMM_3,0,7,5,50-59,Male
433,IMM_5,4,7,7,30-39,Female
433,IMM_10,3,7,7,30-39,Female
433,IMM_3,0,7,7,30-39,Female
433,IMM_4,3,7,7,30-39,Female
433,IMM_6,4,7,7,30-39,Female
433,IMM_9,3,7,7,30-39,Female
433,IMM_2,3,7,7,30-39,Female
433,IMM_8,3,7,7,30-39,Female
433,IMM_1,1,7,7,30-39,Female
433,IMM_7,0,7,7,30-39,Female
434,IMM_9,0,7,7,40-49,Male
434,IMM_6,1,7,7,40-49,Male
434,IMM_7,4,7,7,40-49,Male
434,IMM_10,2,7,7,40-49,Male
434,IMM_4,0,7,7,40-49,Male
434,IMM_8,3,7,7,40-49,Male
434,IMM_3,0,7,7,40-49,Male
434,IMM_2,4,7,7,40-49,Male
434,IMM_5,4,7,7,40-49,Male
434,IMM_1,4,7,7,40-49,Male
435,IMM_4,0,7,7,50-59,Male
435,IMM_3,0,7,7,50-59,Male
435,IMM_7,3,7,7,50-59,Male
435,IMM_5,4,7,7,50-59,Male
435,IMM_10,0,7,7,50-59,Male
435,IMM_1,1,7,7,50-59,Male
435,IMM_9,0,7,7,50-59,Male
435,IMM_8,2,7,7,50-59,Male
435,IMM_2,3,7,7,50-59,Male
435,IMM_6,0,7,7,50-59,Male
439,IMM_6,3,7,7,18-29,Male
439,IMM_3,1,7,7,18-29,Male
439,IMM_9,3,7,7,18-29,Male
439,IMM_10,3,7,7,18-29,Male
439,IMM_4,3,7,7,18-29,Male
439,IMM_2,3,7,7,18-29,Male
439,IMM_1,4,7,7,18-29,Male
439,IMM_8,0,7,7,18-29,Male
439,IMM_5,2,7,7,18-29,Male
439,IMM_7,3,7,7,18-29,Male
441,IMM_6,0,7,7,40-49,Male
441,IMM_1,4,7,7,40-49,Male
441,IMM_8,0,7,7,40-49,Male
441,IMM_2,4,7,7,40-49,Male
441,IMM_7,2,7,7,40-49,Male
441,IMM_10,0,7,7,40-49,Male
441,IMM_9,3,7,7,40-49,Male
441,IMM_4,0,7,7,40-49,Male
441,IMM_5,4,7,7,40-49,Male
441,IMM_3,0,7,7,40-49,Male
446,IMM_6,2,7,1,30-39,Male
446,IMM_5,0,7,1,30-39,Male
446,IMM_2,4,7,1,30-39,Male
446,IMM_7,2,7,1,30-39,Male
446,IMM_3,1,7,1,30-39,Male
446,IMM_10,2,7,1,30-39,Male
446,IMM_4,1,7,1,30-39,Male
446,IMM_1,2,7,1,30-39,Male
446,IMM_9,2,7,1,30-39,Male
446,IMM_8,2,7,1,30-39,Male
451,IMM_3,0,7,7,40-49,Male
451,IMM_1,4,7,7,40-49,Male
451,IMM_4,1,7,7,40-49,Male
451,IMM_9,2,7,7,40-49,Male
451,IMM_6,0,7,7,40-49,Male
451,IMM_10,2,7,7,40-49,Male
451,IMM_2,2,7,7,40-49,Male
451,IMM_7,4,7,7,40-49,Male
451,IMM_5,3,7,7,40-49,Male
451,IMM_8,1,7,7,40-49,Male
452,IMM_4,1,7,7,60-69,Male
452,IMM_9,0,7,7,60-69,Male
452,IMM_5,3,7,7,60-69,Male
452,IMM_8,2,7,7,60-69,Male
452,IMM_7,3,7,7,60-69,Male
452,IMM_2,3,7,7,60-69,Male
452,IMM_10,0,7,7,60-69,Male
452,IMM_3,0,7,7,60-69,Male
452,IMM_6,1,7,7,60-69,Male
452,IMM_1,3,7,7,60-69,Male
457,IMM_4,0,7,7,50-59,Male
457,IMM_5,4,7,7,50-59,Male
457,IMM_10,1,7,7,50-59,Male
457,IMM_2,3,7,7,50-59,Male
457,IMM_1,4,7,7,50-59,Male
457,IMM_6,3,7,7,50-59,Male
457,IMM_8,2,7,7,50-59,Male
457,IMM_7,4,7,7,50-59,Male
457,IMM_9,3,7,7,50-59,Male
457,IMM_3,0,7,7,50-59,Male
460,IMM_10,0,7,7,50-59,Male
460,IMM_2,0,7,7,50-59,Male
460,IMM_3,0,7,7,50-59,Male
460,IMM_1,4,7,7,50-59,Male
460,IMM_7,2,7,7,50-59,Male
460,IMM_5,1,7,7,50-59,Male
460,IMM_4,0,7,7,50-59,Male
460,IMM_6,0,7,7,50-59,Male
460,IMM_8,0,7,7,50-59,Male
460,IMM_9,0,7,7,50-59,Male
463,IMM_8,2,7,7,70-79,Male
463,IMM_4,0,7,7,70-79,Male
463,IMM_1,4,7,7,70-79,Male
463,IMM_10,2,7,7,70-79,Male
463,IMM_3,0,7,7,70-79,Male
463,IMM_2,2,7,7,70-79,Male
463,IMM_7,4,7,7,70-79,Male
463,IMM_9,1,7,7,70-79,Male
463,IMM_6,1,7,7,70-79,Male
463,IMM_5,4,7,7,70-79,Male
464,IMM_8,3,7,7,40-49,Male
464,IMM_6,1,7,7,40-49,Male
464,IMM_5,1,7,7,40-49,Male
464,IMM_7,3,7,7,40-49,Male
464,IMM_9,4,7,7,40-49,Male
464,IMM_3,0,7,7,40-49,Male
464,IMM_2,3,7,7,40-49,Male
464,IMM_10,1,7,7,40-49,Male
464,IMM_1,0,7,7,40-49,Male
464,IMM_4,1,7,7,40-49,Male
465,IMM_4,2,7,5,50-59,Male
465,IMM_1,4,7,5,50-59,Male
465,IMM_5,2,7,5,50-59,Male
465,IMM_9,2,7,5,50-59,Male
465,IMM_8,2,7,5,50-59,Male
465,IMM_6,4,7,5,50-59,Male
465,IMM_2,2,7,5,50-59,Male
465,IMM_3,0,7,5,50-59,Male
465,IMM_10,0,7,5,50-59,Male
465,IMM_7,4,7,5,50-59,Male
473,IMM_7,4,7,7,60-69,Male
473,IMM_1,4,7,7,60-69,Male
473,IMM_8,0,7,7,60-69,Male
473,IMM_10,0,7,7,60-69,Male
473,IMM_6,0,7,7,60-69,Male
473,IMM_4,0,7,7,60-69,Male
473,IMM_2,0,7,7,60-69,Male
473,IMM_3,0,7,7,60-69,Male
473,IMM_5,4,7,7,60-69,Male
473,IMM_9,1,7,7,60-69,Male
480,IMM_3,0,7,7,70-79,Male
480,IMM_1,2,7,7,70-79,Male
480,IMM_7,2,7,7,70-79,Male
480,IMM_6,3,7,7,70-79,Male
480,IMM_9,3,7,7,70-79,Male
480,IMM_4,1,7,7,70-79,Male
480,IMM_10,1,7,7,70-79,Male
480,IMM_5,3,7,7,70-79,Male
480,IMM_8,3,7,7,70-79,Male
480,IMM_2,3,7,7,70-79,Male
485,IMM_4,1,7,5,70-79,Male
485,IMM_2,3,7,5,70-79,Male
485,IMM_8,0,7,5,70-79,Male
485,IMM_9,2,7,5,70-79,Male
485,IMM_10,2,7,5,70-79,Male
485,IMM_3,0,7,5,70-79,Male
485,IMM_5,3,7,5,70-79,Male
485,IMM_6,0,7,5,70-79,Male
485,IMM_1,0,7,5,70-79,Male
485,IMM_7,3,7,5,70-79,Male
490,IMM_1,2,7,1,40-49,Male
490,IMM_9,2,7,1,40-49,Male
490,IMM_6,2,7,1,40-49,Male
490,IMM_10,1,7,1,40-49,Male
490,IMM_4,2,7,1,40-49,Male
490,IMM_8,3,7,1,40-49,Male
490,IMM_5,2,7,1,40-49,Male
490,IMM_2,2,7,1,40-49,Male
490,IMM_3,3,7,1,40-49,Male
490,IMM_7,2,7,1,40-49,Male
492,IMM_10,1,7,7,50-59,Male
492,IMM_3,0,7,7,50-59,Male
492,IMM_8,1,7,7,50-59,Male
492,IMM_4,1,7,7,50-59,Male
492,IMM_7,2,7,7,50-59,Male
492,IMM_9,4,7,7,50-59,Male
492,IMM_2,1,7,7,50-59,Male
492,IMM_1,3,7,7,50-59,Male
492,IMM_5,3,7,7,50-59,Male
492,IMM_6,3,7,7,50-59,Male
495,IMM_8,3,7,1,50-59,Male
495,IMM_2,1,7,1,50-59,Male
495,IMM_6,4,7,1,50-59,Male
495,IMM_1,1,7,1,50-59,Male
495,IMM_5,0,7,1,50-59,Male
495,IMM_9,2,7,1,50-59,Male
495,IMM_4,4,7,1,50-59,Male
495,IMM_3,4,7,1,50-59,Male
495,IMM_7,0,7,1,50-59,Male
495,IMM_10,2,7,1,50-59,Male
498,IMM_10,1,7,7,30-39,Female
498,IMM_1,3,7,7,30-39,Female
498,IMM_9,2,7,7,30-39,Female
498,IMM_6,1,7,7,30-39,Female
498,IMM_4,4,7,7,30-39,Female
498,IMM_2,1,7,7,30-39,Female
498,IMM_8,1,7,7,30-39,Female
498,IMM_5,3,7,7,30-39,Female
498,IMM_7,3,7,7,30-39,Female
498,IMM_3,0,7,7,30-39,Female
499,IMM_10,4,7,1,30-39,Female
499,IMM_1,4,7,1,30-39,Female
499,IMM_6,3,7,1,30-39,Female
499,IMM_9,3,7,1,30-39,Female
499,IMM_2,4,7,1,30-39,Female
499,IMM_8,1,7,1,30-39,Female
499,IMM_4,1,7,1,30-39,Female
499,IMM_3,1,7,1,30-39,Female
499,IMM_7,4,7,1,30-39,Female
499,IMM_5,2,7,1,30-39,Female
523,IMM_7,0,7,7,18-29,Male
523,IMM_4,4,7,7,18-29,Male
523,IMM_9,4,7,7,18-29,Male
523,IMM_3,4,7,7,18-29,Male
523,IMM_8,4,7,7,18-29,Male
523,IMM_10,4,7,7,18-29,Male
523,IMM_6,4,7,7,18-29,Male
523,IMM_1,0,7,7,18-29,Male
523,IMM_5,4,7,7,18-29,Male
523,IMM_2,4,7,7,18-29,Male
544,IMM_1,3,7,3,30-39,Female
544,IMM_10,2,7,3,30-39,Female
544,IMM_5,2,7,3,30-39,Female
544,IMM_6,1,7,3,30-39,Female
544,IMM_3,4,7,3,30-39,Female
544,IMM_8,3,7,3,30-39,Female
544,IMM_9,2,7,3,30-39,Female
544,IMM_4,2,7,3,30-39,Female
544,IMM_7,2,7,3,30-39,Female
544,IMM_2,2,7,3,30-39,Female
548,IMM_1,0,7,7,50-59,Female
548,IMM_9,1,7,7,50-59,Female
548,IMM_3,0,7,7,50-59,Female
548,IMM_4,0,7,7,50-59,Female
548,IMM_5,3,7,7,50-59,Female
548,IMM_7,1,7,7,50-59,Female
548,IMM_6,0,7,7,50-59,Female
548,IMM_10,0,7,7,50-59,Female
548,IMM_8,0,7,7,50-59,Female
548,IMM_2,3,7,7,50-59,Female
567,IMM_8,3,7,1,18-29,Female
567,IMM_6,3,7,1,18-29,Female
567,IMM_9,2,7,1,18-29,Female
567,IMM_2,4,7,1,18-29,Female
567,IMM_4,3,7,1,18-29,Female
567,IMM_3,3,7,1,18-29,Female
567,IMM_7,2,7,1,18-29,Female
567,IMM_1,0,7,1,18-29,Female
567,IMM_10,3,7,1,18-29,Female
567,IMM_5,4,7,1,18-29,Female
574,IMM_10,3,7,7,60-69,Female
574,IMM_3,0,7,7,60-69,Female
574,IMM_7,1,7,7,60-69,Female
574,IMM_6,3,7,7,60-69,Female
574,IMM_4,1,7,7,60-69,Female
574,IMM_2,3,7,7,60-69,Female
574,IMM_1,4,7,7,60-69,Female
574,IMM_9,2,7,7,60-69,Female
574,IMM_5,3,7,7,60-69,Female
574,IMM_8,3,7,7,60-69,Female
582,IMM_7,2,7,7,60-69,Male
582,IMM_8,4,7,7,60-69,Male
582,IMM_1,2,7,7,60-69,Male
582,IMM_9,3,7,7,60-69,Male
582,IMM_10,3,7,7,60-69,Male
582,IMM_5,3,7,7,60-69,Male
582,IMM_6,4,7,7,60-69,Male
582,IMM_3,0,7,7,60-69,Male
582,IMM_4,3,7,7,60-69,Male
582,IMM_2,2,7,7,60-69,Male
585,IMM_8,2,7,7,40-49,Female
585,IMM_4,1,7,7,40-49,Female
585,IMM_7,2,7,7,40-49,Female
585,IMM_9,2,7,7,40-49,Female
585,IMM_10,1,7,7,40-49,Female
585,IMM_6,1,7,7,40-49,Female
585,IMM_5,2,7,7,40-49,Female
585,IMM_2,2,7,7,40-49,Female
585,IMM_3,2,7,7,40-49,Female
585,IMM_1,4,7,7,40-49,Female
586,IMM_5,2,7,1,40-49,Male
586,IMM_6,3,7,1,40-49,Male
586,IMM_1,3,7,1,40-49,Male
586,IMM_7,2,7,1,40-49,Male
586,IMM_2,1,7,1,40-49,Male
586,IMM_3,3,7,1,40-49,Male
586,IMM_9,1,7,1,40-49,Male
586,IMM_4,1,7,1,40-49,Male
586,IMM_10,3,7,1,40-49,Male
586,IMM_8,3,7,1,40-49,Male
608,IMM_6,2,7,7,30-39,Male
608,IMM_9,0,7,7,30-39,Male
608,IMM_8,4,7,7,30-39,Male
608,IMM_10,1,7,7,30-39,Male
608,IMM_7,1,7,7,30-39,Male
608,IMM_5,1,7,7,30-39,Male
608,IMM_4,2,7,7,30-39,Male
608,IMM_2,2,7,7,30-39,Male
608,IMM_1,4,7,7,30-39,Male
608,IMM_3,0,7,7,30-39,Male
629,IMM_3,0,7,7,50-59,Male
629,IMM_5,3,7,7,50-59,Male
629,IMM_9,3,7,7,50-59,Male
629,IMM_1,3,7,7,50-59,Male
629,IMM_10,1,7,7,50-59,Male
629,IMM_7,2,7,7,50-59,Male
629,IMM_8,1,7,7,50-59,Male
629,IMM_6,3,7,7,50-59,Male
629,IMM_2,2,7,7,50-59,Male
629,IMM_4,0,7,7,50-59,Male
631,IMM_5,2,7,7,50-59,Female
631,IMM_2,3,7,7,50-59,Female
631,IMM_8,3,7,7,50-59,Female
631,IMM_3,0,7,7,50-59,Female
631,IMM_6,2,7,7,50-59,Female
631,IMM_10,3,7,7,50-59,Female
631,IMM_9,2,7,7,50-59,Female
631,IMM_1,2,7,7,50-59,Female
631,IMM_4,2,7,7,50-59,Female
631,IMM_7,3,7,7,50-59,Female
645,IMM_1,4,7,7,50-59,Female
645,IMM_10,2,7,7,50-59,Female
645,IMM_7,4,7,7,50-59,Female
645,IMM_9,2,7,7,50-59,Female
645,IMM_6,3,7,7,50-59,Female
645,IMM_5,3,7,7,50-59,Female
645,IMM_2,4,7,7,50-59,Female
645,IMM_3,0,7,7,50-59,Female
645,IMM_4,3,7,7,50-59,Female
645,IMM_8,1,7,7,50-59,Female
657,IMM_3,0,7,7,80+,Female
657,IMM_1,1,7,7,80+,Female
657,IMM_4,0,7,7,80+,Female
657,IMM_7,2,7,7,80+,Female
657,IMM_10,2,7,7,80+,Female
657,IMM_8,3,7,7,80+,Female
657,IMM_5,4,7,7,80+,Female
657,IMM_9,3,7,7,80+,Female
657,IMM_6,3,7,7,80+,Female
657,IMM_2,3,7,7,80+,Female
660,IMM_7,2,7,7,60-69,Female
660,IMM_6,1,7,7,60-69,Female
660,IMM_5,3,7,7,60-69,Female
660,IMM_1,3,7,7,60-69,Female
660,IMM_2,2,7,7,60-69,Female
660,IMM_3,1,7,7,60-69,Female
660,IMM_4,2,7,7,60-69,Female
660,IMM_9,1,7,7,60-69,Female
660,IMM_8,1,7,7,60-69,Female
660,IMM_10,1,7,7,60-69,Female
664,IMM_6,3,7,2,18-29,Female
664,IMM_10,3,7,2,18-29,Female
664,IMM_8,3,7,2,18-29,Female
664,IMM_9,3,7,2,18-29,Female
664,IMM_3,3,7,2,18-29,Female
664,IMM_4,1,7,2,18-29,Female
664,IMM_5,0,7,2,18-29,Female
664,IMM_1,2,7,2,18-29,Female
664,IMM_7,2,7,2,18-29,Female
664,IMM_2,3,7,2,18-29,Female
675,IMM_8,3,7,7,30-39,Male
675,IMM_6,3,7,7,30-39,Male
675,IMM_5,0,7,7,30-39,Male
675,IMM_10,1,7,7,30-39,Male
675,IMM_7,3,7,7,30-39,Male
675,IMM_2,3,7,7,30-39,Male
675,IMM_3,0,7,7,30-39,Male
675,IMM_4,1,7,7,30-39,Male
675,IMM_9,1,7,7,30-39,Male
675,IMM_1,3,7,7,30-39,Male
683,IMM_1,2,7,7,60-69,Female
683,IMM_2,3,7,7,60-69,Female
683,IMM_7,1,7,7,60-69,Female
683,IMM_6,3,7,7,60-69,Female
683,IMM_9,4,7,7,60-69,Female
683,IMM_10,3,7,7,60-69,Female
683,IMM_8,3,7,7,60-69,Female
683,IMM_4,3,7,7,60-69,Female
683,IMM_3,2,7,7,60-69,Female
683,IMM_5,2,7,7,60-69,Female
684,IMM_7,2,7,7,60-69,Female
684,IMM_1,3,7,7,60-69,Female
684,IMM_2,2,7,7,60-69,Female
684,IMM_10,2,7,7,60-69,Female
684,IMM_4,0,7,7,60-69,Female
684,IMM_5,1,7,7,60-69,Female
684,IMM_6,1,7,7,60-69,Female
684,IMM_3,0,7,7,60-69,Female
684,IMM_9,2,7,7,60-69,Female
684,IMM_8,4,7,7,60-69,Female
686,IMM_4,1,7,7,30-39,Female
686,IMM_6,2,7,7,30-39,Female
686,IMM_8,1,7,7,30-39,Female
686,IMM_1,4,7,7,30-39,Female
686,IMM_3,1,7,7,30-39,Female
686,IMM_5,2,7,7,30-39,Female
686,IMM_2,1,7,7,30-39,Female
686,IMM_10,2,7,7,30-39,Female
686,IMM_7,2,7,7,30-39,Female
686,IMM_9,2,7,7,30-39,Female
691,IMM_3,0,7,7,70-79,Female
691,IMM_2,1,7,7,70-79,Female
691,IMM_1,4,7,7,70-79,Female
691,IMM_5,4,7,7,70-79,Female
691,IMM_6,0,7,7,70-79,Female
691,IMM_9,0,7,7,70-79,Female
691,IMM_4,2,7,7,70-79,Female
691,IMM_10,0,7,7,70-79,Female
691,IMM_8,1,7,7,70-79,Female
691,IMM_7,4,7,7,70-79,Female
695,IMM_8,0,7,5,70-79,Male
695,IMM_5,4,7,5,70-79,Male
695,IMM_1,4,7,5,70-79,Male
695,IMM_6,0,7,5,70-79,Male
695,IMM_7,2,7,5,70-79,Male
695,IMM_2,1,7,5,70-79,Male
695,IMM_9,0,7,5,70-79,Male
695,IMM_4,4,7,5,70-79,Male
695,IMM_3,0,7,5,70-79,Male
695,IMM_10,0,7,5,70-79,Male
697,IMM_3,0,7,7,40-49,Female
697,IMM_10,0,7,7,40-49,Female
697,IMM_7,4,7,7,40-49,Female
697,IMM_6,1,7,7,40-49,Female
697,IMM_8,1,7,7,40-49,Female
697,IMM_2,3,7,7,40-49,Female
697,IMM_4,0,7,7,40-49,Female
697,IMM_1,4,7,7,40-49,Female
697,IMM_5,4,7,7,40-49,Female
697,IMM_9,4,7,7,40-49,Female
716,IMM_6,2,7,7,50-59,Female
716,IMM_8,3,7,7,50-59,Female
716,IMM_9,0,7,7,50-59,Female
716,IMM_1,4,7,7,50-59,Female
716,IMM_5,0,7,7,50-59,Female
716,IMM_2,0,7,7,50-59,Female
716,IMM_7,3,7,7,50-59,Female
716,IMM_4,0,7,7,50-59,Female
716,IMM_3,0,7,7,50-59,Female
716,IMM_10,0,7,7,50-59,Female
718,IMM_7,2,7,7,50-59,Male
718,IMM_10,1,7,7,50-59,Male
718,IMM_8,3,7,7,50-59,Male
718,IMM_6,1,7,7,50-59,Male
718,IMM_4,0,7,7,50-59,Male
718,IMM_9,1,7,7,50-59,Male
718,IMM_5,3,7,7,50-59,Male
718,IMM_1,4,7,7,50-59,Male
718,IMM_3,0,7,7,50-59,Male
718,IMM_2,3,7,7,50-59,Male
728,IMM_10,0,7,7,50-59,Female
728,IMM_6,2,7,7,50-59,Female
728,IMM_3,0,7,7,50-59,Female
728,IMM_7,2,7,7,50-59,Female
728,IMM_4,1,7,7,50-59,Female
728,IMM_5,3,7,7,50-59,Female
728,IMM_1,2,7,7,50-59,Female
728,IMM_9,2,7,7,50-59,Female
728,IMM_8,1,7,7,50-59,Female
728,IMM_2,3,7,7,50-59,Female
736,IMM_4,1,7,7,60-69,Female
736,IMM_6,3,7,7,60-69,Female
736,IMM_7,2,7,7,60-69,Female
736,IMM_10,2,7,7,60-69,Female
736,IMM_9,2,7,7,60-69,Female
736,IMM_2,3,7,7,60-69,Female
736,IMM_5,4,7,7,60-69,Female
736,IMM_8,2,7,7,60-69,Female
736,IMM_1,4,7,7,60-69,Female
736,IMM_3,1,7,7,60-69,Female
742,IMM_6,2,7,7,50-59,Female
742,IMM_1,4,7,7,50-59,Female
742,IMM_5,3,7,7,50-59,Female
742,IMM_8,0,7,7,50-59,Female
742,IMM_7,2,7,7,50-59,Female
742,IMM_4,3,7,7,50-59,Female
742,IMM_10,1,7,7,50-59,Female
742,IMM_2,0,7,7,50-59,Female
742,IMM_9,3,7,7,50-59,Female
742,IMM_3,1,7,7,50-59,Female
746,IMM_5,3,7,6,60-69,Female
746,IMM_6,2,7,6,60-69,Female
746,IMM_8,0,7,6,60-69,Female
746,IMM_9,2,7,6,60-69,Female
746,IMM_2,1,7,6,60-69,Female
746,IMM_7,3,7,6,60-69,Female
746,IMM_1,4,7,6,60-69,Female
746,IMM_3,0,7,6,60-69,Female
746,IMM_10,1,7,6,60-69,Female
746,IMM_4,0,7,6,60-69,Female
753,IMM_9,4,7,7,50-59,Male
753,IMM_5,4,7,7,50-59,Male
753,IMM_10,2,7,7,50-59,Male
753,IMM_4,3,7,7,50-59,Male
753,IMM_1,4,7,7,50-59,Male
753,IMM_3,0,7,7,50-59,Male
753,IMM_6,3,7,7,50-59,Male
753,IMM_8,3,7,7,50-59,Male
753,IMM_7,3,7,7,50-59,Male
753,IMM_2,2,7,7,50-59,Male
756,IMM_5,2,7,7,50-59,Female
756,IMM_8,3,7,7,50-59,Female
756,IMM_9,2,7,7,50-59,Female
756,IMM_10,2,7,7,50-59,Female
756,IMM_6,3,7,7,50-59,Female
756,IMM_3,2,7,7,50-59,Female
756,IMM_7,0,7,7,50-59,Female
756,IMM_2,4,7,7,50-59,Female
756,IMM_4,2,7,7,50-59,Female
756,IMM_1,1,7,7,50-59,Female
757,IMM_4,2,7,7,50-59,Female
757,IMM_7,3,7,7,50-59,Female
757,IMM_3,0,7,7,50-59,Female
757,IMM_6,3,7,7,50-59,Female
757,IMM_5,2,7,7,50-59,Female
757,IMM_1,4,7,7,50-59,Female
757,IMM_8,0,7,7,50-59,Female
757,IMM_2,3,7,7,50-59,Female
757,IMM_9,2,7,7,50-59,Female
757,IMM_10,2,7,7,50-59,Female
764,IMM_10,0,7,7,70-79,Female
764,IMM_1,3,7,7,70-79,Female
764,IMM_4,0,7,7,70-79,Female
764,IMM_8,1,7,7,70-79,Female
764,IMM_2,1,7,7,70-79,Female
764,IMM_6,1,7,7,70-79,Female
764,IMM_9,3,7,7,70-79,Female
764,IMM_5,3,7,7,70-79,Female
764,IMM_7,2,7,7,70-79,Female
764,IMM_3,0,7,7,70-79,Female
765,IMM_7,4,7,5,60-69,Male
765,IMM_6,3,7,5,60-69,Male
765,IMM_8,1,7,5,60-69,Male
765,IMM_3,0,7,5,60-69,Male
765,IMM_10,3,7,5,60-69,Male
765,IMM_2,3,7,5,60-69,Male
765,IMM_5,4,7,5,60-69,Male
765,IMM_1,4,7,5,60-69,Male
765,IMM_4,0,7,5,60-69,Male
765,IMM_9,3,7,5,60-69,Male
768,IMM_9,0,7,5,60-69,Male
768,IMM_2,0,7,5,60-69,Male
768,IMM_6,0,7,5,60-69,Male
768,IMM_5,4,7,5,60-69,Male
768,IMM_3,0,7,5,60-69,Male
768,IMM_4,0,7,5,60-69,Male
768,IMM_8,0,7,5,60-69,Male
768,IMM_7,4,7,5,60-69,Male
768,IMM_1,4,7,5,60-69,Male
768,IMM_10,0,7,5,60-69,Male
780,IMM_3,0,7,6,70-79,Male
780,IMM_8,1,7,6,70-79,Male
780,IMM_7,1,7,6,70-79,Male
780,IMM_6,1,7,6,70-79,Male
780,IMM_10,1,7,6,70-79,Male
780,IMM_5,4,7,6,70-79,Male
780,IMM_4,3,7,6,70-79,Male
780,IMM_2,4,7,6,70-79,Male
780,IMM_9,1,7,6,70-79,Male
780,IMM_1,3,7,6,70-79,Male
785,IMM_8,1,7,7,60-69,Male
785,IMM_5,3,7,7,60-69,Male
785,IMM_4,0,7,7,60-69,Male
785,IMM_10,0,7,7,60-69,Male
785,IMM_1,4,7,7,60-69,Male
785,IMM_3,0,7,7,60-69,Male
785,IMM_6,0,7,7,60-69,Male
785,IMM_7,3,7,7,60-69,Male
785,IMM_9,0,7,7,60-69,Male
785,IMM_2,3,7,7,60-69,Male
793,IMM_2,0,7,7,50-59,Male
793,IMM_3,0,7,7,50-59,Male
793,IMM_6,4,7,7,50-59,Male
793,IMM_9,0,7,7,50-59,Male
793,IMM_4,3,7,7,50-59,Male
793,IMM_8,0,7,7,50-59,Male
793,IMM_1,4,7,7,50-59,Male
793,IMM_7,4,7,7,50-59,Male
793,IMM_10,0,7,7,50-59,Male
793,IMM_5,4,7,7,50-59,Male
795,IMM_3,0,7,7,40-49,Female
795,IMM_10,0,7,7,40-49,Female
795,IMM_9,2,7,7,40-49,Female
795,IMM_2,1,7,7,40-49,Female
795,IMM_6,3,7,7,40-49,Female
795,IMM_4,3,7,7,40-49,Female
795,IMM_1,4,7,7,40-49,Female
795,IMM_7,2,7,7,40-49,Female
795,IMM_8,0,7,7,40-49,Female
795,IMM_5,4,7,7,40-49,Female
801,IMM_10,2,7,5,50-59,Female
801,IMM_8,3,7,5,50-59,Female
801,IMM_5,3,7,5,50-59,Female
801,IMM_2,2,7,5,50-59,Female
801,IMM_3,2,7,5,50-59,Female
801,IMM_4,2,7,5,50-59,Female
801,IMM_6,2,7,5,50-59,Female
801,IMM_7,0,7,5,50-59,Female
801,IMM_9,2,7,5,50-59,Female
801,IMM_1,1,7,5,50-59,Female
803,IMM_7,4,7,7,60-69,Male
803,IMM_5,4,7,7,60-69,Male
803,IMM_2,0,7,7,60-69,Male
803,IMM_8,4,7,7,60-69,Male
803,IMM_1,4,7,7,60-69,Male
803,IMM_6,1,7,7,60-69,Male
803,IMM_3,4,7,7,60-69,Male
803,IMM_9,2,7,7,60-69,Male
803,IMM_10,0,7,7,60-69,Male
803,IMM_4,1,7,7,60-69,Male
809,IMM_8,1,7,7,60-69,Female
809,IMM_3,0,7,7,60-69,Female
809,IMM_10,2,7,7,60-69,Female
809,IMM_1,3,7,7,60-69,Female
809,IMM_7,2,7,7,60-69,Female
809,IMM_5,3,7,7,60-69,Female
809,IMM_4,0,7,7,60-69,Female
809,IMM_6,4,7,7,60-69,Female
809,IMM_2,3,7,7,60-69,Female
809,IMM_9,4,7,7,60-69,Female
817,IMM_1,4,7,7,60-69,Female
817,IMM_10,2,7,7,60-69,Female
817,IMM_8,0,7,7,60-69,Female
817,IMM_3,0,7,7,60-69,Female
817,IMM_7,4,7,7,60-69,Female
817,IMM_6,0,7,7,60-69,Female
817,IMM_5,4,7,7,60-69,Female
817,IMM_9,1,7,7,60-69,Female
817,IMM_2,3,7,7,60-69,Female
817,IMM_4,4,7,7,60-69,Female
818,IMM_8,4,7,7,70-79,Male
818,IMM_6,3,7,7,70-79,Male
818,IMM_3,0,7,7,70-79,Male
818,IMM_2,3,7,7,70-79,Male
818,IMM_10,0,7,7,70-79,Male
818,IMM_9,0,7,7,70-79,Male
818,IMM_7,3,7,7,70-79,Male
818,IMM_4,3,7,7,70-79,Male
818,IMM_1,4,7,7,70-79,Male
818,IMM_5,3,7,7,70-79,Male
819,IMM_4,1,7,6,50-59,Female
819,IMM_2,3,7,6,50-59,Female
819,IMM_10,0,7,6,50-59,Female
819,IMM_6,2,7,6,50-59,Female
819,IMM_3,0,7,6,50-59,Female
819,IMM_8,1,7,6,50-59,Female
819,IMM_7,2,7,6,50-59,Female
819,IMM_5,2,7,6,50-59,Female
819,IMM_9,2,7,6,50-59,Female
819,IMM_1,3,7,6,50-59,Female
832,IMM_3,0,7,7,50-59,Female
832,IMM_2,1,7,7,50-59,Female
832,IMM_8,0,7,7,50-59,Female
832,IMM_4,0,7,7,50-59,Female
832,IMM_5,4,7,7,50-59,Female
832,IMM_7,2,7,7,50-59,Female
832,IMM_10,0,7,7,50-59,Female
832,IMM_9,1,7,7,50-59,Female
832,IMM_1,3,7,7,50-59,Female
832,IMM_6,0,7,7,50-59,Female
840,IMM_7,2,7,7,60-69,Female
840,IMM_9,4,7,7,60-69,Female
840,IMM_8,3,7,7,60-69,Female
840,IMM_4,0,7,7,60-69,Female
840,IMM_6,1,7,7,60-69,Female
840,IMM_1,3,7,7,60-69,Female
840,IMM_2,3,7,7,60-69,Female
840,IMM_10,2,7,7,60-69,Female
840,IMM_5,4,7,7,60-69,Female
840,IMM_3,0,7,7,60-69,Female
842,IMM_8,0,7,7,60-69,Male
842,IMM_5,4,7,7,60-69,Male
842,IMM_7,4,7,7,60-69,Male
842,IMM_3,0,7,7,60-69,Male
842,IMM_1,4,7,7,60-69,Male
842,IMM_10,3,7,7,60-69,Male
842,IMM_6,4,7,7,60-69,Male
842,IMM_4,3,7,7,60-69,Male
842,IMM_9,4,7,7,60-69,Male
842,IMM_2,0,7,7,60-69,Male
855,IMM_8,3,7,7,70-79,Female
855,IMM_4,1,7,7,70-79,Female
855,IMM_1,4,7,7,70-79,Female
855,IMM_5,3,7,7,70-79,Female
855,IMM_6,4,7,7,70-79,Female
855,IMM_2,0,7,7,70-79,Female
855,IMM_3,0,7,7,70-79,Female
855,IMM_10,1,7,7,70-79,Female
855,IMM_7,3,7,7,70-79,Female
855,IMM_9,3,7,7,70-79,Female
856,IMM_8,3,7,7,50-59,Female
856,IMM_1,4,7,7,50-59,Female
856,IMM_9,0,7,7,50-59,Female
856,IMM_6,0,7,7,50-59,Female
856,IMM_4,4,7,7,50-59,Female
856,IMM_5,4,7,7,50-59,Female
856,IMM_3,0,7,7,50-59,Female
856,IMM_2,0,7,7,50-59,Female
856,IMM_10,0,7,7,50-59,Female
856,IMM_7,4,7,7,50-59,Female
862,IMM_10,0,7,7,50-59,Female
862,IMM_3,0,7,7,50-59,Female
862,IMM_2,0,7,7,50-59,Female
862,IMM_8,0,7,7,50-59,Female
862,IMM_7,4,7,7,50-59,Female
862,IMM_9,0,7,7,50-59,Female
862,IMM_1,4,7,7,50-59,Female
862,IMM_6,0,7,7,50-59,Female
862,IMM_5,4,7,7,50-59,Female
862,IMM_4,0,7,7,50-59,Female
877,IMM_1,4,7,7,50-59,Female
877,IMM_5,4,7,7,50-59,Female
877,IMM_3,0,7,7,50-59,Female
877,IMM_2,0,7,7,50-59,Female
877,IMM_7,3,7,7,50-59,Female
877,IMM_6,0,7,7,50-59,Female
877,IMM_4,0,7,7,50-59,Female
877,IMM_10,1,7,7,50-59,Female
877,IMM_9,1,7,7,50-59,Female
877,IMM_8,0,7,7,50-59,Female
880,IMM_3,0,7,5,50-59,Male
880,IMM_4,0,7,5,50-59,Male
880,IMM_8,2,7,5,50-59,Male
880,IMM_1,4,7,5,50-59,Male
880,IMM_10,2,7,5,50-59,Male
880,IMM_6,0,7,5,50-59,Male
880,IMM_2,2,7,5,50-59,Male
880,IMM_7,3,7,5,50-59,Male
880,IMM_9,0,7,5,50-59,Male
880,IMM_5,4,7,5,50-59,Male
882,IMM_2,2,7,2,50-59,Female
882,IMM_1,4,7,2,50-59,Female
882,IMM_3,0,7,2,50-59,Female
882,IMM_5,4,7,2,50-59,Female
882,IMM_8,4,7,2,50-59,Female
882,IMM_9,2,7,2,50-59,Female
882,IMM_4,0,7,2,50-59,Female
882,IMM_10,0,7,2,50-59,Female
882,IMM_7,3,7,2,50-59,Female
882,IMM_6,0,7,2,50-59,Female
887,IMM_6,2,7,7,60-69,Female
887,IMM_10,2,7,7,60-69,Female
887,IMM_8,0,7,7,60-69,Female
887,IMM_4,0,7,7,60-69,Female
887,IMM_3,0,7,7,60-69,Female
887,IMM_5,4,7,7,60-69,Female
887,IMM_9,3,7,7,60-69,Female
887,IMM_1,4,7,7,60-69,Female
887,IMM_2,1,7,7,60-69,Female
887,IMM_7,4,7,7,60-69,Female
901,IMM_6,1,7,7,60-69,Female
901,IMM_2,3,7,7,60-69,Female
901,IMM_5,3,7,7,60-69,Female
901,IMM_8,0,7,7,60-69,Female
901,IMM_10,1,7,7,60-69,Female
901,IMM_1,4,7,7,60-69,Female
901,IMM_9,1,7,7,60-69,Female
901,IMM_4,1,7,7,60-69,Female
901,IMM_3,0,7,7,60-69,Female
901,IMM_7,2,7,7,60-69,Female
902,IMM_8,0,7,7,40-49,Male
902,IMM_1,4,7,7,40-49,Male
902,IMM_3,0,7,7,40-49,Male
902,IMM_4,1,7,7,40-49,Male
902,IMM_6,4,7,7,40-49,Male
902,IMM_5,3,7,7,40-49,Male
902,IMM_7,2,7,7,40-49,Male
902,IMM_2,3,7,7,40-49,Male
902,IMM_9,3,7,7,40-49,Male
902,IMM_10,1,7,7,40-49,Male
911,IMM_4,0,7,7,50-59,Female
911,IMM_3,0,7,7,50-59,Female
911,IMM_7,4,7,7,50-59,Female
911,IMM_2,0,7,7,50-59,Female
911,IMM_9,0,7,7,50-59,Female
911,IMM_1,4,7,7,50-59,Female
911,IMM_10,2,7,7,50-59,Female
911,IMM_8,0,7,7,50-59,Female
911,IMM_5,2,7,7,50-59,Female
911,IMM_6,0,7,7,50-59,Female
917,IMM_2,0,7,3,40-49,Female
917,IMM_7,4,7,3,40-49,Female
917,IMM_8,2,7,3,40-49,Female
917,IMM_10,0,7,3,40-49,Female
917,IMM_5,2,7,3,40-49,Female
917,IMM_3,0,7,3,40-49,Female
917,IMM_4,0,7,3,40-49,Female
917,IMM_6,3,7,3,40-49,Female
917,IMM_9,0,7,3,40-49,Female
917,IMM_1,4,7,3,40-49,Female
918,IMM_2,0,7,7,60-69,Male
918,IMM_7,2,7,7,60-69,Male
918,IMM_1,4,7,7,60-69,Male
918,IMM_5,1,7,7,60-69,Male
918,IMM_8,0,7,7,60-69,Male
918,IMM_10,1,7,7,60-69,Male
918,IMM_6,2,7,7,60-69,Male
918,IMM_3,0,7,7,60-69,Male
918,IMM_4,0,7,7,60-69,Male
918,IMM_9,2,7,7,60-69,Male
921,IMM_8,2,7,7,50-59,Female
921,IMM_4,2,7,7,50-59,Female
921,IMM_7,3,7,7,50-59,Female
921,IMM_6,2,7,7,50-59,Female
921,IMM_5,4,7,7,50-59,Female
921,IMM_3,0,7,7,50-59,Female
921,IMM_1,2,7,7,50-59,Female
921,IMM_2,3,7,7,50-59,Female
921,IMM_10,2,7,7,50-59,Female
921,IMM_9,2,7,7,50-59,Female
943,IMM_6,4,7,7,50-59,Female
943,IMM_8,3,7,7,50-59,Female
943,IMM_4,4,7,7,50-59,Female
943,IMM_7,1,7,7,50-59,Female
943,IMM_9,3,7,7,50-59,Female
943,IMM_10,1,7,7,50-59,Female
943,IMM_5,2,7,7,50-59,Female
943,IMM_3,0,7,7,50-59,Female
943,IMM_2,3,7,7,50-59,Female
943,IMM_1,4,7,7,50-59,Female
944,IMM_9,1,7,7,30-39,Female
944,IMM_4,1,7,7,30-39,Female
944,IMM_1,1,7,7,30-39,Female
944,IMM_10,2,7,7,30-39,Female
944,IMM_3,3,7,7,30-39,Female
944,IMM_2,2,7,7,30-39,Female
944,IMM_6,3,7,7,30-39,Female
944,IMM_8,3,7,7,30-39,Female
944,IMM_5,1,7,7,30-39,Female
944,IMM_7,3,7,7,30-39,Female
945,IMM_1,4,7,7,40-49,Female
945,IMM_2,4,7,7,40-49,Female
945,IMM_10,0,7,7,40-49,Female
945,IMM_3,0,7,7,40-49,Female
945,IMM_6,0,7,7,40-49,Female
945,IMM_9,0,7,7,40-49,Female
945,IMM_5,2,7,7,40-49,Female
945,IMM_7,2,7,7,40-49,Female
945,IMM_8,4,7,7,40-49,Female
945,IMM_4,2,7,7,40-49,Female
954,IMM_6,1,7,7,50-59,Female
954,IMM_10,1,7,7,50-59,Female
954,IMM_9,1,7,7,50-59,Female
954,IMM_5,4,7,7,50-59,Female
954,IMM_1,3,7,7,50-59,Female
954,IMM_4,0,7,7,50-59,Female
954,IMM_7,2,7,7,50-59,Female
954,IMM_8,2,7,7,50-59,Female
954,IMM_3,0,7,7,50-59,Female
954,IMM_2,3,7,7,50-59,Female
967,IMM_2,4,7,7,70-79,Male
967,IMM_7,4,7,7,70-79,Male
967,IMM_3,0,7,7,70-79,Male
967,IMM_10,0,7,7,70-79,Male
967,IMM_5,4,7,7,70-79,Male
967,IMM_4,4,7,7,70-79,Male
967,IMM_9,1,7,7,70-79,Male
967,IMM_6,4,7,7,70-79,Male
967,IMM_8,4,7,7,70-79,Male
967,IMM_1,2,7,7,70-79,Male
976,IMM_7,4,7,7,60-69,Male
976,IMM_6,0,7,7,60-69,Male
976,IMM_1,4,7,7,60-69,Male
976,IMM_8,0,7,7,60-69,Male
976,IMM_5,3,7,7,60-69,Male
976,IMM_4,0,7,7,60-69,Male
976,IMM_3,0,7,7,60-69,Male
976,IMM_9,1,7,7,60-69,Male
976,IMM_2,3,7,7,60-69,Male
976,IMM_10,2,7,7,60-69,Male
987,IMM_1,4,7,7,40-49,Female
987,IMM_10,0,7,7,40-49,Female
987,IMM_2,1,7,7,40-49,Female
987,IMM_5,2,7,7,40-49,Female
987,IMM_4,0,7,7,40-49,Female
987,IMM_8,1,7,7,40-49,Female
987,IMM_9,2,7,7,40-49,Female
987,IMM_3,2,7,7,40-49,Female
987,IMM_7,2,7,7,40-49,Female
987,IMM_6,0,7,7,40-49,Female
988,IMM_9,2,7,1,40-49,Female
988,IMM_1,0,7,1,40-49,Female
988,IMM_10,4,7,1,40-49,Female
988,IMM_4,4,7,1,40-49,Female
988,IMM_3,4,7,1,40-49,Female
988,IMM_5,0,7,1,40-49,Female
988,IMM_8,4,7,1,40-49,Female
988,IMM_6,3,7,1,40-49,Female
988,IMM_7,1,7,1,40-49,Female
988,IMM_2,4,7,1,40-49,Female
996,IMM_7,2,7,7,80+,Female
996,IMM_5,4,7,7,80+,Female
996,IMM_1,2,7,7,80+,Female
996,IMM_3,0,7,7,80+,Female
996,IMM_6,1,7,7,80+,Female
996,IMM_10,0,7,7,80+,Female
996,IMM_2,3,7,7,80+,Female
996,IMM_8,1,7,7,80+,Female
996,IMM_4,1,7,7,80+,Female
996,IMM_9,3,7,7,80+,Female
1000,IMM_5,2,7,7,50-59,Female
1000,IMM_8,3,7,7,50-59,Female
1000,IMM_10,0,7,7,50-59,Female
1000,IMM_2,1,7,7,50-59,Female
1000,IMM_9,2,7,7,50-59,Female
1000,IMM_4,2,7,7,50-59,Female
1000,IMM_7,2,7,7,50-59,Female
1000,IMM_1,1,7,7,50-59,Female
1000,IMM_6,0,7,7,50-59,Female
1000,IMM_3,0,7,7,50-59,Female
1010,IMM_6,0,7,6,60-69,Female
1010,IMM_3,0,7,6,60-69,Female
1010,IMM_10,2,7,6,60-69,Female
1010,IMM_8,4,7,6,60-69,Female
1010,IMM_9,1,7,6,60-69,Female
1010,IMM_2,1,7,6,60-69,Female
1010,IMM_5,2,7,6,60-69,Female
1010,IMM_4,0,7,6,60-69,Female
1010,IMM_1,4,7,6,60-69,Female
1010,IMM_7,4,7,6,60-69,Female
1013,IMM_10,4,7,1,30-39,Male
1013,IMM_9,3,7,1,30-39,Male
1013,IMM_2,4,7,1,30-39,Male
1013,IMM_3,0,7,1,30-39,Male
1013,IMM_8,4,7,1,30-39,Male
1013,IMM_6,3,7,1,30-39,Male
1013,IMM_5,3,7,1,30-39,Male
1013,IMM_7,3,7,1,30-39,Male
1013,IMM_1,1,7,1,30-39,Male
1013,IMM_4,1,7,1,30-39,Male
1027,IMM_4,3,7,1,30-39,Male
1027,IMM_3,3,7,1,30-39,Male
1027,IMM_2,4,7,1,30-39,Male
1027,IMM_5,3,7,1,30-39,Male
1027,IMM_1,1,7,1,30-39,Male
1027,IMM_7,2,7,1,30-39,Male
1027,IMM_10,3,7,1,30-39,Male
1027,IMM_9,3,7,1,30-39,Male
1027,IMM_6,3,7,1,30-39,Male
1027,IMM_8,3,7,1,30-39,Male
1040,IMM_10,0,7,7,30-39,Male
1040,IMM_5,3,7,7,30-39,Male
1040,IMM_8,2,7,7,30-39,Male
1040,IMM_4,0,7,7,30-39,Male
1040,IMM_9,2,7,7,30-39,Male
1040,IMM_7,4,7,7,30-39,Male
1040,IMM_6,1,7,7,30-39,Male
1040,IMM_1,3,7,7,30-39,Male
1040,IMM_2,0,7,7,30-39,Male
1040,IMM_3,0,7,7,30-39,Male
1051,IMM_6,4,7,2,70-79,Female
1051,IMM_1,4,7,2,70-79,Female
1051,IMM_4,1,7,2,70-79,Female
1051,IMM_2,1,7,2,70-79,Female
1051,IMM_8,0,7,2,70-79,Female
1051,IMM_7,4,7,2,70-79,Female
1051,IMM_10,2,7,2,70-79,Female
1051,IMM_9,2,7,2,70-79,Female
1051,IMM_3,0,7,2,70-79,Female
1051,IMM_5,3,7,2,70-79,Female
1059,IMM_9,2,7,7,50-59,Female
1059,IMM_1,1,7,7,50-59,Female
1059,IMM_4,0,7,7,50-59,Female
1059,IMM_5,3,7,7,50-59,Female
1059,IMM_3,0,7,7,50-59,Female
1059,IMM_10,3,7,7,50-59,Female
1059,IMM_7,0,7,7,50-59,Female
1059,IMM_2,1,7,7,50-59,Female
1059,IMM_6,3,7,7,50-59,Female
1059,IMM_8,3,7,7,50-59,Female
1063,IMM_9,1,7,7,60-69,Female
1063,IMM_4,0,7,7,60-69,Female
1063,IMM_3,0,7,7,60-69,Female
1063,IMM_8,0,7,7,60-69,Female
1063,IMM_6,3,7,7,60-69,Female
1063,IMM_2,0,7,7,60-69,Female
1063,IMM_10,0,7,7,60-69,Female
1063,IMM_7,4,7,7,60-69,Female
1063,IMM_1,4,7,7,60-69,Female
1063,IMM_5,3,7,7,60-69,Female
1073,IMM_4,2,7,7,40-49,Female
1073,IMM_3,1,7,7,40-49,Female
1073,IMM_8,1,7,7,40-49,Female
1073,IMM_5,2,7,7,40-49,Female
1073,IMM_6,0,7,7,40-49,Female
1073,IMM_2,4,7,7,40-49,Female
1073,IMM_9,2,7,7,40-49,Female
1073,IMM_7,3,7,7,40-49,Female
1073,IMM_1,4,7,7,40-49,Female
1073,IMM_10,2,7,7,40-49,Female
1077,IMM_10,0,7,7,60-69,Female
1077,IMM_2,0,7,7,60-69,Female
1077,IMM_5,4,7,7,60-69,Female
1077,IMM_9,0,7,7,60-69,Female
1077,IMM_8,1,7,7,60-69,Female
1077,IMM_1,4,7,7,60-69,Female
1077,IMM_7,2,7,7,60-69,Female
1077,IMM_4,2,7,7,60-69,Female
1077,IMM_6,0,7,7,60-69,Female
1077,IMM_3,0,7,7,60-69,Female
1078,IMM_1,0,7,7,80+,Male
1078,IMM_7,2,7,7,80+,Male
1078,IMM_5,3,7,7,80+,Male
1078,IMM_3,4,7,7,80+,Male
1078,IMM_2,1,7,7,80+,Male
1078,IMM_4,4,7,7,80+,Male
1078,IMM_9,4,7,7,80+,Male
1078,IMM_10,4,7,7,80+,Male
1078,IMM_8,4,7,7,80+,Male
1078,IMM_6,4,7,7,80+,Male
1079,IMM_3,2,7,7,40-49,Female
1079,IMM_6,0,7,7,40-49,Female
1079,IMM_10,0,7,7,40-49,Female
1079,IMM_2,1,7,7,40-49,Female
1079,IMM_1,3,7,7,40-49,Female
1079,IMM_9,2,7,7,40-49,Female
1079,IMM_4,0,7,7,40-49,Female
1079,IMM_8,0,7,7,40-49,Female
1079,IMM_5,2,7,7,40-49,Female
1079,IMM_7,2,7,7,40-49,Female
1102,IMM_5,2,7,7,50-59,Female
1102,IMM_1,3,7,7,50-59,Female
1102,IMM_6,3,7,7,50-59,Female
1102,IMM_10,3,7,7,50-59,Female
1102,IMM_9,3,7,7,50-59,Female
1102,IMM_4,0,7,7,50-59,Female
1102,IMM_2,3,7,7,50-59,Female
1102,IMM_8,1,7,7,50-59,Female
1102,IMM_7,2,7,7,50-59,Female
1102,IMM_3,0,7,7,50-59,Female
1127,IMM_2,4,7,7,40-49,Female
1127,IMM_10,0,7,7,40-49,Female
1127,IMM_7,4,7,7,40-49,Female
1127,IMM_3,0,7,7,40-49,Female
1127,IMM_8,0,7,7,40-49,Female
1127,IMM_4,4,7,7,40-49,Female
1127,IMM_5,1,7,7,40-49,Female
1127,IMM_6,0,7,7,40-49,Female
1127,IMM_9,0,7,7,40-49,Female
1127,IMM_1,4,7,7,40-49,Female
1130,IMM_4,0,7,7,40-49,Female
1130,IMM_1,4,7,7,40-49,Female
1130,IMM_2,0,7,7,40-49,Female
1130,IMM_6,0,7,7,40-49,Female
1130,IMM_9,1,7,7,40-49,Female
1130,IMM_8,0,7,7,40-49,Female
1130,IMM_7,3,7,7,40-49,Female
1130,IMM_3,0,7,7,40-49,Female
1130,IMM_5,4,7,7,40-49,Female
1130,IMM_10,0,7,7,40-49,Female
1133,IMM_7,2,7,7,18-29,Female
1133,IMM_4,3,7,7,18-29,Female
1133,IMM_1,2,7,7,18-29,Female
1133,IMM_6,3,7,7,18-29,Female
1133,IMM_9,4,7,7,18-29,Female
1133,IMM_8,3,7,7,18-29,Female
1133,IMM_10,3,7,7,18-29,Female
1133,IMM_2,2,7,7,18-29,Female
1133,IMM_3,1,7,7,18-29,Female
1133,IMM_5,3,7,7,18-29,Female
1136,IMM_10,2,7,7,50-59,Female
1136,IMM_4,2,7,7,50-59,Female
1136,IMM_8,1,7,7,50-59,Female
1136,IMM_1,4,7,7,50-59,Female
1136,IMM_7,3,7,7,50-59,Female
1136,IMM_3,1,7,7,50-59,Female
1136,IMM_2,0,7,7,50-59,Female
1136,IMM_5,3,7,7,50-59,Female
1136,IMM_9,2,7,7,50-59,Female
1136,IMM_6,1,7,7,50-59,Female
1140,IMM_9,3,7,1,40-49,Male
1140,IMM_2,2,7,1,40-49,Male
1140,IMM_1,1,7,1,40-49,Male
1140,IMM_6,3,7,1,40-49,Male
1140,IMM_7,1,7,1,40-49,Male
1140,IMM_3,1,7,1,40-49,Male
1140,IMM_4,3,7,1,40-49,Male
1140,IMM_10,4,7,1,40-49,Male
1140,IMM_5,3,7,1,40-49,Male
1140,IMM_8,4,7,1,40-49,Male
1143,IMM_10,0,7,7,40-49,Female
1143,IMM_4,0,7,7,40-49,Female
1143,IMM_6,0,7,7,40-49,Female
1143,IMM_5,2,7,7,40-49,Female
1143,IMM_1,4,7,7,40-49,Female
1143,IMM_9,0,7,7,40-49,Female
1143,IMM_7,3,7,7,40-49,Female
1143,IMM_8,0,7,7,40-49,Female
1143,IMM_3,0,7,7,40-49,Female
1143,IMM_2,0,7,7,40-49,Female
1146,IMM_5,0,7,7,18-29,Female
1146,IMM_3,1,7,7,18-29,Female
1146,IMM_2,3,7,7,18-29,Female
1146,IMM_4,1,7,7,18-29,Female
1146,IMM_6,1,7,7,18-29,Female
1146,IMM_10,1,7,7,18-29,Female
1146,IMM_1,4,7,7,18-29,Female
1146,IMM_9,3,7,7,18-29,Female
1146,IMM_8,0,7,7,18-29,Female
1146,IMM_7,3,7,7,18-29,Female
1149,IMM_3,0,7,7,60-69,Male
1149,IMM_10,4,7,7,60-69,Male
1149,IMM_5,3,7,7,60-69,Male
1149,IMM_6,0,7,7,60-69,Male
1149,IMM_7,4,7,7,60-69,Male
1149,IMM_4,1,7,7,60-69,Male
1149,IMM_8,4,7,7,60-69,Male
1149,IMM_9,2,7,7,60-69,Male
1149,IMM_2,0,7,7,60-69,Male
1149,IMM_1,4,7,7,60-69,Male
1163,IMM_3,4,7,1,30-39,Female
1163,IMM_1,0,7,1,30-39,Female
1163,IMM_7,1,7,1,30-39,Female
1163,IMM_2,4,7,1,30-39,Female
1163,IMM_4,3,7,1,30-39,Female
1163,IMM_10,4,7,1,30-39,Female
1163,IMM_5,4,7,1,30-39,Female
1163,IMM_9,4,7,1,30-39,Female
1163,IMM_8,3,7,1,30-39,Female
1163,IMM_6,4,7,1,30-39,Female
1175,IMM_8,2,7,4,40-49,Male
1175,IMM_6,1,7,4,40-49,Male
1175,IMM_9,1,7,4,40-49,Male
1175,IMM_3,0,7,4,40-49,Male
1175,IMM_4,2,7,4,40-49,Male
1175,IMM_5,3,7,4,40-49,Male
1175,IMM_2,4,7,4,40-49,Male
1175,IMM_7,2,7,4,40-49,Male
1175,IMM_1,2,7,4,40-49,Male
1175,IMM_10,0,7,4,40-49,Male
1176,IMM_7,2,7,7,70-79,Female
1176,IMM_8,0,7,7,70-79,Female
1176,IMM_6,0,7,7,70-79,Female
1176,IMM_10,1,7,7,70-79,Female
1176,IMM_1,2,7,7,70-79,Female
1176,IMM_2,4,7,7,70-79,Female
1176,IMM_9,2,7,7,70-79,Female
1176,IMM_3,0,7,7,70-79,Female
1176,IMM_5,3,7,7,70-79,Female
1176,IMM_4,0,7,7,70-79,Female
1179,IMM_1,4,7,5,80+,Male
1179,IMM_5,3,7,5,80+,Male
1179,IMM_8,2,7,5,80+,Male
1179,IMM_4,2,7,5,80+,Male
1179,IMM_3,1,7,5,80+,Male
1179,IMM_7,3,7,5,80+,Male
1179,IMM_2,3,7,5,80+,Male
1179,IMM_10,2,7,5,80+,Male
1179,IMM_9,3,7,5,80+,Male
1179,IMM_6,2,7,5,80+,Male
1189,IMM_9,0,7,7,60-69,Male
1189,IMM_3,0,7,7,60-69,Male
1189,IMM_4,0,7,7,60-69,Male
1189,IMM_8,2,7,7,60-69,Male
1189,IMM_2,0,7,7,60-69,Male
1189,IMM_6,0,7,7,60-69,Male
1189,IMM_1,3,7,7,60-69,Male
1189,IMM_10,1,7,7,60-69,Male
1189,IMM_7,3,7,7,60-69,Male
1189,IMM_5,2,7,7,60-69,Male
1190,IMM_1,4,7,7,30-39,Male
1190,IMM_4,4,7,7,30-39,Male
1190,IMM_10,4,7,7,30-39,Male
1190,IMM_6,4,7,7,30-39,Male
1190,IMM_9,4,7,7,30-39,Male
1190,IMM_2,4,7,7,30-39,Male
1190,IMM_5,4,7,7,30-39,Male
1190,IMM_8,1,7,7,30-39,Male
1190,IMM_7,4,7,7,30-39,Male
1190,IMM_3,4,7,7,30-39,Male
1195,IMM_10,3,7,6,50-59,Male
1195,IMM_1,1,7,6,50-59,Male
1195,IMM_2,4,7,6,50-59,Male
1195,IMM_8,3,7,6,50-59,Male
1195,IMM_4,0,7,6,50-59,Male
1195,IMM_5,4,7,6,50-59,Male
1195,IMM_9,3,7,6,50-59,Male
1195,IMM_6,3,7,6,50-59,Male
1195,IMM_3,0,7,6,50-59,Male
1195,IMM_7,3,7,6,50-59,Male
1206,IMM_5,0,7,1,30-39,Female
1206,IMM_9,4,7,1,30-39,Female
1206,IMM_4,1,7,1,30-39,Female
1206,IMM_6,4,7,1,30-39,Female
1206,IMM_8,4,7,1,30-39,Female
1206,IMM_2,4,7,1,30-39,Female
1206,IMM_7,2,7,1,30-39,Female
1206,IMM_1,2,7,1,30-39,Female
1206,IMM_3,2,7,1,30-39,Female
1206,IMM_10,1,7,1,30-39,Female
1225,IMM_8,3,7,7,30-39,Male
1225,IMM_2,3,7,7,30-39,Male
1225,IMM_1,3,7,7,30-39,Male
1225,IMM_9,3,7,7,30-39,Male
1225,IMM_5,3,7,7,30-39,Male
1225,IMM_3,4,7,7,30-39,Male
1225,IMM_6,4,7,7,30-39,Male
1225,IMM_10,4,7,7,30-39,Male
1225,IMM_4,2,7,7,30-39,Male
1225,IMM_7,1,7,7,30-39,Male
1233,IMM_9,3,7,7,70-79,Female
1233,IMM_1,3,7,7,70-79,Female
1233,IMM_6,1,7,7,70-79,Female
1233,IMM_10,1,7,7,70-79,Female
1233,IMM_4,1,7,7,70-79,Female
1233,IMM_5,2,7,7,70-79,Female
1233,IMM_3,0,7,7,70-79,Female
1233,IMM_7,2,7,7,70-79,Female
1233,IMM_2,4,7,7,70-79,Female
1233,IMM_8,3,7,7,70-79,Female
1241,IMM_10,1,7,1,60-69,Male
1241,IMM_1,3,7,1,60-69,Male
1241,IMM_9,2,7,1,60-69,Male
1241,IMM_4,3,7,1,60-69,Male
1241,IMM_7,3,7,1,60-69,Male
1241,IMM_3,2,7,1,60-69,Male
1241,IMM_6,1,7,1,60-69,Male
1241,IMM_5,3,7,1,60-69,Male
1241,IMM_2,3,7,1,60-69,Male
1241,IMM_8,2,7,1,60-69,Male
1242,IMM_1,4,7,1,30-39,Male
1242,IMM_5,4,7,1,30-39,Male
1242,IMM_8,3,7,1,30-39,Male
1242,IMM_7,4,7,1,30-39,Male
1242,IMM_6,4,7,1,30-39,Male
1242,IMM_3,4,7,1,30-39,Male
1242,IMM_4,4,7,1,30-39,Male
1242,IMM_9,4,7,1,30-39,Male
1242,IMM_2,4,7,1,30-39,Male
1242,IMM_10,0,7,1,30-39,Male
1256,IMM_4,0,7,2,60-69,Female
1256,IMM_8,2,7,2,60-69,Female
1256,IMM_5,0,7,2,60-69,Female
1256,IMM_7,0,7,2,60-69,Female
1256,IMM_2,2,7,2,60-69,Female
1256,IMM_3,2,7,2,60-69,Female
1256,IMM_10,0,7,2,60-69,Female
1256,IMM_6,2,7,2,60-69,Female
1256,IMM_9,0,7,2,60-69,Female
1256,IMM_1,4,7,2,60-69,Female
1273,IMM_5,0,7,5,40-49,Male
1273,IMM_3,1,7,5,40-49,Male
1273,IMM_7,0,7,5,40-49,Male
1273,IMM_2,1,7,5,40-49,Male
1273,IMM_9,3,7,5,40-49,Male
1273,IMM_10,3,7,5,40-49,Male
1273,IMM_6,3,7,5,40-49,Male
1273,IMM_8,0,7,5,40-49,Male
1273,IMM_4,0,7,5,40-49,Male
1273,IMM_1,3,7,5,40-49,Male
1278,IMM_10,0,7,7,70-79,Female
1278,IMM_5,4,7,7,70-79,Female
1278,IMM_7,3,7,7,70-79,Female
1278,IMM_9,4,7,7,70-79,Female
1278,IMM_8,0,7,7,70-79,Female
1278,IMM_1,4,7,7,70-79,Female
1278,IMM_6,2,7,7,70-79,Female
1278,IMM_3,0,7,7,70-79,Female
1278,IMM_2,0,7,7,70-79,Female
1278,IMM_4,1,7,7,70-79,Female
1288,IMM_2,3,7,1,18-29,Female
1288,IMM_6,1,7,1,18-29,Female
1288,IMM_1,3,7,1,18-29,Female
1288,IMM_10,3,7,1,18-29,Female
1288,IMM_3,3,7,1,18-29,Female
1288,IMM_7,1,7,1,18-29,Female
1288,IMM_4,3,7,1,18-29,Female
1288,IMM_8,3,7,1,18-29,Female
1288,IMM_9,3,7,1,18-29,Female
1288,IMM_5,4,7,1,18-29,Female
1292,IMM_5,3,7,1,18-29,Female
1292,IMM_9,3,7,1,18-29,Female
1292,IMM_7,2,7,1,18-29,Female
1292,IMM_1,4,7,1,18-29,Female
1292,IMM_3,0,7,1,18-29,Female
1292,IMM_6,2,7,1,18-29,Female
1292,IMM_8,1,7,1,18-29,Female
1292,IMM_10,3,7,1,18-29,Female
1292,IMM_2,4,7,1,18-29,Female
1292,IMM_4,1,7,1,18-29,Female
1297,IMM_10,3,7,7,60-69,Male
1297,IMM_5,4,7,7,60-69,Male
1297,IMM_7,3,7,7,60-69,Male
1297,IMM_1,4,7,7,60-69,Male
1297,IMM_6,4,7,7,60-69,Male
1297,IMM_8,4,7,7,60-69,Male
1297,IMM_2,4,7,7,60-69,Male
1297,IMM_4,4,7,7,60-69,Male
1297,IMM_9,4,7,7,60-69,Male
1297,IMM_3,0,7,7,60-69,Male
1298,IMM_7,3,7,7,50-59,Female
1298,IMM_5,3,7,7,50-59,Female
1298,IMM_2,1,7,7,50-59,Female
1298,IMM_8,3,7,7,50-59,Female
1298,IMM_6,3,7,7,50-59,Female
1298,IMM_3,3,7,7,50-59,Female
1298,IMM_4,1,7,7,50-59,Female
1298,IMM_10,0,7,7,50-59,Female
1298,IMM_9,1,7,7,50-59,Female
1298,IMM_1,3,7,7,50-59,Female
1323,IMM_3,0,7,7,40-49,Male
1323,IMM_9,3,7,7,40-49,Male
1323,IMM_4,3,7,7,40-49,Male
1323,IMM_1,4,7,7,40-49,Male
1323,IMM_5,4,7,7,40-49,Male
1323,IMM_2,1,7,7,40-49,Male
1323,IMM_7,4,7,7,40-49,Male
1323,IMM_10,3,7,7,40-49,Male
1323,IMM_8,0,7,7,40-49,Male
1323,IMM_6,2,7,7,40-49,Male
1328,IMM_7,2,7,1,30-39,Male
1328,IMM_3,0,7,1,30-39,Male
1328,IMM_10,4,7,1,30-39,Male
1328,IMM_2,4,7,1,30-39,Male
1328,IMM_4,1,7,1,30-39,Male
1328,IMM_5,4,7,1,30-39,Male
1328,IMM_8,4,7,1,30-39,Male
1328,IMM_9,0,7,1,30-39,Male
1328,IMM_6,4,7,1,30-39,Male
1328,IMM_1,2,7,1,30-39,Male
1331,IMM_9,2,7,7,50-59,Male
1331,IMM_1,1,7,7,50-59,Male
1331,IMM_6,3,7,7,50-59,Male
1331,IMM_2,3,7,7,50-59,Male
1331,IMM_5,2,7,7,50-59,Male
1331,IMM_7,3,7,7,50-59,Male
1331,IMM_4,1,7,7,50-59,Male
1331,IMM_3,0,7,7,50-59,Male
1331,IMM_10,2,7,7,50-59,Male
1331,IMM_8,0,7,7,50-59,Male
1332,IMM_9,2,7,7,40-49,Male
1332,IMM_10,3,7,7,40-49,Male
1332,IMM_5,2,7,7,40-49,Male
1332,IMM_2,3,7,7,40-49,Male
1332,IMM_1,2,7,7,40-49,Male
1332,IMM_7,3,7,7,40-49,Male
1332,IMM_3,3,7,7,40-49,Male
1332,IMM_8,2,7,7,40-49,Male
1332,IMM_6,2,7,7,40-49,Male
1332,IMM_4,1,7,7,40-49,Male
1336,IMM_6,1,7,7,70-79,Male
1336,IMM_3,1,7,7,70-79,Male
1336,IMM_5,3,7,7,70-79,Male
1336,IMM_10,3,7,7,70-79,Male
1336,IMM_2,2,7,7,70-79,Male
1336,IMM_9,1,7,7,70-79,Male
1336,IMM_4,1,7,7,70-79,Male
1336,IMM_1,3,7,7,70-79,Male
1336,IMM_7,2,7,7,70-79,Male
1336,IMM_8,1,7,7,70-79,Male
1340,IMM_2,2,7,7,18-29,Male
1340,IMM_5,0,7,7,18-29,Male
1340,IMM_3,3,7,7,18-29,Male
1340,IMM_6,0,7,7,18-29,Male
1340,IMM_9,3,7,7,18-29,Male
1340,IMM_7,4,7,7,18-29,Male
1340,IMM_8,2,7,7,18-29,Male
1340,IMM_1,1,7,7,18-29,Male
1340,IMM_4,2,7,7,18-29,Male
1340,IMM_10,0,7,7,18-29,Male
1345,IMM_3,4,7,7,40-49,Male
1345,IMM_5,1,7,7,40-49,Male
1345,IMM_1,0,7,7,40-49,Male
1345,IMM_6,3,7,7,40-49,Male
1345,IMM_7,4,7,7,40-49,Male
1345,IMM_2,0,7,7,40-49,Male
1345,IMM_8,3,7,7,40-49,Male
1345,IMM_4,2,7,7,40-49,Male
1345,IMM_10,2,7,7,40-49,Male
1345,IMM_9,3,7,7,40-49,Male
1353,IMM_5,1,7,7,50-59,Male
1353,IMM_3,2,7,7,50-59,Male
1353,IMM_9,2,7,7,50-59,Male
1353,IMM_1,2,7,7,50-59,Male
1353,IMM_4,2,7,7,50-59,Male
1353,IMM_2,3,7,7,50-59,Male
1353,IMM_7,2,7,7,50-59,Male
1353,IMM_6,3,7,7,50-59,Male
1353,IMM_8,2,7,7,50-59,Male
1353,IMM_10,3,7,7,50-59,Male
1355,IMM_3,2,7,7,18-29,Male
1355,IMM_2,2,7,7,18-29,Male
1355,IMM_6,4,7,7,18-29,Male
1355,IMM_9,3,7,7,18-29,Male
1355,IMM_8,4,7,7,18-29,Male
1355,IMM_4,1,7,7,18-29,Male
1355,IMM_7,1,7,7,18-29,Male
1355,IMM_5,1,7,7,18-29,Male
1355,IMM_1,4,7,7,18-29,Male
1355,IMM_10,3,7,7,18-29,Male
1369,IMM_4,0,7,7,60-69,Male
1369,IMM_8,0,7,7,60-69,Male
1369,IMM_1,4,7,7,60-69,Male
1369,IMM_3,0,7,7,60-69,Male
1369,IMM_10,0,7,7,60-69,Male
1369,IMM_6,0,7,7,60-69,Male
1369,IMM_5,3,7,7,60-69,Male
1369,IMM_7,2,7,7,60-69,Male
1369,IMM_9,2,7,7,60-69,Male
1369,IMM_2,3,7,7,60-69,Male
1370,IMM_1,0,7,1,18-29,Male
1370,IMM_5,0,7,1,18-29,Male
1370,IMM_3,4,7,1,18-29,Male
1370,IMM_7,3,7,1,18-29,Male
1370,IMM_9,3,7,1,18-29,Male
1370,IMM_2,3,7,1,18-29,Male
1370,IMM_6,2,7,1,18-29,Male
1370,IMM_4,2,7,1,18-29,Male
1370,IMM_10,2,7,1,18-29,Male
1370,IMM_8,3,7,1,18-29,Male
1372,IMM_1,1,7,7,30-39,Male
1372,IMM_9,2,7,7,30-39,Male
1372,IMM_4,1,7,7,30-39,Male
1372,IMM_7,3,7,7,30-39,Male
1372,IMM_8,2,7,7,30-39,Male
1372,IMM_10,2,7,7,30-39,Male
1372,IMM_6,2,7,7,30-39,Male
1372,IMM_5,4,7,7,30-39,Male
1372,IMM_3,1,7,7,30-39,Male
1372,IMM_2,4,7,7,30-39,Male
1378,IMM_1,3,7,7,70-79,Male
1378,IMM_5,4,7,7,70-79,Male
1378,IMM_7,2,7,7,70-79,Male
1378,IMM_6,2,7,7,70-79,Male
1378,IMM_3,0,7,7,70-79,Male
1378,IMM_8,3,7,7,70-79,Male
1378,IMM_10,0,7,7,70-79,Male
1378,IMM_9,3,7,7,70-79,Male
1378,IMM_2,2,7,7,70-79,Male
1378,IMM_4,3,7,7,70-79,Male
1380,IMM_5,4,7,5,60-69,Male
1380,IMM_3,0,7,5,60-69,Male
1380,IMM_2,3,7,5,60-69,Male
1380,IMM_4,0,7,5,60-69,Male
1380,IMM_1,4,7,5,60-69,Male
1380,IMM_7,4,7,5,60-69,Male
1380,IMM_8,2,7,5,60-69,Male
1380,IMM_9,0,7,5,60-69,Male
1380,IMM_10,0,7,5,60-69,Male
1380,IMM_6,0,7,5,60-69,Male
1383,IMM_5,4,7,7,60-69,Female
1383,IMM_2,0,7,7,60-69,Female
1383,IMM_4,3,7,7,60-69,Female
1383,IMM_3,4,7,7,60-69,Female
1383,IMM_1,3,7,7,60-69,Female
1383,IMM_7,0,7,7,60-69,Female
1383,IMM_10,3,7,7,60-69,Female
1383,IMM_9,4,7,7,60-69,Female
1383,IMM_8,1,7,7,60-69,Female
1383,IMM_6,1,7,7,60-69,Female
1386,IMM_8,0,7,7,40-49,Male
1386,IMM_9,0,7,7,40-49,Male
1386,IMM_5,4,7,7,40-49,Male
1386,IMM_3,0,7,7,40-49,Male
1386,IMM_1,4,7,7,40-49,Male
1386,IMM_10,0,7,7,40-49,Male
1386,IMM_7,4,7,7,40-49,Male
1386,IMM_4,3,7,7,40-49,Male
1386,IMM_2,0,7,7,40-49,Male
1386,IMM_6,0,7,7,40-49,Male
1389,IMM_8,1,7,5,60-69,Male
1389,IMM_9,2,7,5,60-69,Male
1389,IMM_1,3,7,5,60-69,Male
1389,IMM_10,1,7,5,60-69,Male
1389,IMM_5,3,7,5,60-69,Male
1389,IMM_3,4,7,5,60-69,Male
1389,IMM_4,1,7,5,60-69,Male
1389,IMM_2,1,7,5,60-69,Male
1389,IMM_7,3,7,5,60-69,Male
1389,IMM_6,1,7,5,60-69,Male
1391,IMM_9,4,7,7,40-49,Male
1391,IMM_4,3,7,7,40-49,Male
1391,IMM_8,0,7,7,40-49,Male
1391,IMM_7,4,7,7,40-49,Male
1391,IMM_3,0,7,7,40-49,Male
1391,IMM_5,4,7,7,40-49,Male
1391,IMM_10,0,7,7,40-49,Male
1391,IMM_2,0,7,7,40-49,Male
1391,IMM_6,3,7,7,40-49,Male
1391,IMM_1,4,7,7,40-49,Male
1393,IMM_6,4,7,7,30-39,Male
1393,IMM_7,3,7,7,30-39,Male
1393,IMM_4,3,7,7,30-39,Male
1393,IMM_8,2,7,7,30-39,Male
1393,IMM_5,2,7,7,30-39,Male
1393,IMM_10,2,7,7,30-39,Male
1393,IMM_9,3,7,7,30-39,Male
1393,IMM_1,0,7,7,30-39,Male
1393,IMM_3,0,7,7,30-39,Male
1393,IMM_2,3,7,7,30-39,Male
1414,IMM_3,4,7,7,30-39,Male
1414,IMM_10,4,7,7,30-39,Male
1414,IMM_9,3,7,7,30-39,Male
1414,IMM_6,4,7,7,30-39,Male
1414,IMM_1,0,7,7,30-39,Male
1414,IMM_2,4,7,7,30-39,Male
1414,IMM_5,4,7,7,30-39,Male
1414,IMM_4,4,7,7,30-39,Male
1414,IMM_8,3,7,7,30-39,Male
1414,IMM_7,0,7,7,30-39,Male
1436,IMM_1,3,7,,18-29,Male
1436,IMM_9,1,7,,18-29,Male
1436,IMM_2,2,7,,18-29,Male
1436,IMM_7,2,7,,18-29,Male
1436,IMM_6,2,7,,18-29,Male
1436,IMM_4,2,7,,18-29,Male
1436,IMM_8,1,7,,18-29,Male
1436,IMM_5,2,7,,18-29,Male
1436,IMM_10,1,7,,18-29,Male
1436,IMM_3,3,7,,18-29,Male
1442,IMM_1,4,7,7,70-79,Male
1442,IMM_3,0,7,7,70-79,Male
1442,IMM_10,0,7,7,70-79,Male
1442,IMM_9,2,7,7,70-79,Male
1442,IMM_4,2,7,7,70-79,Male
1442,IMM_6,0,7,7,70-79,Male
1442,IMM_5,4,7,7,70-79,Male
1442,IMM_7,4,7,7,70-79,Male
1442,IMM_8,0,7,7,70-79,Male
1442,IMM_2,0,7,7,70-79,Male
1443,IMM_5,2,7,7,18-29,Male
1443,IMM_1,3,7,7,18-29,Male
1443,IMM_10,0,7,7,18-29,Male
1443,IMM_3,3,7,7,18-29,Male
1443,IMM_6,4,7,7,18-29,Male
1443,IMM_7,0,7,7,18-29,Male
1443,IMM_9,4,7,7,18-29,Male
1443,IMM_2,2,7,7,18-29,Male
1443,IMM_8,1,7,7,18-29,Male
1443,IMM_4,0,7,7,18-29,Male
1451,IMM_4,4,7,2,50-59,Male
1451,IMM_1,3,7,2,50-59,Male
1451,IMM_6,3,7,2,50-59,Male
1451,IMM_7,3,7,2,50-59,Male
1451,IMM_8,4,7,2,50-59,Male
1451,IMM_5,2,7,2,50-59,Male
1451,IMM_9,0,7,2,50-59,Male
1451,IMM_2,4,7,2,50-59,Male
1451,IMM_3,4,7,2,50-59,Male
1451,IMM_10,4,7,2,50-59,Male
1467,IMM_5,4,7,7,60-69,Male
1467,IMM_10,1,7,7,60-69,Male
1467,IMM_4,0,7,7,60-69,Male
1467,IMM_3,0,7,7,60-69,Male
1467,IMM_1,2,7,7,60-69,Male
1467,IMM_7,4,7,7,60-69,Male
1467,IMM_9,3,7,7,60-69,Male
1467,IMM_6,3,7,7,60-69,Male
1467,IMM_8,3,7,7,60-69,Male
1467,IMM_2,4,7,7,60-69,Male
1478,IMM_3,0,7,7,70-79,Male
1478,IMM_2,2,7,7,70-79,Male
1478,IMM_8,3,7,7,70-79,Male
1478,IMM_4,0,7,7,70-79,Male
1478,IMM_5,2,7,7,70-79,Male
1478,IMM_6,1,7,7,70-79,Male
1478,IMM_9,2,7,7,70-79,Male
1478,IMM_10,3,7,7,70-79,Male
1478,IMM_1,1,7,7,70-79,Male
1478,IMM_7,1,7,7,70-79,Male
1481,IMM_2,4,7,3,70-79,Male
1481,IMM_3,0,7,3,70-79,Male
1481,IMM_7,3,7,3,70-79,Male
1481,IMM_6,4,7,3,70-79,Male
1481,IMM_1,0,7,3,70-79,Male
1481,IMM_10,4,7,3,70-79,Male
1481,IMM_4,0,7,3,70-79,Male
1481,IMM_8,4,7,3,70-79,Male
1481,IMM_5,3,7,3,70-79,Male
1481,IMM_9,4,7,3,70-79,Male
1493,IMM_9,2,7,7,18-29,Male
1493,IMM_3,0,7,7,18-29,Male
1493,IMM_2,4,7,7,18-29,Male
1493,IMM_1,4,7,7,18-29,Male
1493,IMM_6,2,7,7,18-29,Male
1493,IMM_7,4,7,7,18-29,Male
1493,IMM_8,4,7,7,18-29,Male
1493,IMM_4,4,7,7,18-29,Male
1493,IMM_10,3,7,7,18-29,Male
1493,IMM_5,4,7,7,18-29,Male
1497,IMM_8,0,7,7,40-49,Male
1497,IMM_10,0,7,7,40-49,Male
1497,IMM_5,4,7,7,40-49,Male
1497,IMM_4,0,7,7,40-49,Male
1497,IMM_1,4,7,7,40-49,Male
1497,IMM_7,3,7,7,40-49,Male
1497,IMM_2,0,7,7,40-49,Male
1497,IMM_6,0,7,7,40-49,Male
1497,IMM_9,0,7,7,40-49,Male
1497,IMM_3,0,7,7,40-49,Male
1498,IMM_2,1,7,7,50-59,Male
1498,IMM_4,1,7,7,50-59,Male
1498,IMM_5,4,7,7,50-59,Male
1498,IMM_9,0,7,7,50-59,Male
1498,IMM_3,0,7,7,50-59,Male
1498,IMM_10,1,7,7,50-59,Male
1498,IMM_7,3,7,7,50-59,Male
1498,IMM_6,1,7,7,50-59,Male
1498,IMM_8,1,7,7,50-59,Male
1498,IMM_1,4,7,7,50-59,Male
1514,IMM_6,4,7,6,18-29,Male
1514,IMM_1,0,7,6,18-29,Male
1514,IMM_5,3,7,6,18-29,Male
1514,IMM_9,2,7,6,18-29,Male
1514,IMM_10,4,7,6,18-29,Male
1514,IMM_2,3,7,6,18-29,Male
1514,IMM_4,3,7,6,18-29,Male
1514,IMM_8,4,7,6,18-29,Male
1514,IMM_7,0,7,6,18-29,Male
1514,IMM_3,3,7,6,18-29,Male
1528,IMM_4,1,7,7,70-79,Male
1528,IMM_6,1,7,7,70-79,Male
1528,IMM_7,4,7,7,70-79,Male
1528,IMM_2,4,7,7,70-79,Male
1528,IMM_5,2,7,7,70-79,Male
1528,IMM_9,3,7,7,70-79,Male
1528,IMM_8,3,7,7,70-79,Male
1528,IMM_1,3,7,7,70-79,Male
1528,IMM_10,2,7,7,70-79,Male
1528,IMM_3,1,7,7,70-79,Male
1532,IMM_8,3,7,7,60-69,Male
1532,IMM_5,4,7,7,60-69,Male
1532,IMM_4,0,7,7,60-69,Male
1532,IMM_1,1,7,7,60-69,Male
1532,IMM_3,0,7,7,60-69,Male
1532,IMM_10,0,7,7,60-69,Male
1532,IMM_9,0,7,7,60-69,Male
1532,IMM_7,2,7,7,60-69,Male
1532,IMM_6,0,7,7,60-69,Male
1532,IMM_2,3,7,7,60-69,Male
1534,IMM_5,3,7,7,60-69,Male
1534,IMM_4,1,7,7,60-69,Male
1534,IMM_9,1,7,7,60-69,Male
1534,IMM_8,3,7,7,60-69,Male
1534,IMM_1,4,7,7,60-69,Male
1534,IMM_7,3,7,7,60-69,Male
1534,IMM_3,0,7,7,60-69,Male
1534,IMM_10,2,7,7,60-69,Male
1534,IMM_6,4,7,7,60-69,Male
1534,IMM_2,3,7,7,60-69,Male
1548,IMM_1,3,7,7,70-79,Male
1548,IMM_8,1,7,7,70-79,Male
1548,IMM_3,0,7,7,70-79,Male
1548,IMM_10,2,7,7,70-79,Male
1548,IMM_6,0,7,7,70-79,Male
1548,IMM_4,1,7,7,70-79,Male
1548,IMM_5,1,7,7,70-79,Male
1548,IMM_9,2,7,7,70-79,Male
1548,IMM_7,2,7,7,70-79,Male
1548,IMM_2,4,7,7,70-79,Male
1553,IMM_2,4,7,5,70-79,Male
1553,IMM_9,4,7,5,70-79,Male
1553,IMM_8,3,7,5,70-79,Male
1553,IMM_5,4,7,5,70-79,Male
1553,IMM_7,0,7,5,70-79,Male
1553,IMM_4,4,7,5,70-79,Male
1553,IMM_10,4,7,5,70-79,Male
1553,IMM_6,3,7,5,70-79,Male
1553,IMM_1,0,7,5,70-79,Male
1553,IMM_3,0,7,5,70-79,Male
1556,IMM_10,0,7,5,60-69,Male
1556,IMM_8,4,7,5,60-69,Male
1556,IMM_1,4,7,5,60-69,Male
1556,IMM_5,4,7,5,60-69,Male
1556,IMM_7,4,7,5,60-69,Male
1556,IMM_4,0,7,5,60-69,Male
1556,IMM_2,3,7,5,60-69,Male
1556,IMM_6,4,7,5,60-69,Male
1556,IMM_3,0,7,5,60-69,Male
1556,IMM_9,4,7,5,60-69,Male
1563,IMM_3,0,7,7,50-59,Male
1563,IMM_6,1,7,7,50-59,Male
1563,IMM_9,3,7,7,50-59,Male
1563,IMM_1,1,7,7,50-59,Male
1563,IMM_8,3,7,7,50-59,Male
1563,IMM_2,3,7,7,50-59,Male
1563,IMM_10,0,7,7,50-59,Male
1563,IMM_7,0,7,7,50-59,Male
1563,IMM_4,0,7,7,50-59,Male
1563,IMM_5,3,7,7,50-59,Male
1583,IMM_3,0,7,7,70-79,Male
1583,IMM_8,4,7,7,70-79,Male
1583,IMM_5,4,7,7,70-79,Male
1583,IMM_9,4,7,7,70-79,Male
1583,IMM_2,0,7,7,70-79,Male
1583,IMM_7,3,7,7,70-79,Male
1583,IMM_6,0,7,7,70-79,Male
1583,IMM_10,0,7,7,70-79,Male
1583,IMM_1,4,7,7,70-79,Male
1583,IMM_4,0,7,7,70-79,Male
1584,IMM_6,0,7,7,60-69,Male
1584,IMM_2,0,7,7,60-69,Male
1584,IMM_9,2,7,7,60-69,Male
1584,IMM_4,4,7,7,60-69,Male
1584,IMM_3,0,7,7,60-69,Male
1584,IMM_7,1,7,7,60-69,Male
1584,IMM_1,4,7,7,60-69,Male
1584,IMM_10,1,7,7,60-69,Male
1584,IMM_8,1,7,7,60-69,Male
1584,IMM_5,0,7,7,60-69,Male
1585,IMM_5,4,7,7,70-79,Male
1585,IMM_1,2,7,7,70-79,Male
1585,IMM_6,3,7,7,70-79,Male
1585,IMM_9,2,7,7,70-79,Male
1585,IMM_7,0,7,7,70-79,Male
1585,IMM_3,0,7,7,70-79,Male
1585,IMM_4,3,7,7,70-79,Male
1585,IMM_10,3,7,7,70-79,Male
1585,IMM_8,4,7,7,70-79,Male
1585,IMM_2,3,7,7,70-79,Male
1589,IMM_4,0,7,5,60-69,Male
1589,IMM_7,3,7,5,60-69,Male
1589,IMM_2,2,7,5,60-69,Male
1589,IMM_6,1,7,5,60-69,Male
1589,IMM_10,0,7,5,60-69,Male
1589,IMM_8,3,7,5,60-69,Male
1589,IMM_5,4,7,5,60-69,Male
1589,IMM_1,4,7,5,60-69,Male
1589,IMM_3,0,7,5,60-69,Male
1589,IMM_9,3,7,5,60-69,Male
1592,IMM_9,4,7,7,40-49,Male
1592,IMM_7,3,7,7,40-49,Male
1592,IMM_3,0,7,7,40-49,Male
1592,IMM_2,4,7,7,40-49,Male
1592,IMM_4,0,7,7,40-49,Male
1592,IMM_1,1,7,7,40-49,Male
1592,IMM_6,4,7,7,40-49,Male
1592,IMM_8,1,7,7,40-49,Male
1592,IMM_5,0,7,7,40-49,Male
1592,IMM_10,0,7,7,40-49,Male
1602,IMM_8,0,7,7,70-79,Male
1602,IMM_3,0,7,7,70-79,Male
1602,IMM_1,3,7,7,70-79,Male
1602,IMM_5,4,7,7,70-79,Male
1602,IMM_10,4,7,7,70-79,Male
1602,IMM_7,2,7,7,70-79,Male
1602,IMM_9,2,7,7,70-79,Male
1602,IMM_6,2,7,7,70-79,Male
1602,IMM_4,4,7,7,70-79,Male
1602,IMM_2,3,7,7,70-79,Male
1610,IMM_7,2,7,7,60-69,Female
1610,IMM_10,3,7,7,60-69,Female
1610,IMM_8,0,7,7,60-69,Female
1610,IMM_3,0,7,7,60-69,Female
1610,IMM_4,0,7,7,60-69,Female
1610,IMM_1,4,7,7,60-69,Female
1610,IMM_5,4,7,7,60-69,Female
1610,IMM_6,0,7,7,60-69,Female
1610,IMM_9,3,7,7,60-69,Female
1610,IMM_2,0,7,7,60-69,Female
1620,IMM_8,3,7,7,60-69,Male
1620,IMM_4,3,7,7,60-69,Male
1620,IMM_5,3,7,7,60-69,Male
1620,IMM_10,1,7,7,60-69,Male
1620,IMM_1,3,7,7,60-69,Male
1620,IMM_6,1,7,7,60-69,Male
1620,IMM_3,0,7,7,60-69,Male
1620,IMM_7,2,7,7,60-69,Male
1620,IMM_2,3,7,7,60-69,Male
1620,IMM_9,0,7,7,60-69,Male
1628,IMM_6,3,7,5,60-69,Male
1628,IMM_10,4,7,5,60-69,Male
1628,IMM_3,0,7,5,60-69,Male
1628,IMM_1,0,7,5,60-69,Male
1628,IMM_7,2,7,5,60-69,Male
1628,IMM_5,4,7,5,60-69,Male
1628,IMM_4,1,7,5,60-69,Male
1628,IMM_9,4,7,5,60-69,Male
1628,IMM_2,3,7,5,60-69,Male
1628,IMM_8,4,7,5,60-69,Male
1630,IMM_4,1,7,6,70-79,Female
1630,IMM_5,0,7,6,70-79,Female
1630,IMM_7,3,7,6,70-79,Female
1630,IMM_6,4,7,6,70-79,Female
1630,IMM_3,0,7,6,70-79,Female
1630,IMM_9,3,7,6,70-79,Female
1630,IMM_10,3,7,6,70-79,Female
1630,IMM_2,3,7,6,70-79,Female
1630,IMM_8,3,7,6,70-79,Female
1630,IMM_1,1,7,6,70-79,Female
1635,IMM_9,4,7,7,18-29,Male
1635,IMM_5,4,7,7,18-29,Male
1635,IMM_1,4,7,7,18-29,Male
1635,IMM_2,4,7,7,18-29,Male
1635,IMM_4,0,7,7,18-29,Male
1635,IMM_6,0,7,7,18-29,Male
1635,IMM_10,3,7,7,18-29,Male
1635,IMM_8,4,7,7,18-29,Male
1635,IMM_3,0,7,7,18-29,Male
1635,IMM_7,4,7,7,18-29,Male
1641,IMM_1,2,7,7,60-69,Male
1641,IMM_10,0,7,7,60-69,Male
1641,IMM_7,4,7,7,60-69,Male
1641,IMM_6,0,7,7,60-69,Male
1641,IMM_8,0,7,7,60-69,Male
1641,IMM_4,1,7,7,60-69,Male
1641,IMM_9,2,7,7,60-69,Male
1641,IMM_5,4,7,7,60-69,Male
1641,IMM_2,2,7,7,60-69,Male
1641,IMM_3,0,7,7,60-69,Male
1660,IMM_3,0,7,1,60-69,Female
1660,IMM_5,2,7,1,60-69,Female
1660,IMM_9,0,7,1,60-69,Female
1660,IMM_2,2,7,1,60-69,Female
1660,IMM_6,1,7,1,60-69,Female
1660,IMM_7,2,7,1,60-69,Female
1660,IMM_4,3,7,1,60-69,Female
1660,IMM_1,4,7,1,60-69,Female
1660,IMM_10,3,7,1,60-69,Female
1660,IMM_8,0,7,1,60-69,Female
1665,IMM_6,4,7,7,60-69,Male
1665,IMM_8,0,7,7,60-69,Male
1665,IMM_3,0,7,7,60-69,Male
1665,IMM_2,0,7,7,60-69,Male
1665,IMM_10,3,7,7,60-69,Male
1665,IMM_1,4,7,7,60-69,Male
1665,IMM_5,4,7,7,60-69,Male
1665,IMM_9,3,7,7,60-69,Male
1665,IMM_4,4,7,7,60-69,Male
1665,IMM_7,3,7,7,60-69,Male
1677,IMM_2,3,7,3,70-79,Male
1677,IMM_7,2,7,3,70-79,Male
1677,IMM_8,4,7,3,70-79,Male
1677,IMM_3,4,7,3,70-79,Male
1677,IMM_6,2,7,3,70-79,Male
1677,IMM_9,4,7,3,70-79,Male
1677,IMM_5,1,7,3,70-79,Male
1677,IMM_1,0,7,3,70-79,Male
1677,IMM_4,3,7,3,70-79,Male
1677,IMM_10,3,7,3,70-79,Male
1691,IMM_5,1,7,7,18-29,Female
1691,IMM_10,0,7,7,18-29,Female
1691,IMM_7,1,7,7,18-29,Female
1691,IMM_8,3,7,7,18-29,Female
1691,IMM_6,1,7,7,18-29,Female
1691,IMM_1,2,7,7,18-29,Female
1691,IMM_3,0,7,7,18-29,Female
1691,IMM_2,2,7,7,18-29,Female
1691,IMM_9,4,7,7,18-29,Female
1691,IMM_4,0,7,7,18-29,Female
1694,IMM_3,0,7,7,80+,Male
1694,IMM_5,3,7,7,80+,Male
1694,IMM_9,2,7,7,80+,Male
1694,IMM_7,3,7,7,80+,Male
1694,IMM_2,3,7,7,80+,Male
1694,IMM_1,4,7,7,80+,Male
1694,IMM_4,3,7,7,80+,Male
1694,IMM_6,4,7,7,80+,Male
1694,IMM_10,3,7,7,80+,Male
1694,IMM_8,2,7,7,80+,Male
1706,IMM_2,0,7,7,60-69,Male
1706,IMM_7,4,7,7,60-69,Male
1706,IMM_3,0,7,7,60-69,Male
1706,IMM_1,4,7,7,60-69,Male
1706,IMM_6,0,7,7,60-69,Male
1706,IMM_5,4,7,7,60-69,Male
1706,IMM_4,4,7,7,60-69,Male
1706,IMM_10,0,7,7,60-69,Male
1706,IMM_8,4,7,7,60-69,Male
1706,IMM_9,4,7,7,60-69,Male
1715,IMM_9,1,7,7,40-49,Male
1715,IMM_2,3,7,7,40-49,Male
1715,IMM_4,0,7,7,40-49,Male
1715,IMM_7,2,7,7,40-49,Male
1715,IMM_10,3,7,7,40-49,Male
1715,IMM_6,1,7,7,40-49,Male
1715,IMM_5,1,7,7,40-49,Male
1715,IMM_1,3,7,7,40-49,Male
1715,IMM_8,3,7,7,40-49,Male
1715,IMM_3,0,7,7,40-49,Male
1717,IMM_4,1,7,7,60-69,Female
1717,IMM_1,3,7,7,60-69,Female
1717,IMM_6,2,7,7,60-69,Female
1717,IMM_5,1,7,7,60-69,Female
1717,IMM_3,0,7,7,60-69,Female
1717,IMM_2,1,7,7,60-69,Female
1717,IMM_8,1,7,7,60-69,Female
1717,IMM_7,2,7,7,60-69,Female
1717,IMM_10,1,7,7,60-69,Female
1717,IMM_9,3,7,7,60-69,Female
1718,IMM_6,3,7,3,30-39,Female
1718,IMM_7,0,7,3,30-39,Female
1718,IMM_1,0,7,3,30-39,Female
1718,IMM_4,1,7,3,30-39,Female
1718,IMM_5,1,7,3,30-39,Female
1718,IMM_3,4,7,3,30-39,Female
1718,IMM_10,2,7,3,30-39,Female
1718,IMM_2,4,7,3,30-39,Female
1718,IMM_9,2,7,3,30-39,Female
1718,IMM_8,4,7,3,30-39,Female
1753,IMM_10,1,7,7,70-79,Female
1753,IMM_5,2,7,7,70-79,Female
1753,IMM_6,0,7,7,70-79,Female
1753,IMM_2,1,7,7,70-79,Female
1753,IMM_4,3,7,7,70-79,Female
1753,IMM_8,1,7,7,70-79,Female
1753,IMM_3,0,7,7,70-79,Female
1753,IMM_1,1,7,7,70-79,Female
1753,IMM_9,4,7,7,70-79,Female
1753,IMM_7,1,7,7,70-79,Female
1765,IMM_2,3,7,5,70-79,Female
1765,IMM_8,4,7,5,70-79,Female
1765,IMM_10,0,7,5,70-79,Female
1765,IMM_3,0,7,5,70-79,Female
1765,IMM_5,2,7,5,70-79,Female
1765,IMM_4,0,7,5,70-79,Female
1765,IMM_9,2,7,5,70-79,Female
1765,IMM_7,3,7,5,70-79,Female
1765,IMM_6,4,7,5,70-79,Female
1765,IMM_1,4,7,5,70-79,Female
1772,IMM_10,1,7,7,50-59,Female
1772,IMM_7,4,7,7,50-59,Female
1772,IMM_4,1,7,7,50-59,Female
1772,IMM_6,1,7,7,50-59,Female
1772,IMM_5,2,7,7,50-59,Female
1772,IMM_9,1,7,7,50-59,Female
1772,IMM_3,0,7,7,50-59,Female
1772,IMM_1,4,7,7,50-59,Female
1772,IMM_2,2,7,7,50-59,Female
1772,IMM_8,0,7,7,50-59,Female
1781,IMM_9,0,7,7,70-79,Female
1781,IMM_3,0,7,7,70-79,Female
1781,IMM_2,3,7,7,70-79,Female
1781,IMM_6,2,7,7,70-79,Female
1781,IMM_8,3,7,7,70-79,Female
1781,IMM_10,1,7,7,70-79,Female
1781,IMM_4,1,7,7,70-79,Female
1781,IMM_7,2,7,7,70-79,Female
1781,IMM_1,3,7,7,70-79,Female
1781,IMM_5,2,7,7,70-79,Female
1789,IMM_2,4,7,7,70-79,Male
1789,IMM_6,4,7,7,70-79,Male
1789,IMM_8,4,7,7,70-79,Male
1789,IMM_7,1,7,7,70-79,Male
1789,IMM_1,2,7,7,70-79,Male
1789,IMM_9,2,7,7,70-79,Male
1789,IMM_3,0,7,7,70-79,Male
1789,IMM_4,4,7,7,70-79,Male
1789,IMM_5,4,7,7,70-79,Male
1789,IMM_10,4,7,7,70-79,Male
1802,IMM_3,0,7,7,50-59,Male
1802,IMM_8,0,7,7,50-59,Male
1802,IMM_4,1,7,7,50-59,Male
1802,IMM_5,3,7,7,50-59,Male
1802,IMM_1,4,7,7,50-59,Male
1802,IMM_9,0,7,7,50-59,Male
1802,IMM_10,0,7,7,50-59,Male
1802,IMM_7,3,7,7,50-59,Male
1802,IMM_6,0,7,7,50-59,Male
1802,IMM_2,0,7,7,50-59,Male
1815,IMM_4,1,7,7,60-69,Male
1815,IMM_7,4,7,7,60-69,Male
1815,IMM_6,4,7,7,60-69,Male
1815,IMM_1,3,7,7,60-69,Male
1815,IMM_2,4,7,7,60-69,Male
1815,IMM_10,1,7,7,60-69,Male
1815,IMM_9,1,7,7,60-69,Male
1815,IMM_8,3,7,7,60-69,Male
1815,IMM_5,4,7,7,60-69,Male
1815,IMM_3,0,7,7,60-69,Male
1828,IMM_9,3,7,2,70-79,Male
1828,IMM_2,3,7,2,70-79,Male
1828,IMM_7,4,7,2,70-79,Male
1828,IMM_8,1,7,2,70-79,Male
1828,IMM_4,0,7,2,70-79,Male
1828,IMM_1,4,7,2,70-79,Male
1828,IMM_5,0,7,2,70-79,Male
1828,IMM_10,1,7,2,70-79,Male
1828,IMM_6,1,7,2,70-79,Male
1828,IMM_3,2,7,2,70-79,Male
1830,IMM_7,4,7,7,70-79,Male
1830,IMM_3,0,7,7,70-79,Male
1830,IMM_8,2,7,7,70-79,Male
1830,IMM_2,3,7,7,70-79,Male
1830,IMM_1,3,7,7,70-79,Male
1830,IMM_9,1,7,7,70-79,Male
1830,IMM_6,0,7,7,70-79,Male
1830,IMM_4,0,7,7,70-79,Male
1830,IMM_10,1,7,7,70-79,Male
1830,IMM_5,4,7,7,70-79,Male
1837,IMM_8,4,7,6,60-69,Male
1837,IMM_6,4,7,6,60-69,Male
1837,IMM_2,2,7,6,60-69,Male
1837,IMM_9,4,7,6,60-69,Male
1837,IMM_5,3,7,6,60-69,Male
1837,IMM_3,0,7,6,60-69,Male
1837,IMM_10,3,7,6,60-69,Male
1837,IMM_7,2,7,6,60-69,Male
1837,IMM_4,2,7,6,60-69,Male
1837,IMM_1,2,7,6,60-69,Male
1838,IMM_3,0,7,7,60-69,Male
1838,IMM_4,3,7,7,60-69,Male
1838,IMM_7,4,7,7,60-69,Male
1838,IMM_1,4,7,7,60-69,Male
1838,IMM_9,0,7,7,60-69,Male
1838,IMM_8,4,7,7,60-69,Male
1838,IMM_5,4,7,7,60-69,Male
1838,IMM_2,1,7,7,60-69,Male
1838,IMM_6,3,7,7,60-69,Male
1838,IMM_10,0,7,7,60-69,Male
1843,IMM_2,0,7,7,40-49,Male
1843,IMM_3,0,7,7,40-49,Male
1843,IMM_10,0,7,7,40-49,Male
1843,IMM_8,0,7,7,40-49,Male
1843,IMM_9,0,7,7,40-49,Male
1843,IMM_1,4,7,7,40-49,Male
1843,IMM_6,0,7,7,40-49,Male
1843,IMM_4,0,7,7,40-49,Male
1843,IMM_5,2,7,7,40-49,Male
1843,IMM_7,4,7,7,40-49,Male
1847,IMM_8,0,7,7,50-59,Male
1847,IMM_6,0,7,7,50-59,Male
1847,IMM_5,4,7,7,50-59,Male
1847,IMM_4,0,7,7,50-59,Male
1847,IMM_7,4,7,7,50-59,Male
1847,IMM_10,0,7,7,50-59,Male
1847,IMM_9,2,7,7,50-59,Male
1847,IMM_2,0,7,7,50-59,Male
1847,IMM_3,0,7,7,50-59,Male
1847,IMM_1,4,7,7,50-59,Male
1849,IMM_3,0,7,2,60-69,Male
1849,IMM_6,0,7,2,60-69,Male
1849,IMM_5,1,7,2,60-69,Male
1849,IMM_8,4,7,2,60-69,Male
1849,IMM_1,4,7,2,60-69,Male
1849,IMM_9,1,7,2,60-69,Male
1849,IMM_10,0,7,2,60-69,Male
1849,IMM_4,4,7,2,60-69,Male
1849,IMM_7,3,7,2,60-69,Male
1849,IMM_2,0,7,2,60-69,Male
1863,IMM_9,3,7,4,60-69,Male
1863,IMM_7,4,7,4,60-69,Male
1863,IMM_5,3,7,4,60-69,Male
1863,IMM_10,0,7,4,60-69,Male
1863,IMM_8,0,7,4,60-69,Male
1863,IMM_1,4,7,4,60-69,Male
1863,IMM_6,0,7,4,60-69,Male
1863,IMM_4,1,7,4,60-69,Male
1863,IMM_2,0,7,4,60-69,Male
1863,IMM_3,0,7,4,60-69,Male
1872,IMM_3,0,7,7,60-69,Male
1872,IMM_4,0,7,7,60-69,Male
1872,IMM_5,4,7,7,60-69,Male
1872,IMM_7,4,7,7,60-69,Male
1872,IMM_9,2,7,7,60-69,Male
1872,IMM_6,0,7,7,60-69,Male
1872,IMM_1,4,7,7,60-69,Male
1872,IMM_10,0,7,7,60-69,Male
1872,IMM_8,0,7,7,60-69,Male
1872,IMM_2,0,7,7,60-69,Male
1880,IMM_2,3,7,7,70-79,Male
1880,IMM_7,3,7,7,70-79,Male
1880,IMM_1,4,7,7,70-79,Male
1880,IMM_9,2,7,7,70-79,Male
1880,IMM_8,2,7,7,70-79,Male
1880,IMM_5,3,7,7,70-79,Male
1880,IMM_6,1,7,7,70-79,Male
1880,IMM_4,0,7,7,70-79,Male
1880,IMM_3,0,7,7,70-79,Male
1880,IMM_10,2,7,7,70-79,Male
1881,IMM_10,3,7,7,60-69,Male
1881,IMM_2,3,7,7,60-69,Male
1881,IMM_5,3,7,7,60-69,Male
1881,IMM_3,1,7,7,60-69,Male
1881,IMM_9,1,7,7,60-69,Male
1881,IMM_6,4,7,7,60-69,Male
1881,IMM_1,1,7,7,60-69,Male
1881,IMM_7,1,7,7,60-69,Male
1881,IMM_8,3,7,7,60-69,Male
1881,IMM_4,3,7,7,60-69,Male
1883,IMM_6,2,7,7,70-79,Male
1883,IMM_10,2,7,7,70-79,Male
1883,IMM_3,0,7,7,70-79,Male
1883,IMM_1,3,7,7,70-79,Male
1883,IMM_2,1,7,7,70-79,Male
1883,IMM_4,1,7,7,70-79,Male
1883,IMM_5,3,7,7,70-79,Male
1883,IMM_7,2,7,7,70-79,Male
1883,IMM_9,2,7,7,70-79,Male
1883,IMM_8,3,7,7,70-79,Male
1888,IMM_7,0,7,7,50-59,Male
1888,IMM_5,4,7,7,50-59,Male
1888,IMM_2,4,7,7,50-59,Male
1888,IMM_10,0,7,7,50-59,Male
1888,IMM_8,4,7,7,50-59,Male
1888,IMM_6,3,7,7,50-59,Male
1888,IMM_1,4,7,7,50-59,Male
1888,IMM_3,0,7,7,50-59,Male
1888,IMM_4,0,7,7,50-59,Male
1888,IMM_9,3,7,7,50-59,Male
1896,IMM_6,3,7,3,60-69,Male
1896,IMM_4,2,7,3,60-69,Male
1896,IMM_9,3,7,3,60-69,Male
1896,IMM_2,2,7,3,60-69,Male
1896,IMM_7,2,7,3,60-69,Male
1896,IMM_1,1,7,3,60-69,Male
1896,IMM_3,1,7,3,60-69,Male
1896,IMM_5,1,7,3,60-69,Male
1896,IMM_8,3,7,3,60-69,Male
1896,IMM_10,2,7,3,60-69,Male
1897,IMM_2,4,7,7,50-59,Male
1897,IMM_7,1,7,7,50-59,Male
1897,IMM_3,0,7,7,50-59,Male
1897,IMM_4,3,7,7,50-59,Male
1897,IMM_6,3,7,7,50-59,Male
1897,IMM_9,3,7,7,50-59,Male
1897,IMM_10,4,7,7,50-59,Male
1897,IMM_8,3,7,7,50-59,Male
1897,IMM_5,4,7,7,50-59,Male
1897,IMM_1,1,7,7,50-59,Male
1899,IMM_7,3,7,7,18-29,Male
1899,IMM_4,3,7,7,18-29,Male
1899,IMM_5,4,7,7,18-29,Male
1899,IMM_1,4,7,7,18-29,Male
1899,IMM_6,0,7,7,18-29,Male
1899,IMM_10,0,7,7,18-29,Male
1899,IMM_9,0,7,7,18-29,Male
1899,IMM_2,0,7,7,18-29,Male
1899,IMM_8,0,7,7,18-29,Male
1899,IMM_3,0,7,7,18-29,Male
1915,IMM_6,0,7,7,18-29,Male
1915,IMM_2,2,7,7,18-29,Male
1915,IMM_4,3,7,7,18-29,Male
1915,IMM_10,1,7,7,18-29,Male
1915,IMM_8,3,7,7,18-29,Male
1915,IMM_1,4,7,7,18-29,Male
1915,IMM_3,0,7,7,18-29,Male
1915,IMM_7,3,7,7,18-29,Male
1915,IMM_5,3,7,7,18-29,Male
1915,IMM_9,1,7,7,18-29,Male
1919,IMM_9,4,7,5,60-69,Male
1919,IMM_10,4,7,5,60-69,Male
1919,IMM_7,0,7,5,60-69,Male
1919,IMM_3,4,7,5,60-69,Male
1919,IMM_1,0,7,5,60-69,Male
1919,IMM_8,4,7,5,60-69,Male
1919,IMM_4,3,7,5,60-69,Male
1919,IMM_6,4,7,5,60-69,Male
1919,IMM_5,4,7,5,60-69,Male
1919,IMM_2,0,7,5,60-69,Male
1921,IMM_6,0,7,7,60-69,Male
1921,IMM_8,3,7,7,60-69,Male
1921,IMM_9,3,7,7,60-69,Male
1921,IMM_2,2,7,7,60-69,Male
1921,IMM_5,2,7,7,60-69,Male
1921,IMM_7,2,7,7,60-69,Male
1921,IMM_10,3,7,7,60-69,Male
1921,IMM_4,1,7,7,60-69,Male
1921,IMM_3,0,7,7,60-69,Male
1921,IMM_1,3,7,7,60-69,Male
1926,IMM_5,3,7,5,60-69,Male
1926,IMM_7,2,7,5,60-69,Male
1926,IMM_9,2,7,5,60-69,Male
1926,IMM_2,2,7,5,60-69,Male
1926,IMM_1,4,7,5,60-69,Male
1926,IMM_10,2,7,5,60-69,Male
1926,IMM_3,0,7,5,60-69,Male
1926,IMM_8,3,7,5,60-69,Male
1926,IMM_4,0,7,5,60-69,Male
1926,IMM_6,0,7,5,60-69,Male
1940,IMM_10,0,7,7,60-69,Male
1940,IMM_8,3,7,7,60-69,Male
1940,IMM_9,1,7,7,60-69,Male
1940,IMM_3,0,7,7,60-69,Male
1940,IMM_7,3,7,7,60-69,Male
1940,IMM_2,1,7,7,60-69,Male
1940,IMM_5,3,7,7,60-69,Male
1940,IMM_6,1,7,7,60-69,Male
1940,IMM_1,3,7,7,60-69,Male
1940,IMM_4,0,7,7,60-69,Male
1949,IMM_8,3,7,6,60-69,Male
1949,IMM_7,2,7,6,60-69,Male
1949,IMM_5,4,7,6,60-69,Male
1949,IMM_2,1,7,6,60-69,Male
1949,IMM_1,3,7,6,60-69,Male
1949,IMM_6,3,7,6,60-69,Male
1949,IMM_9,1,7,6,60-69,Male
1949,IMM_4,0,7,6,60-69,Male
1949,IMM_3,0,7,6,60-69,Male
1949,IMM_10,0,7,6,60-69,Male
1956,IMM_10,4,7,7,70-79,Male
1956,IMM_5,4,7,7,70-79,Male
1956,IMM_8,0,7,7,70-79,Male
1956,IMM_1,0,7,7,70-79,Male
1956,IMM_7,3,7,7,70-79,Male
1956,IMM_6,0,7,7,70-79,Male
1956,IMM_3,0,7,7,70-79,Male
1956,IMM_9,3,7,7,70-79,Male
1956,IMM_4,0,7,7,70-79,Male
1956,IMM_2,0,7,7,70-79,Male
1959,IMM_10,3,7,5,80+,Male
1959,IMM_2,4,7,5,80+,Male
1959,IMM_5,4,7,5,80+,Male
1959,IMM_1,2,7,5,80+,Male
1959,IMM_7,3,7,5,80+,Male
1959,IMM_8,4,7,5,80+,Male
1959,IMM_4,3,7,5,80+,Male
1959,IMM_3,0,7,5,80+,Male
1959,IMM_6,3,7,5,80+,Male
1959,IMM_9,3,7,5,80+,Male
1964,IMM_8,4,7,6,70-79,Male
1964,IMM_10,3,7,6,70-79,Male
1964,IMM_3,0,7,6,70-79,Male
1964,IMM_4,3,7,6,70-79,Male
1964,IMM_5,3,7,6,70-79,Male
1964,IMM_9,3,7,6,70-79,Male
1964,IMM_2,3,7,6,70-79,Male
1964,IMM_7,3,7,6,70-79,Male
1964,IMM_6,3,7,6,70-79,Male
1964,IMM_1,4,7,6,70-79,Male
1970,IMM_4,0,7,7,50-59,Male
1970,IMM_8,0,7,7,50-59,Male
1970,IMM_9,0,7,7,50-59,Male
1970,IMM_5,4,7,7,50-59,Male
1970,IMM_3,0,7,7,50-59,Male
1970,IMM_6,0,7,7,50-59,Male
1970,IMM_1,3,7,7,50-59,Male
1970,IMM_7,2,7,7,50-59,Male
1970,IMM_2,0,7,7,50-59,Male
1970,IMM_10,0,7,7,50-59,Male
1971,IMM_6,3,7,7,70-79,Male
1971,IMM_3,0,7,7,70-79,Male
1971,IMM_4,0,7,7,70-79,Male
1971,IMM_7,4,7,7,70-79,Male
1971,IMM_9,0,7,7,70-79,Male
1971,IMM_2,3,7,7,70-79,Male
1971,IMM_1,3,7,7,70-79,Male
1971,IMM_10,0,7,7,70-79,Male
1971,IMM_8,3,7,7,70-79,Male
1971,IMM_5,4,7,7,70-79,Male
1974,IMM_5,4,7,7,50-59,Male
1974,IMM_7,3,7,7,50-59,Male
1974,IMM_3,0,7,7,50-59,Male
1974,IMM_8,1,7,7,50-59,Male
1974,IMM_2,3,7,7,50-59,Male
1974,IMM_4,4,7,7,50-59,Male
1974,IMM_6,4,7,7,50-59,Male
1974,IMM_1,3,7,7,50-59,Male
1974,IMM_9,3,7,7,50-59,Male
1974,IMM_10,1,7,7,50-59,Male
1986,IMM_2,0,7,7,50-59,Male
1986,IMM_8,0,7,7,50-59,Male
1986,IMM_7,4,7,7,50-59,Male
1986,IMM_4,0,7,7,50-59,Male
1986,IMM_6,0,7,7,50-59,Male
1986,IMM_1,4,7,7,50-59,Male
1986,IMM_3,0,7,7,50-59,Male
1986,IMM_9,0,7,7,50-59,Male
1986,IMM_5,4,7,7,50-59,Male
1986,IMM_10,0,7,7,50-59,Male
1990,IMM_8,4,7,5,50-59,Male
1990,IMM_7,3,7,5,50-59,Male
1990,IMM_2,2,7,5,50-59,Male
1990,IMM_5,2,7,5,50-59,Male
1990,IMM_4,1,7,5,50-59,Male
1990,IMM_1,3,7,5,50-59,Male
1990,IMM_10,1,7,5,50-59,Male
1990,IMM_6,3,7,5,50-59,Male
1990,IMM_9,3,7,5,50-59,Male
1990,IMM_3,1,7,5,50-59,Male
1997,IMM_8,3,7,7,60-69,Male
1997,IMM_9,4,7,7,60-69,Male
1997,IMM_4,1,7,7,60-69,Male
1997,IMM_3,3,7,7,60-69,Male
1997,IMM_2,3,7,7,60-69,Male
1997,IMM_10,4,7,7,60-69,Male
1997,IMM_5,3,7,7,60-69,Male
1997,IMM_7,1,7,7,60-69,Male
1997,IMM_1,1,7,7,60-69,Male
1997,IMM_6,4,7,7,60-69,Male
2000,IMM_8,3,7,7,50-59,Male
2000,IMM_9,2,7,7,50-59,Male
2000,IMM_7,3,7,7,50-59,Male
2000,IMM_6,3,7,7,50-59,Male
2000,IMM_1,4,7,7,50-59,Male
2000,IMM_3,1,7,7,50-59,Male
2000,IMM_10,3,7,7,50-59,Male
2000,IMM_4,0,7,7,50-59,Male
2000,IMM_2,3,7,7,50-59,Male
2000,IMM_5,1,7,7,50-59,Male
2009,IMM_9,4,7,7,60-69,Male
2009,IMM_8,4,7,7,60-69,Male
2009,IMM_1,2,7,7,60-69,Male
2009,IMM_10,1,7,7,60-69,Male
2009,IMM_5,4,7,7,60-69,Male
2009,IMM_6,4,7,7,60-69,Male
2009,IMM_4,4,7,7,60-69,Male
2009,IMM_3,0,7,7,60-69,Male
2009,IMM_7,2,7,7,60-69,Male
2009,IMM_2,4,7,7,60-69,Male
2016,IMM_6,0,7,7,70-79,Male
2016,IMM_9,0,7,7,70-79,Male
2016,IMM_2,0,7,7,70-79,Male
2016,IMM_1,4,7,7,70-79,Male
2016,IMM_5,3,7,7,70-79,Male
2016,IMM_7,4,7,7,70-79,Male
2016,IMM_3,0,7,7,70-79,Male
2016,IMM_4,3,7,7,70-79,Male
2016,IMM_10,0,7,7,70-79,Male
2016,IMM_8,3,7,7,70-79,Male
2018,IMM_1,4,7,7,60-69,Male
2018,IMM_6,2,7,7,60-69,Male
2018,IMM_4,0,7,7,60-69,Male
2018,IMM_9,2,7,7,60-69,Male
2018,IMM_3,0,7,7,60-69,Male
2018,IMM_5,4,7,7,60-69,Male
2018,IMM_2,3,7,7,60-69,Male
2018,IMM_7,2,7,7,60-69,Male
2018,IMM_10,1,7,7,60-69,Male
2018,IMM_8,0,7,7,60-69,Male
2021,IMM_7,4,7,7,70-79,Male
2021,IMM_1,4,7,7,70-79,Male
2021,IMM_10,0,7,7,70-79,Male
2021,IMM_2,4,7,7,70-79,Male
2021,IMM_5,4,7,7,70-79,Male
2021,IMM_8,4,7,7,70-79,Male
2021,IMM_6,3,7,7,70-79,Male
2021,IMM_9,3,7,7,70-79,Male
2021,IMM_3,0,7,7,70-79,Male
2021,IMM_4,0,7,7,70-79,Male
2025,IMM_6,0,7,2,70-79,Male
2025,IMM_8,4,7,2,70-79,Male
2025,IMM_5,2,7,2,70-79,Male
2025,IMM_10,2,7,2,70-79,Male
2025,IMM_2,4,7,2,70-79,Male
2025,IMM_3,0,7,2,70-79,Male
2025,IMM_9,0,7,2,70-79,Male
2025,IMM_4,2,7,2,70-79,Male
2025,IMM_1,4,7,2,70-79,Male
2025,IMM_7,4,7,2,70-79,Male
2028,IMM_4,1,7,7,18-29,Male
2028,IMM_9,4,7,7,18-29,Male
2028,IMM_1,4,7,7,18-29,Male
2028,IMM_7,3,7,7,18-29,Male
2028,IMM_8,4,7,7,18-29,Male
2028,IMM_5,4,7,7,18-29,Male
2028,IMM_6,2,7,7,18-29,Male
2028,IMM_10,4,7,7,18-29,Male
2028,IMM_2,4,7,7,18-29,Male
2028,IMM_3,4,7,7,18-29,Male
2044,IMM_2,2,7,5,60-69,Male
2044,IMM_3,1,7,5,60-69,Male
2044,IMM_10,3,7,5,60-69,Male
2044,IMM_6,4,7,5,60-69,Male
2044,IMM_9,4,7,5,60-69,Male
2044,IMM_1,2,7,5,60-69,Male
2044,IMM_4,1,7,5,60-69,Male
2044,IMM_8,3,7,5,60-69,Male
2044,IMM_5,2,7,5,60-69,Male
2044,IMM_7,0,7,5,60-69,Male
2051,IMM_10,0,7,7,60-69,Male
2051,IMM_3,0,7,7,60-69,Male
2051,IMM_7,4,7,7,60-69,Male
2051,IMM_2,4,7,7,60-69,Male
2051,IMM_8,0,7,7,60-69,Male
2051,IMM_1,4,7,7,60-69,Male
2051,IMM_6,2,7,7,60-69,Male
2051,IMM_9,1,7,7,60-69,Male
2051,IMM_5,4,7,7,60-69,Male
2051,IMM_4,0,7,7,60-69,Male
2052,IMM_6,4,7,7,70-79,Male
2052,IMM_5,4,7,7,70-79,Male
2052,IMM_2,1,7,7,70-79,Male
2052,IMM_9,1,7,7,70-79,Male
2052,IMM_8,3,7,7,70-79,Male
2052,IMM_4,2,7,7,70-79,Male
2052,IMM_7,3,7,7,70-79,Male
2052,IMM_1,4,7,7,70-79,Male
2052,IMM_10,1,7,7,70-79,Male
2052,IMM_3,0,7,7,70-79,Male
2056,IMM_2,3,7,5,70-79,Male
2056,IMM_8,3,7,5,70-79,Male
2056,IMM_1,1,7,5,70-79,Male
2056,IMM_3,0,7,5,70-79,Male
2056,IMM_7,2,7,5,70-79,Male
2056,IMM_10,1,7,5,70-79,Male
2056,IMM_6,3,7,5,70-79,Male
2056,IMM_9,2,7,5,70-79,Male
2056,IMM_4,0,7,5,70-79,Male
2056,IMM_5,4,7,5,70-79,Male
2060,IMM_2,0,7,7,70-79,Male
2060,IMM_7,3,7,7,70-79,Male
2060,IMM_8,3,7,7,70-79,Male
2060,IMM_3,0,7,7,70-79,Male
2060,IMM_4,0,7,7,70-79,Male
2060,IMM_1,4,7,7,70-79,Male
2060,IMM_9,1,7,7,70-79,Male
2060,IMM_6,1,7,7,70-79,Male
2060,IMM_5,4,7,7,70-79,Male
2060,IMM_10,1,7,7,70-79,Male
2066,IMM_7,4,7,7,30-39,Male
2066,IMM_1,4,7,7,30-39,Male
2066,IMM_10,0,7,7,30-39,Male
2066,IMM_5,3,7,7,30-39,Male
2066,IMM_6,4,7,7,30-39,Male
2066,IMM_4,0,7,7,30-39,Male
2066,IMM_8,0,7,7,30-39,Male
2066,IMM_9,4,7,7,30-39,Male
2066,IMM_3,0,7,7,30-39,Male
2066,IMM_2,1,7,7,30-39,Male
2069,IMM_5,3,7,5,60-69,Male
2069,IMM_8,3,7,5,60-69,Male
2069,IMM_7,2,7,5,60-69,Male
2069,IMM_2,2,7,5,60-69,Male
2069,IMM_6,2,7,5,60-69,Male
2069,IMM_4,1,7,5,60-69,Male
2069,IMM_1,2,7,5,60-69,Male
2069,IMM_9,2,7,5,60-69,Male
2069,IMM_3,1,7,5,60-69,Male
2069,IMM_10,2,7,5,60-69,Male
2073,IMM_5,4,7,1,18-29,Male
2073,IMM_6,1,7,1,18-29,Male
2073,IMM_9,0,7,1,18-29,Male
2073,IMM_4,3,7,1,18-29,Male
2073,IMM_10,1,7,1,18-29,Male
2073,IMM_3,4,7,1,18-29,Male
2073,IMM_8,4,7,1,18-29,Male
2073,IMM_2,4,7,1,18-29,Male
2073,IMM_7,3,7,1,18-29,Male
2073,IMM_1,0,7,1,18-29,Male
2085,IMM_4,4,7,1,40-49,Male
2085,IMM_7,4,7,1,40-49,Male
2085,IMM_3,0,7,1,40-49,Male
2085,IMM_8,4,7,1,40-49,Male
2085,IMM_5,4,7,1,40-49,Male
2085,IMM_10,4,7,1,40-49,Male
2085,IMM_9,4,7,1,40-49,Male
2085,IMM_2,4,7,1,40-49,Male
2085,IMM_1,2,7,1,40-49,Male
2085,IMM_6,4,7,1,40-49,Male
2086,IMM_5,3,7,7,40-49,Male
2086,IMM_2,1,7,7,40-49,Male
2086,IMM_8,2,7,7,40-49,Male
2086,IMM_6,3,7,7,40-49,Male
2086,IMM_7,4,7,7,40-49,Male
2086,IMM_1,3,7,7,40-49,Male
2086,IMM_4,3,7,7,40-49,Male
2086,IMM_3,3,7,7,40-49,Male
2086,IMM_10,4,7,7,40-49,Male
2086,IMM_9,2,7,7,40-49,Male
2087,IMM_2,2,7,7,60-69,Male
2087,IMM_10,3,7,7,60-69,Male
2087,IMM_8,3,7,7,60-69,Male
2087,IMM_4,1,7,7,60-69,Male
2087,IMM_1,2,7,7,60-69,Male
2087,IMM_7,3,7,7,60-69,Male
2087,IMM_3,0,7,7,60-69,Male
2087,IMM_9,2,7,7,60-69,Male
2087,IMM_6,3,7,7,60-69,Male
2087,IMM_5,4,7,7,60-69,Male
2098,IMM_7,4,7,7,70-79,Male
2098,IMM_6,4,7,7,70-79,Male
2098,IMM_2,3,7,7,70-79,Male
2098,IMM_9,3,7,7,70-79,Male
2098,IMM_1,4,7,7,70-79,Male
2098,IMM_10,2,7,7,70-79,Male
2098,IMM_5,4,7,7,70-79,Male
2098,IMM_4,1,7,7,70-79,Male
2098,IMM_8,1,7,7,70-79,Male
2098,IMM_3,0,7,7,70-79,Male
2102,IMM_2,3,7,7,70-79,Male
2102,IMM_4,3,7,7,70-79,Male
2102,IMM_1,1,7,7,70-79,Male
2102,IMM_6,3,7,7,70-79,Male
2102,IMM_5,4,7,7,70-79,Male
2102,IMM_8,3,7,7,70-79,Male
2102,IMM_7,3,7,7,70-79,Male
2102,IMM_10,2,7,7,70-79,Male
2102,IMM_9,3,7,7,70-79,Male
2102,IMM_3,1,7,7,70-79,Male
2111,IMM_7,2,7,7,80+,Male
2111,IMM_4,0,7,7,80+,Male
2111,IMM_10,3,7,7,80+,Male
2111,IMM_3,0,7,7,80+,Male
2111,IMM_9,4,7,7,80+,Male
2111,IMM_1,2,7,7,80+,Male
2111,IMM_5,4,7,7,80+,Male
2111,IMM_8,4,7,7,80+,Male
2111,IMM_6,4,7,7,80+,Male
2111,IMM_2,3,7,7,80+,Male
2114,IMM_10,0,7,7,70-79,Male
2114,IMM_6,0,7,7,70-79,Male
2114,IMM_3,0,7,7,70-79,Male
2114,IMM_5,4,7,7,70-79,Male
2114,IMM_8,0,7,7,70-79,Male
2114,IMM_9,4,7,7,70-79,Male
2114,IMM_4,0,7,7,70-79,Male
2114,IMM_2,0,7,7,70-79,Male
2114,IMM_1,4,7,7,70-79,Male
2114,IMM_7,4,7,7,70-79,Male
2119,IMM_8,3,7,7,70-79,Male
2119,IMM_7,3,7,7,70-79,Male
2119,IMM_3,0,7,7,70-79,Male
2119,IMM_5,4,7,7,70-79,Male
2119,IMM_1,4,7,7,70-79,Male
2119,IMM_6,3,7,7,70-79,Male
2119,IMM_9,2,7,7,70-79,Male
2119,IMM_10,0,7,7,70-79,Male
2119,IMM_4,0,7,7,70-79,Male
2119,IMM_2,3,7,7,70-79,Male
2121,IMM_7,3,7,5,70-79,Male
2121,IMM_2,0,7,5,70-79,Male
2121,IMM_5,3,7,5,70-79,Male
2121,IMM_6,2,7,5,70-79,Male
2121,IMM_1,3,7,5,70-79,Male
2121,IMM_10,3,7,5,70-79,Male
2121,IMM_8,3,7,5,70-79,Male
2121,IMM_3,0,7,5,70-79,Male
2121,IMM_4,0,7,5,70-79,Male
2121,IMM_9,2,7,5,70-79,Male
2122,IMM_8,0,7,7,80+,Male
2122,IMM_7,0,7,7,80+,Male
2122,IMM_4,0,7,7,80+,Male
2122,IMM_3,0,7,7,80+,Male
2122,IMM_5,2,7,7,80+,Male
2122,IMM_6,0,7,7,80+,Male
2122,IMM_9,3,7,7,80+,Male
2122,IMM_10,1,7,7,80+,Male
2122,IMM_2,0,7,7,80+,Male
2122,IMM_1,0,7,7,80+,Male
2131,IMM_4,3,7,7,50-59,Male
2131,IMM_6,0,7,7,50-59,Male
2131,IMM_3,0,7,7,50-59,Male
2131,IMM_8,3,7,7,50-59,Male
2131,IMM_7,4,7,7,50-59,Male
2131,IMM_9,4,7,7,50-59,Male
2131,IMM_1,4,7,7,50-59,Male
2131,IMM_10,0,7,7,50-59,Male
2131,IMM_2,3,7,7,50-59,Male
2131,IMM_5,4,7,7,50-59,Male
2136,IMM_7,0,7,1,30-39,Male
2136,IMM_1,3,7,1,30-39,Male
2136,IMM_3,3,7,1,30-39,Male
2136,IMM_2,3,7,1,30-39,Male
2136,IMM_10,4,7,1,30-39,Male
2136,IMM_4,4,7,1,30-39,Male
2136,IMM_8,4,7,1,30-39,Male
2136,IMM_5,3,7,1,30-39,Male
2136,IMM_6,4,7,1,30-39,Male
2136,IMM_9,1,7,1,30-39,Male
2138,IMM_10,3,7,7,60-69,Male
2138,IMM_7,2,7,7,60-69,Male
2138,IMM_3,0,7,7,60-69,Male
2138,IMM_2,0,7,7,60-69,Male
2138,IMM_6,3,7,7,60-69,Male
2138,IMM_9,4,7,7,60-69,Male
2138,IMM_8,0,7,7,60-69,Male
2138,IMM_5,4,7,7,60-69,Male
2138,IMM_1,4,7,7,60-69,Male
2138,IMM_4,0,7,7,60-69,Male
2141,IMM_1,4,7,7,18-29,Male
2141,IMM_8,4,7,7,18-29,Male
2141,IMM_7,4,7,7,18-29,Male
2141,IMM_3,4,7,7,18-29,Male
2141,IMM_9,3,7,7,18-29,Male
2141,IMM_4,4,7,7,18-29,Male
2141,IMM_2,1,7,7,18-29,Male
2141,IMM_10,4,7,7,18-29,Male
2141,IMM_6,4,7,7,18-29,Male
2141,IMM_5,3,7,7,18-29,Male
2146,IMM_8,4,7,7,18-29,Male
2146,IMM_1,3,7,7,18-29,Male
2146,IMM_10,3,7,7,18-29,Male
2146,IMM_4,4,7,7,18-29,Male
2146,IMM_7,4,7,7,18-29,Male
2146,IMM_9,3,7,7,18-29,Male
2146,IMM_6,4,7,7,18-29,Male
2146,IMM_2,1,7,7,18-29,Male
2146,IMM_3,1,7,7,18-29,Male
2146,IMM_5,4,7,7,18-29,Male
2161,IMM_7,2,7,5,70-79,Male
2161,IMM_3,1,7,5,70-79,Male
2161,IMM_10,3,7,5,70-79,Male
2161,IMM_6,4,7,5,70-79,Male
2161,IMM_2,3,7,5,70-79,Male
2161,IMM_4,1,7,5,70-79,Male
2161,IMM_1,1,7,5,70-79,Male
2161,IMM_5,2,7,5,70-79,Male
2161,IMM_8,3,7,5,70-79,Male
2161,IMM_9,2,7,5,70-79,Male
2163,IMM_8,1,7,7,70-79,Male
2163,IMM_3,0,7,7,70-79,Male
2163,IMM_10,1,7,7,70-79,Male
2163,IMM_7,4,7,7,70-79,Male
2163,IMM_9,1,7,7,70-79,Male
2163,IMM_4,0,7,7,70-79,Male
2163,IMM_6,1,7,7,70-79,Male
2163,IMM_1,3,7,7,70-79,Male
2163,IMM_5,1,7,7,70-79,Male
2163,IMM_2,1,7,7,70-79,Male
2168,IMM_1,4,7,7,70-79,Male
2168,IMM_6,2,7,7,70-79,Male
2168,IMM_5,4,7,7,70-79,Male
2168,IMM_8,0,7,7,70-79,Male
2168,IMM_3,0,7,7,70-79,Male
2168,IMM_2,0,7,7,70-79,Male
2168,IMM_9,2,7,7,70-79,Male
2168,IMM_10,0,7,7,70-79,Male
2168,IMM_7,4,7,7,70-79,Male
2168,IMM_4,0,7,7,70-79,Male
2169,IMM_10,2,7,7,40-49,Male
2169,IMM_8,3,7,7,40-49,Male
2169,IMM_2,3,7,7,40-49,Male
2169,IMM_6,3,7,7,40-49,Male
2169,IMM_4,2,7,7,40-49,Male
2169,IMM_9,4,7,7,40-49,Male
2169,IMM_7,2,7,7,40-49,Male
2169,IMM_5,3,7,7,40-49,Male
2169,IMM_1,2,7,7,40-49,Male
2169,IMM_3,1,7,7,40-49,Male
2170,IMM_1,4,7,7,60-69,Male
2170,IMM_8,0,7,7,60-69,Male
2170,IMM_3,0,7,7,60-69,Male
2170,IMM_9,0,7,7,60-69,Male
2170,IMM_7,3,7,7,60-69,Male
2170,IMM_2,0,7,7,60-69,Male
2170,IMM_10,1,7,7,60-69,Male
2170,IMM_5,4,7,7,60-69,Male
2170,IMM_6,0,7,7,60-69,Male
2170,IMM_4,1,7,7,60-69,Male
2172,IMM_7,3,7,3,60-69,Male
2172,IMM_2,3,7,3,60-69,Male
2172,IMM_3,3,7,3,60-69,Male
2172,IMM_9,1,7,3,60-69,Male
2172,IMM_8,1,7,3,60-69,Male
2172,IMM_6,1,7,3,60-69,Male
2172,IMM_1,4,7,3,60-69,Male
2172,IMM_5,3,7,3,60-69,Male
2172,IMM_4,1,7,3,60-69,Male
2172,IMM_10,2,7,3,60-69,Male
2174,IMM_10,2,7,7,70-79,Male
2174,IMM_7,3,7,7,70-79,Male
2174,IMM_5,4,7,7,70-79,Male
2174,IMM_6,0,7,7,70-79,Male
2174,IMM_4,1,7,7,70-79,Male
2174,IMM_3,0,7,7,70-79,Male
2174,IMM_8,0,7,7,70-79,Male
2174,IMM_9,0,7,7,70-79,Male
2174,IMM_2,4,7,7,70-79,Male
2174,IMM_1,4,7,7,70-79,Male
2184,IMM_8,4,7,7,60-69,Male
2184,IMM_6,4,7,7,60-69,Male
2184,IMM_7,2,7,7,60-69,Male
2184,IMM_3,0,7,7,60-69,Male
2184,IMM_1,3,7,7,60-69,Male
2184,IMM_2,3,7,7,60-69,Male
2184,IMM_4,3,7,7,60-69,Male
2184,IMM_10,3,7,7,60-69,Male
2184,IMM_9,3,7,7,60-69,Male
2184,IMM_5,4,7,7,60-69,Male
2198,IMM_3,4,7,7,30-39,Male
2198,IMM_1,4,7,7,30-39,Male
2198,IMM_7,3,7,7,30-39,Male
2198,IMM_2,4,7,7,30-39,Male
2198,IMM_4,4,7,7,30-39,Male
2198,IMM_6,4,7,7,30-39,Male
2198,IMM_10,2,7,7,30-39,Male
2198,IMM_9,4,7,7,30-39,Male
2198,IMM_8,0,7,7,30-39,Male
2198,IMM_5,4,7,7,30-39,Male
2203,IMM_3,1,7,7,60-69,Male
2203,IMM_10,3,7,7,60-69,Male
2203,IMM_2,2,7,7,60-69,Male
2203,IMM_9,3,7,7,60-69,Male
2203,IMM_6,3,7,7,60-69,Male
2203,IMM_8,3,7,7,60-69,Male
2203,IMM_4,2,7,7,60-69,Male
2203,IMM_7,2,7,7,60-69,Male
2203,IMM_1,2,7,7,60-69,Male
2203,IMM_5,3,7,7,60-69,Male
2221,IMM_7,0,7,7,40-49,Male
2221,IMM_8,3,7,7,40-49,Male
2221,IMM_4,2,7,7,40-49,Male
2221,IMM_5,3,7,7,40-49,Male
2221,IMM_2,2,7,7,40-49,Male
2221,IMM_6,2,7,7,40-49,Male
2221,IMM_9,2,7,7,40-49,Male
2221,IMM_1,4,7,7,40-49,Male
2221,IMM_10,2,7,7,40-49,Male
2221,IMM_3,0,7,7,40-49,Male
2224,IMM_5,4,7,7,50-59,Male
2224,IMM_4,1,7,7,50-59,Male
2224,IMM_7,4,7,7,50-59,Male
2224,IMM_10,0,7,7,50-59,Male
2224,IMM_3,0,7,7,50-59,Male
2224,IMM_9,3,7,7,50-59,Male
2224,IMM_6,3,7,7,50-59,Male
2224,IMM_2,0,7,7,50-59,Male
2224,IMM_8,2,7,7,50-59,Male
2224,IMM_1,4,7,7,50-59,Male
2227,IMM_9,2,7,7,50-59,Male
2227,IMM_8,1,7,7,50-59,Male
2227,IMM_10,1,7,7,50-59,Male
2227,IMM_7,3,7,7,50-59,Male
2227,IMM_4,1,7,7,50-59,Male
2227,IMM_3,0,7,7,50-59,Male
2227,IMM_1,2,7,7,50-59,Male
2227,IMM_2,3,7,7,50-59,Male
2227,IMM_6,2,7,7,50-59,Male
2227,IMM_5,3,7,7,50-59,Male
2230,IMM_5,3,7,1,40-49,Male
2230,IMM_1,1,7,1,40-49,Male
2230,IMM_4,2,7,1,40-49,Male
2230,IMM_10,3,7,1,40-49,Male
2230,IMM_7,2,7,1,40-49,Male
2230,IMM_9,4,7,1,40-49,Male
2230,IMM_2,4,7,1,40-49,Male
2230,IMM_8,4,7,1,40-49,Male
2230,IMM_3,2,7,1,40-49,Male
2230,IMM_6,3,7,1,40-49,Male
2234,IMM_5,1,7,7,60-69,Male
2234,IMM_9,4,7,7,60-69,Male
2234,IMM_2,4,7,7,60-69,Male
2234,IMM_1,4,7,7,60-69,Male
2234,IMM_8,3,7,7,60-69,Male
2234,IMM_7,2,7,7,60-69,Male
2234,IMM_6,3,7,7,60-69,Male
2234,IMM_10,3,7,7,60-69,Male
2234,IMM_3,0,7,7,60-69,Male
2234,IMM_4,1,7,7,60-69,Male
2244,IMM_3,1,7,7,60-69,Male
2244,IMM_4,2,7,7,60-69,Male
2244,IMM_5,3,7,7,60-69,Male
2244,IMM_7,2,7,7,60-69,Male
2244,IMM_10,1,7,7,60-69,Male
2244,IMM_8,3,7,7,60-69,Male
2244,IMM_6,3,7,7,60-69,Male
2244,IMM_9,4,7,7,60-69,Male
2244,IMM_2,4,7,7,60-69,Male
2244,IMM_1,1,7,7,60-69,Male
2254,IMM_7,3,7,5,60-69,Male
2254,IMM_1,4,7,5,60-69,Male
2254,IMM_8,4,7,5,60-69,Male
2254,IMM_5,4,7,5,60-69,Male
2254,IMM_6,3,7,5,60-69,Male
2254,IMM_2,2,7,5,60-69,Male
2254,IMM_3,0,7,5,60-69,Male
2254,IMM_10,1,7,5,60-69,Male
2254,IMM_4,1,7,5,60-69,Male
2254,IMM_9,2,7,5,60-69,Male
2259,IMM_9,2,7,7,40-49,Male
2259,IMM_10,2,7,7,40-49,Male
2259,IMM_3,1,7,7,40-49,Male
2259,IMM_4,2,7,7,40-49,Male
2259,IMM_8,3,7,7,40-49,Male
2259,IMM_2,3,7,7,40-49,Male
2259,IMM_6,2,7,7,40-49,Male
2259,IMM_5,2,7,7,40-49,Male
2259,IMM_7,2,7,7,40-49,Male
2259,IMM_1,3,7,7,40-49,Male
2260,IMM_1,4,7,7,70-79,Male
2260,IMM_10,2,7,7,70-79,Male
2260,IMM_3,0,7,7,70-79,Male
2260,IMM_8,4,7,7,70-79,Male
2260,IMM_5,4,7,7,70-79,Male
2260,IMM_9,4,7,7,70-79,Male
2260,IMM_2,4,7,7,70-79,Male
2260,IMM_6,1,7,7,70-79,Male
2260,IMM_7,4,7,7,70-79,Male
2260,IMM_4,1,7,7,70-79,Male
2275,IMM_6,2,7,7,30-39,Male
2275,IMM_9,1,7,7,30-39,Male
2275,IMM_8,0,7,7,30-39,Male
2275,IMM_2,1,7,7,30-39,Male
2275,IMM_4,2,7,7,30-39,Male
2275,IMM_1,3,7,7,30-39,Male
2275,IMM_7,2,7,7,30-39,Male
2275,IMM_5,2,7,7,30-39,Male
2275,IMM_3,0,7,7,30-39,Male
2275,IMM_10,1,7,7,30-39,Male
2284,IMM_1,3,7,7,40-49,Male
2284,IMM_7,1,7,7,40-49,Male
2284,IMM_2,2,7,7,40-49,Male
2284,IMM_5,3,7,7,40-49,Male
2284,IMM_4,1,7,7,40-49,Male
2284,IMM_6,0,7,7,40-49,Male
2284,IMM_9,1,7,7,40-49,Male
2284,IMM_3,0,7,7,40-49,Male
2284,IMM_10,2,7,7,40-49,Male
2284,IMM_8,2,7,7,40-49,Male
2285,IMM_10,1,7,7,80+,Male
2285,IMM_2,3,7,7,80+,Male
2285,IMM_8,3,7,7,80+,Male
2285,IMM_9,3,7,7,80+,Male
2285,IMM_4,0,7,7,80+,Male
2285,IMM_1,3,7,7,80+,Male
2285,IMM_3,0,7,7,80+,Male
2285,IMM_6,3,7,7,80+,Male
2285,IMM_7,4,7,7,80+,Male
2285,IMM_5,4,7,7,80+,Male
2288,IMM_2,0,7,7,50-59,Male
2288,IMM_5,4,7,7,50-59,Male
2288,IMM_4,0,7,7,50-59,Male
2288,IMM_9,1,7,7,50-59,Male
2288,IMM_1,4,7,7,50-59,Male
2288,IMM_10,0,7,7,50-59,Male
2288,IMM_6,0,7,7,50-59,Male
2288,IMM_3,0,7,7,50-59,Male
2288,IMM_8,0,7,7,50-59,Male
2288,IMM_7,4,7,7,50-59,Male
2298,IMM_6,0,7,7,60-69,Male
2298,IMM_4,0,7,7,60-69,Male
2298,IMM_1,4,7,7,60-69,Male
2298,IMM_3,0,7,7,60-69,Male
2298,IMM_5,4,7,7,60-69,Male
2298,IMM_7,3,7,7,60-69,Male
2298,IMM_8,0,7,7,60-69,Male
2298,IMM_10,3,7,7,60-69,Male
2298,IMM_2,0,7,7,60-69,Male
2298,IMM_9,0,7,7,60-69,Male
2305,IMM_3,0,7,7,70-79,Male
2305,IMM_1,4,7,7,70-79,Male
2305,IMM_10,0,7,7,70-79,Male
2305,IMM_6,4,7,7,70-79,Male
2305,IMM_7,4,7,7,70-79,Male
2305,IMM_8,4,7,7,70-79,Male
2305,IMM_5,4,7,7,70-79,Male
2305,IMM_9,2,7,7,70-79,Male
2305,IMM_4,3,7,7,70-79,Male
2305,IMM_2,4,7,7,70-79,Male
2314,IMM_3,0,7,7,40-49,Male
2314,IMM_9,3,7,7,40-49,Male
2314,IMM_5,4,7,7,40-49,Male
2314,IMM_4,3,7,7,40-49,Male
2314,IMM_10,3,7,7,40-49,Male
2314,IMM_7,2,7,7,40-49,Male
2314,IMM_6,1,7,7,40-49,Male
2314,IMM_8,0,7,7,40-49,Male
2314,IMM_2,0,7,7,40-49,Male
2314,IMM_1,4,7,7,40-49,Male
2317,IMM_9,2,7,7,70-79,Male
2317,IMM_1,3,7,7,70-79,Male
2317,IMM_3,0,7,7,70-79,Male
2317,IMM_8,1,7,7,70-79,Male
2317,IMM_10,2,7,7,70-79,Male
2317,IMM_2,4,7,7,70-79,Male
2317,IMM_5,3,7,7,70-79,Male
2317,IMM_7,2,7,7,70-79,Male
2317,IMM_4,1,7,7,70-79,Male
2317,IMM_6,2,7,7,70-79,Male
2348,IMM_2,1,7,7,60-69,Male
2348,IMM_3,1,7,7,60-69,Male
2348,IMM_8,0,7,7,60-69,Male
2348,IMM_7,2,7,7,60-69,Male
2348,IMM_9,3,7,7,60-69,Male
2348,IMM_5,4,7,7,60-69,Male
2348,IMM_4,1,7,7,60-69,Male
2348,IMM_6,3,7,7,60-69,Male
2348,IMM_1,4,7,7,60-69,Male
2348,IMM_10,3,7,7,60-69,Male
2349,IMM_9,3,7,7,50-59,Male
2349,IMM_4,3,7,7,50-59,Male
2349,IMM_2,3,7,7,50-59,Male
2349,IMM_7,3,7,7,50-59,Male
2349,IMM_3,0,7,7,50-59,Male
2349,IMM_1,1,7,7,50-59,Male
2349,IMM_6,3,7,7,50-59,Male
2349,IMM_10,4,7,7,50-59,Male
2349,IMM_8,3,7,7,50-59,Male
2349,IMM_5,3,7,7,50-59,Male
2350,IMM_3,0,7,7,50-59,Male
2350,IMM_2,0,7,7,50-59,Male
2350,IMM_6,3,7,7,50-59,Male
2350,IMM_7,3,7,7,50-59,Male
2350,IMM_9,4,7,7,50-59,Male
2350,IMM_4,3,7,7,50-59,Male
2350,IMM_5,4,7,7,50-59,Male
2350,IMM_10,0,7,7,50-59,Male
2350,IMM_1,4,7,7,50-59,Male
2350,IMM_8,0,7,7,50-59,Male
2354,IMM_5,1,7,7,70-79,Male
2354,IMM_8,4,7,7,70-79,Male
2354,IMM_6,0,7,7,70-79,Male
2354,IMM_4,1,7,7,70-79,Male
2354,IMM_10,1,7,7,70-79,Male
2354,IMM_7,4,7,7,70-79,Male
2354,IMM_9,0,7,7,70-79,Male
2354,IMM_2,3,7,7,70-79,Male
2354,IMM_1,4,7,7,70-79,Male
2354,IMM_3,0,7,7,70-79,Male
2363,IMM_10,3,7,7,70-79,Male
2363,IMM_3,0,7,7,70-79,Male
2363,IMM_8,1,7,7,70-79,Male
2363,IMM_7,4,7,7,70-79,Male
2363,IMM_5,4,7,7,70-79,Male
2363,IMM_6,4,7,7,70-79,Male
2363,IMM_1,4,7,7,70-79,Male
2363,IMM_9,3,7,7,70-79,Male
2363,IMM_2,3,7,7,70-79,Male
2363,IMM_4,0,7,7,70-79,Male
2369,IMM_7,4,7,7,60-69,Male
2369,IMM_3,0,7,7,60-69,Male
2369,IMM_2,0,7,7,60-69,Male
2369,IMM_8,0,7,7,60-69,Male
2369,IMM_1,4,7,7,60-69,Male
2369,IMM_10,0,7,7,60-69,Male
2369,IMM_6,0,7,7,60-69,Male
2369,IMM_4,0,7,7,60-69,Male
2369,IMM_5,4,7,7,60-69,Male
2369,IMM_9,2,7,7,60-69,Male
2374,IMM_3,0,7,7,70-79,Male
2374,IMM_1,3,7,7,70-79,Male
2374,IMM_7,2,7,7,70-79,Male
2374,IMM_2,3,7,7,70-79,Male
2374,IMM_9,3,7,7,70-79,Male
2374,IMM_4,1,7,7,70-79,Male
2374,IMM_5,3,7,7,70-79,Male
2374,IMM_6,3,7,7,70-79,Male
2374,IMM_10,3,7,7,70-79,Male
2374,IMM_8,3,7,7,70-79,Male
2378,IMM_6,0,7,7,70-79,Male
2378,IMM_3,0,7,7,70-79,Male
2378,IMM_2,3,7,7,70-79,Male
2378,IMM_1,3,7,7,70-79,Male
2378,IMM_5,3,7,7,70-79,Male
2378,IMM_4,1,7,7,70-79,Male
2378,IMM_10,3,7,7,70-79,Male
2378,IMM_7,3,7,7,70-79,Male
2378,IMM_9,2,7,7,70-79,Male
2378,IMM_8,0,7,7,70-79,Male
2379,IMM_9,3,7,7,50-59,Male
2379,IMM_7,2,7,7,50-59,Male
2379,IMM_6,2,7,7,50-59,Male
2379,IMM_3,0,7,7,50-59,Male
2379,IMM_2,2,7,7,50-59,Male
2379,IMM_5,3,7,7,50-59,Male
2379,IMM_1,2,7,7,50-59,Male
2379,IMM_8,3,7,7,50-59,Male
2379,IMM_10,3,7,7,50-59,Male
2379,IMM_4,1,7,7,50-59,Male
2384,IMM_3,0,7,7,40-49,Male
2384,IMM_6,4,7,7,40-49,Male
2384,IMM_8,1,7,7,40-49,Male
2384,IMM_4,0,7,7,40-49,Male
2384,IMM_2,3,7,7,40-49,Male
2384,IMM_7,2,7,7,40-49,Male
2384,IMM_9,2,7,7,40-49,Male
2384,IMM_5,3,7,7,40-49,Male
2384,IMM_10,1,7,7,40-49,Male
2384,IMM_1,4,7,7,40-49,Male
2387,IMM_8,4,7,7,80+,Male
2387,IMM_6,3,7,7,80+,Male
2387,IMM_2,3,7,7,80+,Male
2387,IMM_7,1,7,7,80+,Male
2387,IMM_5,4,7,7,80+,Male
2387,IMM_1,1,7,7,80+,Male
2387,IMM_9,2,7,7,80+,Male
2387,IMM_10,0,7,7,80+,Male
2387,IMM_4,4,7,7,80+,Male
2387,IMM_3,0,7,7,80+,Male
2394,IMM_2,3,7,7,50-59,Male
2394,IMM_4,0,7,7,50-59,Male
2394,IMM_9,3,7,7,50-59,Male
2394,IMM_10,3,7,7,50-59,Male
2394,IMM_1,4,7,7,50-59,Male
2394,IMM_6,2,7,7,50-59,Male
2394,IMM_5,3,7,7,50-59,Male
2394,IMM_7,3,7,7,50-59,Male
2394,IMM_8,3,7,7,50-59,Male
2394,IMM_3,0,7,7,50-59,Male
2399,IMM_4,0,7,7,60-69,Male
2399,IMM_8,3,7,7,60-69,Male
2399,IMM_10,3,7,7,60-69,Male
2399,IMM_7,2,7,7,60-69,Male
2399,IMM_9,4,7,7,60-69,Male
2399,IMM_3,0,7,7,60-69,Male
2399,IMM_5,4,7,7,60-69,Male
2399,IMM_6,4,7,7,60-69,Male
2399,IMM_2,4,7,7,60-69,Male
2399,IMM_1,1,7,7,60-69,Male
2413,IMM_3,0,7,7,60-69,Male
2413,IMM_6,0,7,7,60-69,Male
2413,IMM_7,3,7,7,60-69,Male
2413,IMM_10,1,7,7,60-69,Male
2413,IMM_2,4,7,7,60-69,Male
2413,IMM_4,0,7,7,60-69,Male
2413,IMM_1,4,7,7,60-69,Male
2413,IMM_8,0,7,7,60-69,Male
2413,IMM_9,0,7,7,60-69,Male
2413,IMM_5,4,7,7,60-69,Male
2416,IMM_3,1,7,6,60-69,Male
2416,IMM_2,1,7,6,60-69,Male
2416,IMM_9,2,7,6,60-69,Male
2416,IMM_1,1,7,6,60-69,Male
2416,IMM_5,3,7,6,60-69,Male
2416,IMM_7,3,7,6,60-69,Male
2416,IMM_4,0,7,6,60-69,Male
2416,IMM_10,2,7,6,60-69,Male
2416,IMM_8,3,7,6,60-69,Male
2416,IMM_6,2,7,6,60-69,Male
2419,IMM_6,3,7,7,70-79,Male
2419,IMM_3,0,7,7,70-79,Male
2419,IMM_5,4,7,7,70-79,Male
2419,IMM_7,4,7,7,70-79,Male
2419,IMM_1,3,7,7,70-79,Male
2419,IMM_10,3,7,7,70-79,Male
2419,IMM_9,4,7,7,70-79,Male
2419,IMM_8,3,7,7,70-79,Male
2419,IMM_2,3,7,7,70-79,Male
2419,IMM_4,1,7,7,70-79,Male
2420,IMM_4,1,7,7,50-59,Male
2420,IMM_6,3,7,7,50-59,Male
2420,IMM_5,3,7,7,50-59,Male
2420,IMM_3,0,7,7,50-59,Male
2420,IMM_10,0,7,7,50-59,Male
2420,IMM_9,0,7,7,50-59,Male
2420,IMM_8,2,7,7,50-59,Male
2420,IMM_2,0,7,7,50-59,Male
2420,IMM_7,2,7,7,50-59,Male
2420,IMM_1,4,7,7,50-59,Male
2423,IMM_10,3,7,3,60-69,Male
2423,IMM_2,4,7,3,60-69,Male
2423,IMM_6,4,7,3,60-69,Male
2423,IMM_7,2,7,3,60-69,Male
2423,IMM_3,4,7,3,60-69,Male
2423,IMM_4,2,7,3,60-69,Male
2423,IMM_1,1,7,3,60-69,Male
2423,IMM_9,3,7,3,60-69,Male
2423,IMM_5,2,7,3,60-69,Male
2423,IMM_8,4,7,3,60-69,Male
2425,IMM_4,4,7,7,50-59,Male
2425,IMM_9,2,7,7,50-59,Male
2425,IMM_3,0,7,7,50-59,Male
2425,IMM_6,0,7,7,50-59,Male
2425,IMM_2,0,7,7,50-59,Male
2425,IMM_1,4,7,7,50-59,Male
2425,IMM_10,0,7,7,50-59,Male
2425,IMM_7,4,7,7,50-59,Male
2425,IMM_5,4,7,7,50-59,Male
2425,IMM_8,3,7,7,50-59,Male
2427,IMM_4,0,7,7,80+,Male
2427,IMM_7,3,7,7,80+,Male
2427,IMM_6,3,7,7,80+,Male
2427,IMM_9,2,7,7,80+,Male
2427,IMM_8,1,7,7,80+,Male
2427,IMM_5,1,7,7,80+,Male
2427,IMM_3,1,7,7,80+,Male
2427,IMM_1,3,7,7,80+,Male
2427,IMM_2,3,7,7,80+,Male
2427,IMM_10,3,7,7,80+,Male
2429,IMM_2,3,7,7,70-79,Male
2429,IMM_9,2,7,7,70-79,Male
2429,IMM_4,3,7,7,70-79,Male
2429,IMM_10,1,7,7,70-79,Male
2429,IMM_1,3,7,7,70-79,Male
2429,IMM_5,3,7,7,70-79,Male
2429,IMM_7,3,7,7,70-79,Male
2429,IMM_3,1,7,7,70-79,Male
2429,IMM_6,3,7,7,70-79,Male
2429,IMM_8,1,7,7,70-79,Male
2432,IMM_9,0,7,5,60-69,Female
2432,IMM_1,4,7,5,60-69,Female
2432,IMM_4,4,7,5,60-69,Female
2432,IMM_10,2,7,5,60-69,Female
2432,IMM_6,0,7,5,60-69,Female
2432,IMM_7,4,7,5,60-69,Female
2432,IMM_2,0,7,5,60-69,Female
2432,IMM_3,0,7,5,60-69,Female
2432,IMM_8,0,7,5,60-69,Female
2432,IMM_5,4,7,5,60-69,Female
2437,IMM_3,0,7,7,18-29,Male
2437,IMM_4,3,7,7,18-29,Male
2437,IMM_8,2,7,7,18-29,Male
2437,IMM_5,2,7,7,18-29,Male
2437,IMM_1,3,7,7,18-29,Male
2437,IMM_7,3,7,7,18-29,Male
2437,IMM_6,3,7,7,18-29,Male
2437,IMM_10,2,7,7,18-29,Male
2437,IMM_9,3,7,7,18-29,Male
2437,IMM_2,0,7,7,18-29,Male
2446,IMM_4,0,7,7,70-79,Male
2446,IMM_8,4,7,7,70-79,Male
2446,IMM_3,0,7,7,70-79,Male
2446,IMM_10,0,7,7,70-79,Male
2446,IMM_5,3,7,7,70-79,Male
2446,IMM_6,0,7,7,70-79,Male
2446,IMM_1,4,7,7,70-79,Male
2446,IMM_9,0,7,7,70-79,Male
2446,IMM_7,3,7,7,70-79,Male
2446,IMM_2,3,7,7,70-79,Male
2448,IMM_6,0,7,7,40-49,Male
2448,IMM_5,4,7,7,40-49,Male
2448,IMM_9,3,7,7,40-49,Male
2448,IMM_8,0,7,7,40-49,Male
2448,IMM_4,0,7,7,40-49,Male
2448,IMM_1,4,7,7,40-49,Male
2448,IMM_7,2,7,7,40-49,Male
2448,IMM_3,0,7,7,40-49,Male
2448,IMM_10,0,7,7,40-49,Male
2448,IMM_2,0,7,7,40-49,Male
2463,IMM_5,4,7,7,50-59,Male
2463,IMM_7,3,7,7,50-59,Male
2463,IMM_1,3,7,7,50-59,Male
2463,IMM_4,0,7,7,50-59,Male
2463,IMM_3,0,7,7,50-59,Male
2463,IMM_2,3,7,7,50-59,Male
2463,IMM_9,3,7,7,50-59,Male
2463,IMM_10,4,7,7,50-59,Male
2463,IMM_8,4,7,7,50-59,Male
2463,IMM_6,3,7,7,50-59,Male
2467,IMM_8,4,7,7,30-39,Male
2467,IMM_9,3,7,7,30-39,Male
2467,IMM_5,4,7,7,30-39,Male
2467,IMM_6,3,7,7,30-39,Male
2467,IMM_2,3,7,7,30-39,Male
2467,IMM_7,2,7,7,30-39,Male
2467,IMM_10,4,7,7,30-39,Male
2467,IMM_1,4,7,7,30-39,Male
2467,IMM_4,3,7,7,30-39,Male
2467,IMM_3,0,7,7,30-39,Male
2471,IMM_10,3,7,7,50-59,Male
2471,IMM_8,2,7,7,50-59,Male
2471,IMM_9,2,7,7,50-59,Male
2471,IMM_5,4,7,7,50-59,Male
2471,IMM_1,4,7,7,50-59,Male
2471,IMM_7,3,7,7,50-59,Male
2471,IMM_3,0,7,7,50-59,Male
2471,IMM_2,4,7,7,50-59,Male
2471,IMM_4,0,7,7,50-59,Male
2471,IMM_6,2,7,7,50-59,Male
2476,IMM_3,2,7,6,80+,Male
2476,IMM_6,3,7,6,80+,Male
2476,IMM_1,0,7,6,80+,Male
2476,IMM_7,1,7,6,80+,Male
2476,IMM_10,3,7,6,80+,Male
2476,IMM_4,0,7,6,80+,Male
2476,IMM_2,3,7,6,80+,Male
2476,IMM_8,2,7,6,80+,Male
2476,IMM_5,0,7,6,80+,Male
2476,IMM_9,2,7,6,80+,Male
2483,IMM_4,0,7,7,60-69,Male
2483,IMM_5,4,7,7,60-69,Male
2483,IMM_7,4,7,7,60-69,Male
2483,IMM_3,0,7,7,60-69,Male
2483,IMM_6,0,7,7,60-69,Male
2483,IMM_10,0,7,7,60-69,Male
2483,IMM_2,0,7,7,60-69,Male
2483,IMM_8,0,7,7,60-69,Male
2483,IMM_9,0,7,7,60-69,Male
2483,IMM_1,4,7,7,60-69,Male
2484,IMM_3,0,7,7,60-69,Male
2484,IMM_4,1,7,7,60-69,Male
2484,IMM_9,3,7,7,60-69,Male
2484,IMM_6,4,7,7,60-69,Male
2484,IMM_10,3,7,7,60-69,Male
2484,IMM_5,4,7,7,60-69,Male
2484,IMM_7,3,7,7,60-69,Male
2484,IMM_1,4,7,7,60-69,Male
2484,IMM_2,3,7,7,60-69,Male
2484,IMM_8,3,7,7,60-69,Male
2491,IMM_4,0,7,2,60-69,Male
2491,IMM_2,0,7,2,60-69,Male
2491,IMM_9,4,7,2,60-69,Male
2491,IMM_6,3,7,2,60-69,Male
2491,IMM_8,0,7,2,60-69,Male
2491,IMM_3,0,7,2,60-69,Male
2491,IMM_5,4,7,2,60-69,Male
2491,IMM_10,3,7,2,60-69,Male
2491,IMM_7,1,7,2,60-69,Male
2491,IMM_1,4,7,2,60-69,Male
2495,IMM_7,3,7,7,60-69,Male
2495,IMM_3,0,7,7,60-69,Male
2495,IMM_6,1,7,7,60-69,Male
2495,IMM_5,4,7,7,60-69,Male
2495,IMM_2,4,7,7,60-69,Male
2495,IMM_1,4,7,7,60-69,Male
2495,IMM_8,1,7,7,60-69,Male
2495,IMM_9,3,7,7,60-69,Male
2495,IMM_10,3,7,7,60-69,Male
2495,IMM_4,0,7,7,60-69,Male
2496,IMM_4,1,7,7,50-59,Male
2496,IMM_5,3,7,7,50-59,Male
2496,IMM_1,2,7,7,50-59,Male
2496,IMM_10,3,7,7,50-59,Male
2496,IMM_9,4,7,7,50-59,Male
2496,IMM_3,0,7,7,50-59,Male
2496,IMM_2,3,7,7,50-59,Male
2496,IMM_7,2,7,7,50-59,Male
2496,IMM_6,3,7,7,50-59,Male
2496,IMM_8,4,7,7,50-59,Male
2503,IMM_5,3,7,7,30-39,Male
2503,IMM_3,1,7,7,30-39,Male
2503,IMM_1,3,7,7,30-39,Male
2503,IMM_6,1,7,7,30-39,Male
2503,IMM_9,1,7,7,30-39,Male
2503,IMM_7,3,7,7,30-39,Male
2503,IMM_8,4,7,7,30-39,Male
2503,IMM_2,3,7,7,30-39,Male
2503,IMM_10,3,7,7,30-39,Male
2503,IMM_4,1,7,7,30-39,Male
2509,IMM_9,1,7,7,50-59,Male
2509,IMM_3,0,7,7,50-59,Male
2509,IMM_4,4,7,7,50-59,Male
2509,IMM_2,3,7,7,50-59,Male
2509,IMM_5,3,7,7,50-59,Male
2509,IMM_6,0,7,7,50-59,Male
2509,IMM_10,0,7,7,50-59,Male
2509,IMM_8,3,7,7,50-59,Male
2509,IMM_7,2,7,7,50-59,Male
2509,IMM_1,4,7,7,50-59,Male
2510,IMM_8,2,7,7,60-69,Male
2510,IMM_10,3,7,7,60-69,Male
2510,IMM_3,4,7,7,60-69,Male
2510,IMM_1,2,7,7,60-69,Male
2510,IMM_9,2,7,7,60-69,Male
2510,IMM_5,0,7,7,60-69,Male
2510,IMM_6,3,7,7,60-69,Male
2510,IMM_4,2,7,7,60-69,Male
2510,IMM_2,3,7,7,60-69,Male
2510,IMM_7,2,7,7,60-69,Male
2513,IMM_4,4,7,7,50-59,Male
2513,IMM_8,0,7,7,50-59,Male
2513,IMM_7,3,7,7,50-59,Male
2513,IMM_1,4,7,7,50-59,Male
2513,IMM_9,1,7,7,50-59,Male
2513,IMM_2,3,7,7,50-59,Male
2513,IMM_10,1,7,7,50-59,Male
2513,IMM_3,0,7,7,50-59,Male
2513,IMM_5,4,7,7,50-59,Male
2513,IMM_6,3,7,7,50-59,Male
2527,IMM_4,0,7,7,30-39,Male
2527,IMM_9,0,7,7,30-39,Male
2527,IMM_1,4,7,7,30-39,Male
2527,IMM_10,0,7,7,30-39,Male
2527,IMM_3,0,7,7,30-39,Male
2527,IMM_8,0,7,7,30-39,Male
2527,IMM_2,0,7,7,30-39,Male
2527,IMM_5,4,7,7,30-39,Male
2527,IMM_7,4,7,7,30-39,Male
2527,IMM_6,0,7,7,30-39,Male
2528,IMM_3,0,7,7,40-49,Male
2528,IMM_2,4,7,7,40-49,Male
2528,IMM_9,0,7,7,40-49,Male
2528,IMM_1,4,7,7,40-49,Male
2528,IMM_5,4,7,7,40-49,Male
2528,IMM_8,0,7,7,40-49,Male
2528,IMM_6,0,7,7,40-49,Male
2528,IMM_4,4,7,7,40-49,Male
2528,IMM_10,0,7,7,40-49,Male
2528,IMM_7,4,7,7,40-49,Male
2531,IMM_4,0,7,7,40-49,Male
2531,IMM_6,0,7,7,40-49,Male
2531,IMM_5,2,7,7,40-49,Male
2531,IMM_8,3,7,7,40-49,Male
2531,IMM_9,2,7,7,40-49,Male
2531,IMM_2,0,7,7,40-49,Male
2531,IMM_7,3,7,7,40-49,Male
2531,IMM_10,0,7,7,40-49,Male
2531,IMM_1,2,7,7,40-49,Male
2531,IMM_3,0,7,7,40-49,Male
2561,IMM_10,2,7,7,40-49,Male
2561,IMM_9,2,7,7,40-49,Male
2561,IMM_7,2,7,7,40-49,Male
2561,IMM_5,3,7,7,40-49,Male
2561,IMM_2,2,7,7,40-49,Male
2561,IMM_8,4,7,7,40-49,Male
2561,IMM_1,2,7,7,40-49,Male
2561,IMM_4,1,7,7,40-49,Male
2561,IMM_6,1,7,7,40-49,Male
2561,IMM_3,0,7,7,40-49,Male
2574,IMM_5,1,7,5,30-39,Male
2574,IMM_10,3,7,5,30-39,Male
2574,IMM_2,4,7,5,30-39,Male
2574,IMM_3,0,7,5,30-39,Male
2574,IMM_1,1,7,5,30-39,Male
2574,IMM_6,4,7,5,30-39,Male
2574,IMM_4,1,7,5,30-39,Male
2574,IMM_9,4,7,5,30-39,Male
2574,IMM_7,4,7,5,30-39,Male
2574,IMM_8,4,7,5,30-39,Male
2578,IMM_1,4,7,7,50-59,Male
2578,IMM_4,0,7,7,50-59,Male
2578,IMM_6,2,7,7,50-59,Male
2578,IMM_8,0,7,7,50-59,Male
2578,IMM_3,0,7,7,50-59,Male
2578,IMM_10,2,7,7,50-59,Male
2578,IMM_7,4,7,7,50-59,Male
2578,IMM_2,0,7,7,50-59,Male
2578,IMM_5,3,7,7,50-59,Male
2578,IMM_9,2,7,7,50-59,Male
2582,IMM_2,1,7,5,60-69,Male
2582,IMM_8,1,7,5,60-69,Male
2582,IMM_6,1,7,5,60-69,Male
2582,IMM_9,3,7,5,60-69,Male
2582,IMM_7,3,7,5,60-69,Male
2582,IMM_3,1,7,5,60-69,Male
2582,IMM_10,0,7,5,60-69,Male
2582,IMM_5,4,7,5,60-69,Male
2582,IMM_1,4,7,5,60-69,Male
2582,IMM_4,1,7,5,60-69,Male
2592,IMM_1,4,7,6,60-69,Male
2592,IMM_10,2,7,6,60-69,Male
2592,IMM_8,1,7,6,60-69,Male
2592,IMM_5,3,7,6,60-69,Male
2592,IMM_3,0,7,6,60-69,Male
2592,IMM_7,3,7,6,60-69,Male
2592,IMM_6,2,7,6,60-69,Male
2592,IMM_2,2,7,6,60-69,Male
2592,IMM_9,3,7,6,60-69,Male
2592,IMM_4,1,7,6,60-69,Male
2593,IMM_5,2,7,7,50-59,Male
2593,IMM_3,1,7,7,50-59,Male
2593,IMM_4,3,7,7,50-59,Male
2593,IMM_9,2,7,7,50-59,Male
2593,IMM_7,0,7,7,50-59,Male
2593,IMM_6,1,7,7,50-59,Male
2593,IMM_2,2,7,7,50-59,Male
2593,IMM_8,1,7,7,50-59,Male
2593,IMM_10,1,7,7,50-59,Male
2593,IMM_1,1,7,7,50-59,Male
2604,IMM_5,4,7,7,30-39,Male
2604,IMM_3,0,7,7,30-39,Male
2604,IMM_2,4,7,7,30-39,Male
2604,IMM_6,3,7,7,30-39,Male
2604,IMM_4,0,7,7,30-39,Male
2604,IMM_8,4,7,7,30-39,Male
2604,IMM_1,4,7,7,30-39,Male
2604,IMM_7,2,7,7,30-39,Male
2604,IMM_9,2,7,7,30-39,Male
2604,IMM_10,3,7,7,30-39,Male
2610,IMM_3,0,7,7,60-69,Male
2610,IMM_10,2,7,7,60-69,Male
2610,IMM_7,2,7,7,60-69,Male
2610,IMM_2,0,7,7,60-69,Male
2610,IMM_8,0,7,7,60-69,Male
2610,IMM_5,2,7,7,60-69,Male
2610,IMM_1,4,7,7,60-69,Male
2610,IMM_4,0,7,7,60-69,Male
2610,IMM_9,2,7,7,60-69,Male
2610,IMM_6,0,7,7,60-69,Male
2620,IMM_3,1,7,7,60-69,Male
2620,IMM_6,1,7,7,60-69,Male
2620,IMM_10,3,7,7,60-69,Male
2620,IMM_7,1,7,7,60-69,Male
2620,IMM_9,3,7,7,60-69,Male
2620,IMM_4,3,7,7,60-69,Male
2620,IMM_8,3,7,7,60-69,Male
2620,IMM_2,2,7,7,60-69,Male
2620,IMM_5,3,7,7,60-69,Male
2620,IMM_1,0,7,7,60-69,Male
